id,study,region,side,point,x,y,confidence,predicted_visible,x_true,y_true,true_visible,labeled
ee4ada78a1,2.25.269742577365511543488820993979123763373,spine,spine,th12_top,120.73,40.81,0.0774,True,,,False,True
ee4ada78a1,2.25.269742577365511543488820993979123763373,spine,spine,th12_bottom,119.88,75.18,0.1724,True,,,False,True
ee4ada78a1,2.25.269742577365511543488820993979123763373,spine,spine,l1_center,120.88,94.07,0.1534,True,118.77,58.75,True,True
ee4ada78a1,2.25.269742577365511543488820993979123763373,spine,spine,l2_center,126.44,139.66,0.2661,True,117.13,96.84,True,True
ee4ada78a1,2.25.269742577365511543488820993979123763373,spine,spine,l3_center,135.42,187.83,0.1702,True,126.96,136.97,True,True
ee4ada78a1,2.25.269742577365511543488820993979123763373,spine,spine,l4_center,147.74,243.28,0.1194,True,134.34,187.35,True,True
ee4ada78a1,2.25.269742577365511543488820993979123763373,spine,spine,iliac_right,37.47,274.65,0.1505,True,40.14,274.17,True,True
ee4ada78a1,2.25.269742577365511543488820993979123763373,spine,spine,iliac_left,278.94,257.52,0.1238,True,257.2,259.83,True,True
ee4ada78a1,2.25.269742577365511543488820993979123763373,spine,spine,disc_th12_l1,119.85,78.12,0.1992,True,120.39,36.82,True,True
ee4ada78a1,2.25.269742577365511543488820993979123763373,spine,spine,disc_l1_l2,123.28,117.74,0.238,False,118.84,81.14,True,True
ee4ada78a1,2.25.269742577365511543488820993979123763373,spine,spine,disc_l2_l3,129.33,161.86,0.2182,True,122.72,121.02,True,True
ee4ada78a1,2.25.269742577365511543488820993979123763373,spine,spine,disc_l3_l4,142.28,215.7,0.0897,True,130.65,160.7,True,True
ee4ada78a1,2.25.269742577365511543488820993979123763373,spine,spine,disc_l4_l5,149.83,273.39,0.0927,True,140.17,215.34,True,True
ee4ada78a1,2.25.269742577365511543488820993979123763373,spine,spine,l1_edge_right,88.95,98.85,0.2603,True,88.76,57.89,True,True
ee4ada78a1,2.25.269742577365511543488820993979123763373,spine,spine,l1_edge_left,150.44,91.91,0.2293,True,148.37,59.25,True,True
ee4ada78a1,2.25.269742577365511543488820993979123763373,spine,spine,l2_edge_right,93.9,144.73,0.2407,True,88.56,98.54,True,True
ee4ada78a1,2.25.269742577365511543488820993979123763373,spine,spine,l2_edge_left,157.46,135.16,0.1975,True,148.76,95.44,True,True
ee4ada78a1,2.25.269742577365511543488820993979123763373,spine,spine,l3_edge_right,103.24,195.84,0.2521,True,94.67,142.01,True,True
ee4ada78a1,2.25.269742577365511543488820993979123763373,spine,spine,l3_edge_left,167.79,182.53,0.2016,True,157.82,133.18,True,True
ee4ada78a1,2.25.269742577365511543488820993979123763373,spine,spine,l4_edge_right,112.89,248.01,0.1615,True,102.44,192.39,True,True
ee4ada78a1,2.25.269742577365511543488820993979123763373,spine,spine,l4_edge_left,182.58,241.03,0.1691,True,168.41,182.21,True,True
ee4ada78a1,2.25.269742577365511543488820993979123763373,spine,spine,trochanter_major,37.43,274.51,0.0624,True,,,False,False
ee4ada78a1,2.25.269742577365511543488820993979123763373,spine,spine,trochanter_lateral,278.92,257.74,0.0394,False,,,False,False
ee4ada78a1,2.25.269742577365511543488820993979123763373,spine,spine,trochanter_minor,126.57,139.39,0.0828,False,,,False,False
ee4ada78a1,2.25.269742577365511543488820993979123763373,spine,spine,femoral_head_center,129.15,157.96,0.0386,False,,,False,False
ee4ada78a1,2.25.269742577365511543488820993979123763373,spine,spine,neck_center,123.77,10.35,0.018,False,,,False,False
ee4ada78a1,2.25.269742577365511543488820993979123763373,spine,spine,ischium_bottom,150.0,273.16,0.0341,False,,,False,False
ee4ada78a1,2.25.269742577365511543488820993979123763373,spine,spine,shaft_lateral,121.12,84.58,0.0348,False,,,False,False
ee4ada78a1,2.25.269742577365511543488820993979123763373,spine,spine,shaft_medial,123.22,118.1,0.0941,False,,,False,False
3560db5887,2.25.13325817932854000792938662637654885530,spine,spine,th12_top,139.04,39.63,0.0236,False,,,False,True
3560db5887,2.25.13325817932854000792938662637654885530,spine,spine,th12_bottom,137.41,31.04,0.2857,True,135.73,32.95,True,True
3560db5887,2.25.13325817932854000792938662637654885530,spine,spine,l1_center,140.99,57.74,0.2397,True,139.95,54.84,True,True
3560db5887,2.25.13325817932854000792938662637654885530,spine,spine,l2_center,148.39,110.8,0.293,True,149.45,111.37,True,True
3560db5887,2.25.13325817932854000792938662637654885530,spine,spine,l3_center,156.27,164.08,0.2723,True,156.66,163.55,True,True
3560db5887,2.25.13325817932854000792938662637654885530,spine,spine,l4_center,155.13,223.36,0.1684,True,153.05,221.9,True,True
3560db5887,2.25.13325817932854000792938662637654885530,spine,spine,iliac_right,10.68,222.02,0.0538,True,7.98,220.19,True,True
3560db5887,2.25.13325817932854000792938662637654885530,spine,spine,iliac_left,258.86,219.44,0.1176,True,258.18,219.13,True,True
3560db5887,2.25.13325817932854000792938662637654885530,spine,spine,disc_th12_l1,137.9,34.76,0.3375,True,135.7,35.55,True,True
3560db5887,2.25.13325817932854000792938662637654885530,spine,spine,disc_l1_l2,144.28,83.66,0.2568,True,142.58,83.74,True,True
3560db5887,2.25.13325817932854000792938662637654885530,spine,spine,disc_l2_l3,152.39,135.38,0.2397,True,155.01,134.42,True,True
3560db5887,2.25.13325817932854000792938662637654885530,spine,spine,disc_l3_l4,156.88,191.43,0.2955,True,155.47,190.74,True,True
3560db5887,2.25.13325817932854000792938662637654885530,spine,spine,disc_l4_l5,153.17,252.67,0.0653,True,151.41,251.14,True,True
3560db5887,2.25.13325817932854000792938662637654885530,spine,spine,l1_edge_right,107.46,61.09,0.4217,True,105.4,60.73,True,True
3560db5887,2.25.13325817932854000792938662637654885530,spine,spine,l1_edge_left,172.61,54.61,0.3722,True,173.52,55.24,True,True
3560db5887,2.25.13325817932854000792938662637654885530,spine,spine,l2_edge_right,115.91,116.73,0.194,True,115.07,115.82,True,True
3560db5887,2.25.13325817932854000792938662637654885530,spine,spine,l2_edge_left,182.16,108.19,0.2531,True,184.22,107.84,True,True
3560db5887,2.25.13325817932854000792938662637654885530,spine,spine,l3_edge_right,122.61,168.25,0.3413,True,120.6,165.17,True,True
3560db5887,2.25.13325817932854000792938662637654885530,spine,spine,l3_edge_left,191.84,162.87,0.3174,True,192.54,158.63,True,True
3560db5887,2.25.13325817932854000792938662637654885530,spine,spine,l4_edge_right,119.07,215.46,0.0993,True,107.54,215.52,True,True
3560db5887,2.25.13325817932854000792938662637654885530,spine,spine,l4_edge_left,193.22,221.2,0.2899,True,194.9,223.74,True,True
3560db5887,2.25.13325817932854000792938662637654885530,spine,spine,trochanter_major,9.83,221.83,0.0297,False,,,False,False
3560db5887,2.25.13325817932854000792938662637654885530,spine,spine,trochanter_lateral,259.02,219.73,0.0381,False,,,False,False
3560db5887,2.25.13325817932854000792938662637654885530,spine,spine,trochanter_minor,148.91,111.07,0.078,False,,,False,False
3560db5887,2.25.13325817932854000792938662637654885530,spine,spine,femoral_head_center,152.02,131.82,0.0435,False,,,False,False
3560db5887,2.25.13325817932854000792938662637654885530,spine,spine,neck_center,138.33,3.53,0.0168,False,,,False,False
3560db5887,2.25.13325817932854000792938662637654885530,spine,spine,ischium_bottom,153.18,252.69,0.0248,False,,,False,False
3560db5887,2.25.13325817932854000792938662637654885530,spine,spine,shaft_lateral,196.28,231.31,0.0225,False,,,False,False
3560db5887,2.25.13325817932854000792938662637654885530,spine,spine,shaft_medial,144.23,84.07,0.126,False,,,False,False
da237df3c1,2.25.114887542067602662452692698814728642117,spine,spine,th12_top,139.26,7.2,0.0654,True,141.32,3.93,True,True
da237df3c1,2.25.114887542067602662452692698814728642117,spine,spine,th12_bottom,147.03,43.83,0.1846,True,147.39,43.04,True,True
da237df3c1,2.25.114887542067602662452692698814728642117,spine,spine,l1_center,150.79,72.46,0.2507,True,151.8,71.44,True,True
da237df3c1,2.25.114887542067602662452692698814728642117,spine,spine,l2_center,155.24,122.74,0.3505,True,154.58,120.46,True,True
da237df3c1,2.25.114887542067602662452692698814728642117,spine,spine,l3_center,154.88,182.02,0.2943,True,153.96,181.8,True,True
da237df3c1,2.25.114887542067602662452692698814728642117,spine,spine,l4_center,153.95,240.79,0.2179,True,154.58,239.52,True,True
da237df3c1,2.25.114887542067602662452692698814728642117,spine,spine,iliac_right,12.11,276.33,0.0727,True,9.27,275.61,True,True
da237df3c1,2.25.114887542067602662452692698814728642117,spine,spine,iliac_left,288.99,259.43,0.142,True,288.02,258.97,True,True
da237df3c1,2.25.114887542067602662452692698814728642117,spine,spine,disc_th12_l1,147.56,49.5,0.2818,True,146.75,49.48,True,True
da237df3c1,2.25.114887542067602662452692698814728642117,spine,spine,disc_l1_l2,153.39,95.84,0.2389,False,154.19,98.56,True,True
da237df3c1,2.25.114887542067602662452692698814728642117,spine,spine,disc_l2_l3,155.38,151.04,0.2657,True,155.21,149.17,True,True
da237df3c1,2.25.114887542067602662452692698814728642117,spine,spine,disc_l3_l4,154.85,209.52,0.2771,True,156.74,207.58,True,True
da237df3c1,2.25.114887542067602662452692698814728642117,spine,spine,disc_l4_l5,153.72,272.02,0.1535,True,154.22,274.28,True,True
da237df3c1,2.25.114887542067602662452692698814728642117,spine,spine,l1_edge_right,114.65,74.45,0.3173,True,116.61,77.9,True,True
da237df3c1,2.25.114887542067602662452692698814728642117,spine,spine,l1_edge_left,187.51,70.02,0.2588,True,191.54,70.82,True,True
da237df3c1,2.25.114887542067602662452692698814728642117,spine,spine,l2_edge_right,116.13,127.18,0.3077,True,115.01,126.1,True,True
da237df3c1,2.25.114887542067602662452692698814728642117,spine,spine,l2_edge_left,193.85,125.08,0.3448,True,195.88,122.9,True,True
da237df3c1,2.25.114887542067602662452692698814728642117,spine,spine,l3_edge_right,114.68,181.67,0.3436,True,113.4,179.7,True,True
da237df3c1,2.25.114887542067602662452692698814728642117,spine,spine,l3_edge_left,194.59,182.69,0.2565,True,196.2,181.56,True,True
da237df3c1,2.25.114887542067602662452692698814728642117,spine,spine,l4_edge_right,109.71,243.83,0.2771,True,109.73,241.09,True,True
da237df3c1,2.25.114887542067602662452692698814728642117,spine,spine,l4_edge_left,195.16,242.39,0.1844,True,196.44,240.89,True,True
da237df3c1,2.25.114887542067602662452692698814728642117,spine,spine,trochanter_major,10.39,276.12,0.0327,False,,,False,False
da237df3c1,2.25.114887542067602662452692698814728642117,spine,spine,trochanter_lateral,289.16,260.0,0.0351,False,,,False,False
da237df3c1,2.25.114887542067602662452692698814728642117,spine,spine,trochanter_minor,155.7,122.43,0.0772,False,,,False,False
da237df3c1,2.25.114887542067602662452692698814728642117,spine,spine,femoral_head_center,156.46,147.21,0.0447,False,,,False,False
da237df3c1,2.25.114887542067602662452692698814728642117,spine,spine,neck_center,82.98,7.94,0.0183,False,,,False,False
da237df3c1,2.25.114887542067602662452692698814728642117,spine,spine,ischium_bottom,154.07,272.25,0.03,False,,,False,False
da237df3c1,2.25.114887542067602662452692698814728642117,spine,spine,shaft_lateral,149.0,58.07,0.0273,False,,,False,False
da237df3c1,2.25.114887542067602662452692698814728642117,spine,spine,shaft_medial,153.32,96.11,0.0756,False,,,False,False
fe44118026,2.25.173731186748227489808861376513577450951,hip,lhip,th12_top,93.45,110.1,0.03,False,,,False,False
fe44118026,2.25.173731186748227489808861376513577450951,hip,lhip,th12_bottom,62.21,92.39,0.0341,False,,,False,False
fe44118026,2.25.173731186748227489808861376513577450951,hip,lhip,l1_center,91.79,107.3,0.0376,False,,,False,False
fe44118026,2.25.173731186748227489808861376513577450951,hip,lhip,l2_center,102.17,179.07,0.0527,False,,,False,False
fe44118026,2.25.173731186748227489808861376513577450951,hip,lhip,l3_center,77.86,17.79,0.0164,False,,,False,False
fe44118026,2.25.173731186748227489808861376513577450951,hip,lhip,l4_center,142.88,74.21,0.0193,False,,,False,False
fe44118026,2.25.173731186748227489808861376513577450951,hip,lhip,iliac_right,143.96,75.79,0.038,False,,,False,False
fe44118026,2.25.173731186748227489808861376513577450951,hip,lhip,iliac_left,176.93,124.63,0.0549,False,,,False,False
fe44118026,2.25.173731186748227489808861376513577450951,hip,lhip,disc_th12_l1,144.02,75.83,0.0451,False,,,False,False
fe44118026,2.25.173731186748227489808861376513577450951,hip,lhip,disc_l1_l2,110.95,177.84,0.0359,False,,,False,False
fe44118026,2.25.173731186748227489808861376513577450951,hip,lhip,disc_l2_l3,69.98,89.81,0.0142,False,,,False,False
fe44118026,2.25.173731186748227489808861376513577450951,hip,lhip,disc_l3_l4,61.03,92.23,0.0173,False,,,False,False
fe44118026,2.25.173731186748227489808861376513577450951,hip,lhip,disc_l4_l5,143.93,72.46,0.0186,False,,,False,False
fe44118026,2.25.173731186748227489808861376513577450951,hip,lhip,l1_edge_right,176.95,125.43,0.0245,False,,,False,False
fe44118026,2.25.173731186748227489808861376513577450951,hip,lhip,l1_edge_left,111.32,178.81,0.0259,False,,,False,False
fe44118026,2.25.173731186748227489808861376513577450951,hip,lhip,l2_edge_right,170.37,188.25,0.017,False,,,False,False
fe44118026,2.25.173731186748227489808861376513577450951,hip,lhip,l2_edge_left,144.27,76.14,0.0248,False,,,False,False
fe44118026,2.25.173731186748227489808861376513577450951,hip,lhip,l3_edge_right,69.38,95.34,0.0189,False,,,False,False
fe44118026,2.25.173731186748227489808861376513577450951,hip,lhip,l3_edge_left,35.11,114.07,0.0201,False,,,False,False
fe44118026,2.25.173731186748227489808861376513577450951,hip,lhip,l4_edge_right,142.38,76.5,0.0137,False,,,False,False
fe44118026,2.25.173731186748227489808861376513577450951,hip,lhip,l4_edge_left,100.86,176.56,0.0217,False,,,False,False
fe44118026,2.25.173731186748227489808861376513577450951,hip,lhip,trochanter_major,144.21,75.48,0.2106,True,144.5,73.62,True,True
fe44118026,2.25.173731186748227489808861376513577450951,hip,lhip,trochanter_lateral,176.85,124.51,0.201,True,176.84,118.46,True,True
fe44118026,2.25.173731186748227489808861376513577450951,hip,lhip,trochanter_minor,102.4,178.52,0.2509,True,101.25,178.28,True,True
fe44118026,2.25.173731186748227489808861376513577450951,hip,lhip,femoral_head_center,67.99,91.01,0.1972,True,69.07,92.0,True,True
fe44118026,2.25.173731186748227489808861376513577450951,hip,lhip,neck_center,93.19,107.07,0.2423,True,97.33,109.36,True,True
fe44118026,2.25.173731186748227489808861376513577450951,hip,lhip,ischium_bottom,24.8,185.67,0.343,True,24.33,186.77,True,True
fe44118026,2.25.173731186748227489808861376513577450951,hip,lhip,shaft_lateral,166.11,174.86,0.1253,True,165.28,170.88,True,True
fe44118026,2.25.173731186748227489808861376513577450951,hip,lhip,shaft_medial,111.81,177.71,0.2773,True,112.49,176.47,True,True
230290182b,2.25.157462338378550185821790046400986801350,hip,rhip,th12_top,121.79,108.18,0.0311,False,,,False,False
230290182b,2.25.157462338378550185821790046400986801350,hip,rhip,th12_bottom,93.71,87.48,0.0246,False,,,False,False
230290182b,2.25.157462338378550185821790046400986801350,hip,rhip,l1_center,121.67,105.18,0.0385,False,,,False,False
230290182b,2.25.157462338378550185821790046400986801350,hip,rhip,l2_center,113.05,174.35,0.069,False,,,False,False
230290182b,2.25.157462338378550185821790046400986801350,hip,rhip,l3_center,153.22,214.04,0.016,False,,,False,False
230290182b,2.25.157462338378550185821790046400986801350,hip,rhip,l4_center,170.57,76.3,0.0189,False,,,False,False
230290182b,2.25.157462338378550185821790046400986801350,hip,rhip,iliac_right,173.69,78.47,0.0474,True,,,False,False
230290182b,2.25.157462338378550185821790046400986801350,hip,rhip,iliac_left,200.77,127.65,0.0562,False,,,False,False
230290182b,2.25.157462338378550185821790046400986801350,hip,rhip,disc_th12_l1,173.84,78.34,0.042,False,,,False,False
230290182b,2.25.157462338378550185821790046400986801350,hip,rhip,disc_l1_l2,127.74,176.51,0.0261,False,,,False,False
230290182b,2.25.157462338378550185821790046400986801350,hip,rhip,disc_l2_l3,103.86,4.33,0.0192,False,,,False,False
230290182b,2.25.157462338378550185821790046400986801350,hip,rhip,disc_l3_l4,168.83,224.85,0.0164,False,,,False,False
230290182b,2.25.157462338378550185821790046400986801350,hip,rhip,disc_l4_l5,173.87,76.77,0.0208,False,,,False,False
230290182b,2.25.157462338378550185821790046400986801350,hip,rhip,l1_edge_right,201.1,127.84,0.0261,False,,,False,False
230290182b,2.25.157462338378550185821790046400986801350,hip,rhip,l1_edge_left,128.06,177.02,0.0382,False,,,False,False
230290182b,2.25.157462338378550185821790046400986801350,hip,rhip,l2_edge_right,56.9,110.34,0.0202,False,,,False,False
230290182b,2.25.157462338378550185821790046400986801350,hip,rhip,l2_edge_left,112.35,171.42,0.0223,False,,,False,False
230290182b,2.25.157462338378550185821790046400986801350,hip,rhip,l3_edge_right,100.1,93.22,0.0188,False,,,False,False
230290182b,2.25.157462338378550185821790046400986801350,hip,rhip,l3_edge_left,120.59,28.01,0.0189,False,,,False,False
230290182b,2.25.157462338378550185821790046400986801350,hip,rhip,l4_edge_right,120.78,151.84,0.0151,False,,,False,False
230290182b,2.25.157462338378550185821790046400986801350,hip,rhip,l4_edge_left,118.05,107.99,0.0172,False,,,False,False
230290182b,2.25.157462338378550185821790046400986801350,hip,rhip,trochanter_major,174.06,78.85,0.2383,True,171.91,78.76,True,True
230290182b,2.25.157462338378550185821790046400986801350,hip,rhip,trochanter_lateral,200.48,127.52,0.2109,True,199.25,127.9,True,True
230290182b,2.25.157462338378550185821790046400986801350,hip,rhip,trochanter_minor,112.66,174.47,0.2275,True,110.58,172.85,True,True
230290182b,2.25.157462338378550185821790046400986801350,hip,rhip,femoral_head_center,98.22,86.95,0.2092,True,99.37,83.98,True,True
230290182b,2.25.157462338378550185821790046400986801350,hip,rhip,neck_center,122.61,105.25,0.2545,True,121.25,104.96,True,True
230290182b,2.25.157462338378550185821790046400986801350,hip,rhip,ischium_bottom,63.85,181.68,0.2105,True,63.05,180.99,True,True
230290182b,2.25.157462338378550185821790046400986801350,hip,rhip,shaft_lateral,180.47,176.06,0.1416,True,181.28,172.73,True,True
230290182b,2.25.157462338378550185821790046400986801350,hip,rhip,shaft_medial,127.79,175.81,0.2606,True,127.92,173.6,True,True
4aaa3dcaa7,2.25.52982400970721161435951723390541696819,hip,lhip,th12_top,127.9,123.1,0.0311,False,,,False,False
4aaa3dcaa7,2.25.52982400970721161435951723390541696819,hip,lhip,th12_bottom,96.71,108.17,0.0321,False,,,False,False
4aaa3dcaa7,2.25.52982400970721161435951723390541696819,hip,lhip,l1_center,127.74,120.04,0.0378,False,,,False,False
4aaa3dcaa7,2.25.52982400970721161435951723390541696819,hip,lhip,l2_center,134.21,187.35,0.0685,False,,,False,False
4aaa3dcaa7,2.25.52982400970721161435951723390541696819,hip,lhip,l3_center,179.0,75.79,0.0161,False,,,False,False
4aaa3dcaa7,2.25.52982400970721161435951723390541696819,hip,lhip,l4_center,180.51,80.53,0.0207,False,,,False,False
4aaa3dcaa7,2.25.52982400970721161435951723390541696819,hip,lhip,iliac_right,180.89,81.61,0.0456,True,,,False,False
4aaa3dcaa7,2.25.52982400970721161435951723390541696819,hip,lhip,iliac_left,217.06,132.58,0.053,False,,,False,False
4aaa3dcaa7,2.25.52982400970721161435951723390541696819,hip,lhip,disc_th12_l1,181.41,81.29,0.0476,False,,,False,False
4aaa3dcaa7,2.25.52982400970721161435951723390541696819,hip,lhip,disc_l1_l2,145.59,186.16,0.0389,False,,,False,False
4aaa3dcaa7,2.25.52982400970721161435951723390541696819,hip,lhip,disc_l2_l3,102.71,103.83,0.0166,False,,,False,False
4aaa3dcaa7,2.25.52982400970721161435951723390541696819,hip,lhip,disc_l3_l4,94.02,108.28,0.0209,False,,,False,False
4aaa3dcaa7,2.25.52982400970721161435951723390541696819,hip,lhip,disc_l4_l5,181.03,79.84,0.0248,False,,,False,False
4aaa3dcaa7,2.25.52982400970721161435951723390541696819,hip,lhip,l1_edge_right,217.19,133.38,0.0262,False,,,False,False
4aaa3dcaa7,2.25.52982400970721161435951723390541696819,hip,lhip,l1_edge_left,146.95,187.7,0.0303,False,,,False,False
4aaa3dcaa7,2.25.52982400970721161435951723390541696819,hip,lhip,l2_edge_right,163.91,99.76,0.0215,False,,,False,False
4aaa3dcaa7,2.25.52982400970721161435951723390541696819,hip,lhip,l2_edge_left,133.96,182.68,0.0212,False,,,False,False
4aaa3dcaa7,2.25.52982400970721161435951723390541696819,hip,lhip,l3_edge_right,102.89,111.18,0.0239,False,,,False,False
4aaa3dcaa7,2.25.52982400970721161435951723390541696819,hip,lhip,l3_edge_left,69.07,91.83,0.0214,False,,,False,False
4aaa3dcaa7,2.25.52982400970721161435951723390541696819,hip,lhip,l4_edge_right,181.2,79.45,0.0148,False,,,False,False
4aaa3dcaa7,2.25.52982400970721161435951723390541696819,hip,lhip,l4_edge_left,102.32,154.82,0.0187,False,,,False,False
4aaa3dcaa7,2.25.52982400970721161435951723390541696819,hip,lhip,trochanter_major,181.21,81.87,0.3153,True,181.73,81.45,True,True
4aaa3dcaa7,2.25.52982400970721161435951723390541696819,hip,lhip,trochanter_lateral,217.07,132.48,0.186,True,217.3,133.39,True,True
4aaa3dcaa7,2.25.52982400970721161435951723390541696819,hip,lhip,trochanter_minor,133.76,187.0,0.2118,True,130.2,181.88,True,True
4aaa3dcaa7,2.25.52982400970721161435951723390541696819,hip,lhip,femoral_head_center,100.86,105.61,0.2334,True,94.08,102.28,True,True
4aaa3dcaa7,2.25.52982400970721161435951723390541696819,hip,lhip,neck_center,128.82,119.99,0.2808,True,127.63,119.06,True,True
4aaa3dcaa7,2.25.52982400970721161435951723390541696819,hip,lhip,ischium_bottom,59.26,200.96,0.1154,True,51.9,201.26,True,True
4aaa3dcaa7,2.25.52982400970721161435951723390541696819,hip,lhip,shaft_lateral,204.84,180.08,0.1396,True,204.55,177.91,True,True
4aaa3dcaa7,2.25.52982400970721161435951723390541696819,hip,lhip,shaft_medial,146.01,186.03,0.2815,True,144.45,180.77,True,True
57ab2f04d2,2.25.10245777060263212829333021434108890537,hip,lhip,th12_top,86.61,116.16,0.0284,False,,,False,False
57ab2f04d2,2.25.10245777060263212829333021434108890537,hip,lhip,th12_bottom,51.71,97.0,0.0274,False,,,False,False
57ab2f04d2,2.25.10245777060263212829333021434108890537,hip,lhip,l1_center,85.8,113.23,0.0375,False,,,False,False
57ab2f04d2,2.25.10245777060263212829333021434108890537,hip,lhip,l2_center,81.29,189.86,0.059,False,,,False,False
57ab2f04d2,2.25.10245777060263212829333021434108890537,hip,lhip,l3_center,130.2,232.07,0.0232,False,,,False,False
57ab2f04d2,2.25.10245777060263212829333021434108890537,hip,lhip,l4_center,146.8,75.5,0.0222,False,,,False,False
57ab2f04d2,2.25.10245777060263212829333021434108890537,hip,lhip,iliac_right,148.72,76.09,0.0724,True,,,False,False
57ab2f04d2,2.25.10245777060263212829333021434108890537,hip,lhip,iliac_left,179.9,133.64,0.0648,False,,,False,False
57ab2f04d2,2.25.10245777060263212829333021434108890537,hip,lhip,disc_th12_l1,148.86,76.39,0.0609,False,,,False,False
57ab2f04d2,2.25.10245777060263212829333021434108890537,hip,lhip,disc_l1_l2,94.32,187.17,0.0357,False,,,False,False
57ab2f04d2,2.25.10245777060263212829333021434108890537,hip,lhip,disc_l2_l3,129.25,230.96,0.0163,False,,,False,False
57ab2f04d2,2.25.10245777060263212829333021434108890537,hip,lhip,disc_l3_l4,58.32,21.82,0.021,False,,,False,False
57ab2f04d2,2.25.10245777060263212829333021434108890537,hip,lhip,disc_l4_l5,149.51,74.71,0.0226,False,,,False,False
57ab2f04d2,2.25.10245777060263212829333021434108890537,hip,lhip,l1_edge_right,180.03,133.72,0.0272,False,,,False,False
57ab2f04d2,2.25.10245777060263212829333021434108890537,hip,lhip,l1_edge_left,95.22,189.37,0.0381,False,,,False,False
57ab2f04d2,2.25.10245777060263212829333021434108890537,hip,lhip,l2_edge_right,8.61,132.04,0.0189,False,,,False,False
57ab2f04d2,2.25.10245777060263212829333021434108890537,hip,lhip,l2_edge_left,144.19,267.99,0.0196,False,,,False,False
57ab2f04d2,2.25.10245777060263212829333021434108890537,hip,lhip,l3_edge_right,57.09,100.24,0.0219,False,,,False,False
57ab2f04d2,2.25.10245777060263212829333021434108890537,hip,lhip,l3_edge_left,64.16,117.41,0.0194,False,,,False,False
57ab2f04d2,2.25.10245777060263212829333021434108890537,hip,lhip,l4_edge_right,125.37,109.09,0.0198,False,,,False,False
57ab2f04d2,2.25.10245777060263212829333021434108890537,hip,lhip,l4_edge_left,81.98,114.61,0.0176,False,,,False,False
57ab2f04d2,2.25.10245777060263212829333021434108890537,hip,lhip,trochanter_major,149.08,76.94,0.354,True,150.16,75.72,True,True
57ab2f04d2,2.25.10245777060263212829333021434108890537,hip,lhip,trochanter_lateral,179.83,133.18,0.2396,True,180.15,133.8,True,True
57ab2f04d2,2.25.10245777060263212829333021434108890537,hip,lhip,trochanter_minor,81.01,189.12,0.248,True,82.2,191.13,True,True
57ab2f04d2,2.25.10245777060263212829333021434108890537,hip,lhip,femoral_head_center,56.57,95.42,0.2282,True,60.18,98.5,True,True
57ab2f04d2,2.25.10245777060263212829333021434108890537,hip,lhip,neck_center,87.11,113.09,0.241,True,90.55,115.58,True,True
57ab2f04d2,2.25.10245777060263212829333021434108890537,hip,lhip,ischium_bottom,3.09,194.25,0.0575,False,1.34,194.55,True,True
57ab2f04d2,2.25.10245777060263212829333021434108890537,hip,lhip,shaft_lateral,162.34,185.13,0.1314,True,162.87,185.15,True,True
57ab2f04d2,2.25.10245777060263212829333021434108890537,hip,lhip,shaft_medial,94.93,188.26,0.2872,True,95.37,189.16,True,True
4b1248cc7d,2.25.190807933410234695931591553323782771995,hip,lhip,th12_top,146.68,123.02,0.0296,False,,,False,False
4b1248cc7d,2.25.190807933410234695931591553323782771995,hip,lhip,th12_bottom,119.9,102.75,0.0236,False,,,False,False
4b1248cc7d,2.25.190807933410234695931591553323782771995,hip,lhip,l1_center,146.45,119.91,0.0421,False,,,False,False
4b1248cc7d,2.25.190807933410234695931591553323782771995,hip,lhip,l2_center,139.08,184.33,0.064,False,,,False,False
4b1248cc7d,2.25.190807933410234695931591553323782771995,hip,lhip,l3_center,118.46,86.47,0.02,False,,,False,False
4b1248cc7d,2.25.190807933410234695931591553323782771995,hip,lhip,l4_center,200.74,99.87,0.0195,False,,,False,False
4b1248cc7d,2.25.190807933410234695931591553323782771995,hip,lhip,iliac_right,13.78,68.83,0.0888,True,,,False,False
4b1248cc7d,2.25.190807933410234695931591553323782771995,hip,lhip,iliac_left,226.09,152.48,0.0461,False,,,False,False
4b1248cc7d,2.25.190807933410234695931591553323782771995,hip,lhip,disc_th12_l1,200.54,101.7,0.0445,False,,,False,False
4b1248cc7d,2.25.190807933410234695931591553323782771995,hip,lhip,disc_l1_l2,148.73,182.88,0.0358,False,,,False,False
4b1248cc7d,2.25.190807933410234695931591553323782771995,hip,lhip,disc_l2_l3,125.97,99.85,0.013,False,,,False,False
4b1248cc7d,2.25.190807933410234695931591553323782771995,hip,lhip,disc_l3_l4,127.1,44.0,0.0207,False,,,False,False
4b1248cc7d,2.25.190807933410234695931591553323782771995,hip,lhip,disc_l4_l5,203.36,98.39,0.0205,False,,,False,False
4b1248cc7d,2.25.190807933410234695931591553323782771995,hip,lhip,l1_edge_right,226.18,152.64,0.0231,False,,,False,False
4b1248cc7d,2.25.190807933410234695931591553323782771995,hip,lhip,l1_edge_left,149.38,185.83,0.0355,False,,,False,False
4b1248cc7d,2.25.190807933410234695931591553323782771995,hip,lhip,l2_edge_right,25.93,106.21,0.0331,False,,,False,False
4b1248cc7d,2.25.190807933410234695931591553323782771995,hip,lhip,l2_edge_left,200.7,101.99,0.0232,False,,,False,False
4b1248cc7d,2.25.190807933410234695931591553323782771995,hip,lhip,l3_edge_right,124.05,106.3,0.0245,False,,,False,False
4b1248cc7d,2.25.190807933410234695931591553323782771995,hip,lhip,l3_edge_left,42.06,104.39,0.0242,False,,,False,False
4b1248cc7d,2.25.190807933410234695931591553323782771995,hip,lhip,l4_edge_right,45.44,114.57,0.0137,False,,,False,False
4b1248cc7d,2.25.190807933410234695931591553323782771995,hip,lhip,l4_edge_left,142.1,120.38,0.0212,False,,,False,False
4b1248cc7d,2.25.190807933410234695931591553323782771995,hip,lhip,trochanter_major,201.93,101.28,0.2439,True,197.99,101.16,True,True
4b1248cc7d,2.25.190807933410234695931591553323782771995,hip,lhip,trochanter_lateral,225.95,152.27,0.1565,True,225.7,148.61,True,True
4b1248cc7d,2.25.190807933410234695931591553323782771995,hip,lhip,trochanter_minor,139.34,183.99,0.2721,True,139.53,186.57,True,True
4b1248cc7d,2.25.190807933410234695931591553323782771995,hip,lhip,femoral_head_center,123.52,101.09,0.2603,True,123.96,99.26,True,True
4b1248cc7d,2.25.190807933410234695931591553323782771995,hip,lhip,neck_center,147.24,119.77,0.2449,True,151.67,123.17,True,True
4b1248cc7d,2.25.190807933410234695931591553323782771995,hip,lhip,ischium_bottom,69.12,199.0,0.1732,True,69.67,198.72,True,True
4b1248cc7d,2.25.190807933410234695931591553323782771995,hip,lhip,shaft_lateral,206.06,194.71,0.1273,True,207.73,187.64,True,True
4b1248cc7d,2.25.190807933410234695931591553323782771995,hip,lhip,shaft_medial,149.4,184.77,0.2557,True,151.07,186.5,True,True
c0cd3ae60f,2.25.66397484472966116002950503539482860450,hip,lhip,th12_top,121.92,99.06,0.0258,False,,,False,False
c0cd3ae60f,2.25.66397484472966116002950503539482860450,hip,lhip,th12_bottom,151.82,95.86,0.0309,False,,,False,False
c0cd3ae60f,2.25.66397484472966116002950503539482860450,hip,lhip,l1_center,121.63,96.07,0.0351,False,,,False,False
c0cd3ae60f,2.25.66397484472966116002950503539482860450,hip,lhip,l2_center,132.11,172.52,0.0429,False,,,False,False
c0cd3ae60f,2.25.66397484472966116002950503539482860450,hip,lhip,l3_center,175.4,213.99,0.0179,False,,,False,False
c0cd3ae60f,2.25.66397484472966116002950503539482860450,hip,lhip,l4_center,168.24,59.18,0.0173,False,,,False,False
c0cd3ae60f,2.25.66397484472966116002950503539482860450,hip,lhip,iliac_right,170.78,61.61,0.0425,True,,,False,False
c0cd3ae60f,2.25.66397484472966116002950503539482860450,hip,lhip,iliac_left,205.75,119.96,0.0599,False,,,False,False
c0cd3ae60f,2.25.66397484472966116002950503539482860450,hip,lhip,disc_th12_l1,170.59,60.62,0.0299,False,,,False,False
c0cd3ae60f,2.25.66397484472966116002950503539482860450,hip,lhip,disc_l1_l2,143.68,170.26,0.0268,False,,,False,False
c0cd3ae60f,2.25.66397484472966116002950503539482860450,hip,lhip,disc_l2_l3,102.92,81.86,0.0118,False,,,False,False
c0cd3ae60f,2.25.66397484472966116002950503539482860450,hip,lhip,disc_l3_l4,151.89,95.18,0.0187,False,,,False,False
c0cd3ae60f,2.25.66397484472966116002950503539482860450,hip,lhip,disc_l4_l5,171.38,59.18,0.0155,False,,,False,False
c0cd3ae60f,2.25.66397484472966116002950503539482860450,hip,lhip,l1_edge_right,206.18,120.12,0.0267,False,,,False,False
c0cd3ae60f,2.25.66397484472966116002950503539482860450,hip,lhip,l1_edge_left,131.99,26.52,0.0311,False,,,False,False
c0cd3ae60f,2.25.66397484472966116002950503539482860450,hip,lhip,l2_edge_right,44.96,126.06,0.0228,False,,,False,False
c0cd3ae60f,2.25.66397484472966116002950503539482860450,hip,lhip,l2_edge_left,132.13,166.37,0.0236,False,,,False,False
c0cd3ae60f,2.25.66397484472966116002950503539482860450,hip,lhip,l3_edge_right,105.94,106.27,0.0187,False,,,False,False
c0cd3ae60f,2.25.66397484472966116002950503539482860450,hip,lhip,l3_edge_left,131.48,25.07,0.0236,False,,,False,False
c0cd3ae60f,2.25.66397484472966116002950503539482860450,hip,lhip,l4_edge_right,109.04,120.05,0.015,False,,,False,False
c0cd3ae60f,2.25.66397484472966116002950503539482860450,hip,lhip,l4_edge_left,128.06,171.52,0.0194,False,,,False,False
c0cd3ae60f,2.25.66397484472966116002950503539482860450,hip,lhip,trochanter_major,170.74,61.57,0.1357,True,170.17,60.02,True,True
c0cd3ae60f,2.25.66397484472966116002950503539482860450,hip,lhip,trochanter_lateral,205.8,120.05,0.1928,True,206.22,122.04,True,True
c0cd3ae60f,2.25.66397484472966116002950503539482860450,hip,lhip,trochanter_minor,132.83,170.49,0.0692,False,119.45,179.48,True,True
c0cd3ae60f,2.25.66397484472966116002950503539482860450,hip,lhip,femoral_head_center,100.29,82.61,0.198,True,99.59,89.35,True,True
c0cd3ae60f,2.25.66397484472966116002950503539482860450,hip,lhip,neck_center,122.7,95.29,0.2184,True,128.31,95.77,True,True
c0cd3ae60f,2.25.66397484472966116002950503539482860450,hip,lhip,ischium_bottom,51.98,190.73,0.2985,True,51.63,190.79,True,True
c0cd3ae60f,2.25.66397484472966116002950503539482860450,hip,lhip,shaft_lateral,196.16,164.07,0.1265,True,197.5,167.88,True,True
c0cd3ae60f,2.25.66397484472966116002950503539482860450,hip,lhip,shaft_medial,143.59,171.37,0.1605,True,142.05,175.64,True,True
295a045487,2.25.181196659018348153828200695057897449628,hip,rhip,th12_top,133.57,117.2,0.0313,False,,,False,False
295a045487,2.25.181196659018348153828200695057897449628,hip,rhip,th12_bottom,96.42,97.18,0.0302,False,,,False,False
295a045487,2.25.181196659018348153828200695057897449628,hip,rhip,l1_center,132.73,113.96,0.0378,False,,,False,False
295a045487,2.25.181196659018348153828200695057897449628,hip,rhip,l2_center,150.56,184.22,0.0361,False,,,False,False
295a045487,2.25.181196659018348153828200695057897449628,hip,rhip,l3_center,105.5,14.93,0.0176,False,,,False,False
295a045487,2.25.181196659018348153828200695057897449628,hip,rhip,l4_center,189.51,77.09,0.0187,False,,,False,False
295a045487,2.25.181196659018348153828200695057897449628,hip,rhip,iliac_right,192.62,78.69,0.0633,True,,,False,False
295a045487,2.25.181196659018348153828200695057897449628,hip,rhip,iliac_left,228.65,126.89,0.0388,False,,,False,False
295a045487,2.25.181196659018348153828200695057897449628,hip,rhip,disc_th12_l1,192.75,78.63,0.0526,False,,,False,False
295a045487,2.25.181196659018348153828200695057897449628,hip,rhip,disc_l1_l2,154.78,182.37,0.0348,False,,,False,False
295a045487,2.25.181196659018348153828200695057897449628,hip,rhip,disc_l2_l3,103.15,95.47,0.014,False,,,False,False
295a045487,2.25.181196659018348153828200695057897449628,hip,rhip,disc_l3_l4,104.78,23.83,0.0237,False,,,False,False
295a045487,2.25.181196659018348153828200695057897449628,hip,rhip,disc_l4_l5,192.75,76.79,0.0227,False,,,False,False
295a045487,2.25.181196659018348153828200695057897449628,hip,rhip,l1_edge_right,228.82,126.07,0.021,False,,,False,False
295a045487,2.25.181196659018348153828200695057897449628,hip,rhip,l1_edge_left,155.66,181.16,0.0283,False,,,False,False
295a045487,2.25.181196659018348153828200695057897449628,hip,rhip,l2_edge_right,218.33,203.2,0.0216,False,,,False,False
295a045487,2.25.181196659018348153828200695057897449628,hip,rhip,l2_edge_left,191.57,79.17,0.0217,False,,,False,False
295a045487,2.25.181196659018348153828200695057897449628,hip,rhip,l3_edge_right,102.14,101.33,0.019,False,,,False,False
295a045487,2.25.181196659018348153828200695057897449628,hip,rhip,l3_edge_left,140.99,3.02,0.0203,False,,,False,False
295a045487,2.25.181196659018348153828200695057897449628,hip,rhip,l4_edge_right,52.73,128.97,0.0162,False,,,False,False
295a045487,2.25.181196659018348153828200695057897449628,hip,rhip,l4_edge_left,156.6,191.11,0.0191,False,,,False,False
295a045487,2.25.181196659018348153828200695057897449628,hip,rhip,trochanter_major,192.83,79.19,0.3571,True,191.46,77.68,True,True
295a045487,2.25.181196659018348153828200695057897449628,hip,rhip,trochanter_lateral,228.3,127.07,0.1073,True,226.25,123.5,True,True
295a045487,2.25.181196659018348153828200695057897449628,hip,rhip,trochanter_minor,150.0,183.12,0.1423,False,147.3,179.75,True,True
295a045487,2.25.181196659018348153828200695057897449628,hip,rhip,femoral_head_center,100.73,96.25,0.2007,True,99.26,97.25,True,True
295a045487,2.25.181196659018348153828200695057897449628,hip,rhip,neck_center,133.5,114.07,0.2646,True,130.96,113.78,True,True
295a045487,2.25.181196659018348153828200695057897449628,hip,rhip,ischium_bottom,62.7,191.6,0.2998,True,61.36,192.68,True,True
295a045487,2.25.181196659018348153828200695057897449628,hip,rhip,shaft_lateral,214.87,192.92,0.1216,True,215.18,176.99,True,True
295a045487,2.25.181196659018348153828200695057897449628,hip,rhip,shaft_medial,154.99,182.55,0.198,True,153.94,180.02,True,True
a0acf70141,2.25.66397484472966116002950503539482860450,hip,rhip,th12_top,106.12,112.24,0.026,False,,,False,False
a0acf70141,2.25.66397484472966116002950503539482860450,hip,rhip,th12_bottom,75.77,99.05,0.0412,False,,,False,False
a0acf70141,2.25.66397484472966116002950503539482860450,hip,rhip,l1_center,105.05,109.4,0.028,False,,,False,False
a0acf70141,2.25.66397484472966116002950503539482860450,hip,rhip,l2_center,114.35,181.39,0.0569,False,,,False,False
a0acf70141,2.25.66397484472966116002950503539482860450,hip,rhip,l3_center,154.81,65.77,0.0141,False,,,False,False
a0acf70141,2.25.66397484472966116002950503539482860450,hip,rhip,l4_center,154.06,69.23,0.0155,False,,,False,False
a0acf70141,2.25.66397484472966116002950503539482860450,hip,rhip,iliac_right,155.65,71.05,0.0335,False,,,False,False
a0acf70141,2.25.66397484472966116002950503539482860450,hip,rhip,iliac_left,188.92,129.65,0.0617,False,,,False,False
a0acf70141,2.25.66397484472966116002950503539482860450,hip,rhip,disc_th12_l1,155.76,70.7,0.0283,False,,,False,False
a0acf70141,2.25.66397484472966116002950503539482860450,hip,rhip,disc_l1_l2,126.09,178.08,0.0311,False,,,False,False
a0acf70141,2.25.66397484472966116002950503539482860450,hip,rhip,disc_l2_l3,130.5,178.11,0.0167,False,,,False,False
a0acf70141,2.25.66397484472966116002950503539482860450,hip,rhip,disc_l3_l4,74.71,100.04,0.0305,False,,,False,False
a0acf70141,2.25.66397484472966116002950503539482860450,hip,rhip,disc_l4_l5,155.74,69.18,0.0168,False,,,False,False
a0acf70141,2.25.66397484472966116002950503539482860450,hip,rhip,l1_edge_right,189.07,129.8,0.0295,False,,,False,False
a0acf70141,2.25.66397484472966116002950503539482860450,hip,rhip,l1_edge_left,125.97,183.09,0.0243,False,,,False,False
a0acf70141,2.25.66397484472966116002950503539482860450,hip,rhip,l2_edge_right,23.67,126.14,0.0224,False,,,False,False
a0acf70141,2.25.66397484472966116002950503539482860450,hip,rhip,l2_edge_left,116.97,171.34,0.0215,False,,,False,False
a0acf70141,2.25.66397484472966116002950503539482860450,hip,rhip,l3_edge_right,23.88,130.91,0.0246,False,,,False,False
a0acf70141,2.25.66397484472966116002950503539482860450,hip,rhip,l3_edge_left,85.06,155.16,0.0202,False,,,False,False
a0acf70141,2.25.66397484472966116002950503539482860450,hip,rhip,l4_edge_right,128.66,99.99,0.0171,False,,,False,False
a0acf70141,2.25.66397484472966116002950503539482860450,hip,rhip,l4_edge_left,108.22,115.91,0.0164,False,,,False,False
a0acf70141,2.25.66397484472966116002950503539482860450,hip,rhip,trochanter_major,155.71,71.5,0.1216,True,152.33,68.82,True,True
a0acf70141,2.25.66397484472966116002950503539482860450,hip,rhip,trochanter_lateral,188.96,129.64,0.2153,True,188.3,124.63,True,True
a0acf70141,2.25.66397484472966116002950503539482860450,hip,rhip,trochanter_minor,114.41,178.37,0.0673,False,101.07,191.2,True,True
a0acf70141,2.25.66397484472966116002950503539482860450,hip,rhip,femoral_head_center,81.91,94.85,0.1254,True,85.77,93.62,True,True
a0acf70141,2.25.66397484472966116002950503539482860450,hip,rhip,neck_center,106.03,109.02,0.1794,True,108.1,109.34,True,True
a0acf70141,2.25.66397484472966116002950503539482860450,hip,rhip,ischium_bottom,35.98,194.07,0.3015,True,34.66,193.86,True,True
a0acf70141,2.25.66397484472966116002950503539482860450,hip,rhip,shaft_lateral,182.87,168.84,0.1264,True,184.18,174.36,True,True
a0acf70141,2.25.66397484472966116002950503539482860450,hip,rhip,shaft_medial,126.77,179.96,0.1015,False,123.36,186.12,True,True
0cb6d98371,2.25.13325817932854000792938662637654885530,hip,rhip,th12_top,136.74,102.92,0.0326,False,,,False,False
0cb6d98371,2.25.13325817932854000792938662637654885530,hip,rhip,th12_bottom,104.04,81.28,0.0326,False,,,False,False
0cb6d98371,2.25.13325817932854000792938662637654885530,hip,rhip,l1_center,136.54,99.8,0.0416,False,,,False,False
0cb6d98371,2.25.13325817932854000792938662637654885530,hip,rhip,l2_center,136.03,170.9,0.0528,False,,,False,False
0cb6d98371,2.25.13325817932854000792938662637654885530,hip,rhip,l3_center,107.66,24.81,0.0179,False,,,False,False
0cb6d98371,2.25.13325817932854000792938662637654885530,hip,rhip,l4_center,194.69,66.74,0.0214,False,,,False,False
0cb6d98371,2.25.13325817932854000792938662637654885530,hip,rhip,iliac_right,196.4,67.84,0.0688,True,,,False,False
0cb6d98371,2.25.13325817932854000792938662637654885530,hip,rhip,iliac_left,228.61,117.0,0.0538,False,,,False,False
0cb6d98371,2.25.13325817932854000792938662637654885530,hip,rhip,disc_th12_l1,195.95,68.0,0.0601,False,,,False,False
0cb6d98371,2.25.13325817932854000792938662637654885530,hip,rhip,disc_l1_l2,148.86,170.21,0.0398,False,,,False,False
0cb6d98371,2.25.13325817932854000792938662637654885530,hip,rhip,disc_l2_l3,111.45,79.59,0.0121,False,,,False,False
0cb6d98371,2.25.13325817932854000792938662637654885530,hip,rhip,disc_l3_l4,106.15,24.89,0.0253,False,,,False,False
0cb6d98371,2.25.13325817932854000792938662637654885530,hip,rhip,disc_l4_l5,196.49,65.83,0.0236,False,,,False,False
0cb6d98371,2.25.13325817932854000792938662637654885530,hip,rhip,l1_edge_right,228.86,116.89,0.0251,False,,,False,False
0cb6d98371,2.25.13325817932854000792938662637654885530,hip,rhip,l1_edge_left,149.44,171.99,0.0279,False,,,False,False
0cb6d98371,2.25.13325817932854000792938662637654885530,hip,rhip,l2_edge_right,180.61,82.65,0.0215,False,,,False,False
0cb6d98371,2.25.13325817932854000792938662637654885530,hip,rhip,l2_edge_left,195.41,68.26,0.0237,False,,,False,False
0cb6d98371,2.25.13325817932854000792938662637654885530,hip,rhip,l3_edge_right,111.98,84.85,0.0192,False,,,False,False
0cb6d98371,2.25.13325817932854000792938662637654885530,hip,rhip,l3_edge_left,134.41,22.51,0.0188,False,,,False,False
0cb6d98371,2.25.13325817932854000792938662637654885530,hip,rhip,l4_edge_right,141.83,146.87,0.0161,False,,,False,False
0cb6d98371,2.25.13325817932854000792938662637654885530,hip,rhip,l4_edge_left,131.96,102.14,0.0181,False,,,False,False
0cb6d98371,2.25.13325817932854000792938662637654885530,hip,rhip,trochanter_major,196.27,68.14,0.3606,True,196.94,67.69,True,True
0cb6d98371,2.25.13325817932854000792938662637654885530,hip,rhip,trochanter_lateral,228.26,116.91,0.1947,True,227.53,114.64,True,True
0cb6d98371,2.25.13325817932854000792938662637654885530,hip,rhip,trochanter_minor,135.57,170.25,0.2494,True,134.83,170.69,True,True
0cb6d98371,2.25.13325817932854000792938662637654885530,hip,rhip,femoral_head_center,109.98,79.72,0.2346,True,109.09,77.08,True,True
0cb6d98371,2.25.13325817932854000792938662637654885530,hip,rhip,neck_center,137.44,99.72,0.2707,True,133.02,96.77,True,True
0cb6d98371,2.25.13325817932854000792938662637654885530,hip,rhip,ischium_bottom,59.74,186.41,0.1532,True,57.28,187.35,True,True
0cb6d98371,2.25.13325817932854000792938662637654885530,hip,rhip,shaft_lateral,212.26,166.22,0.1421,True,211.56,166.12,True,True
0cb6d98371,2.25.13325817932854000792938662637654885530,hip,rhip,shaft_medial,149.28,170.63,0.3094,True,149.37,170.13,True,True
8057421b41,2.25.114887542067602662452692698814728642117,hip,lhip,th12_top,141.67,115.0,0.0289,False,,,False,False
8057421b41,2.25.114887542067602662452692698814728642117,hip,lhip,th12_bottom,104.42,89.23,0.0261,False,,,False,False
8057421b41,2.25.114887542067602662452692698814728642117,hip,lhip,l1_center,140.7,111.26,0.0379,False,,,False,False
8057421b41,2.25.114887542067602662452692698814728642117,hip,lhip,l2_center,140.25,189.27,0.075,False,,,False,False
8057421b41,2.25.114887542067602662452692698814728642117,hip,lhip,l3_center,201.33,254.94,0.0177,False,,,False,False
8057421b41,2.25.114887542067602662452692698814728642117,hip,lhip,l4_center,195.68,72.11,0.0155,False,,,False,False
8057421b41,2.25.114887542067602662452692698814728642117,hip,lhip,iliac_right,196.38,73.85,0.0428,True,,,False,False
8057421b41,2.25.114887542067602662452692698814728642117,hip,lhip,iliac_left,234.23,127.74,0.0467,False,,,False,False
8057421b41,2.25.114887542067602662452692698814728642117,hip,lhip,disc_th12_l1,196.06,73.99,0.0293,False,,,False,False
8057421b41,2.25.114887542067602662452692698814728642117,hip,lhip,disc_l1_l2,154.79,186.21,0.0243,False,,,False,False
8057421b41,2.25.114887542067602662452692698814728642117,hip,lhip,disc_l2_l3,110.78,87.83,0.0139,False,,,False,False
8057421b41,2.25.114887542067602662452692698814728642117,hip,lhip,disc_l3_l4,106.84,90.82,0.0176,False,,,False,False
8057421b41,2.25.114887542067602662452692698814728642117,hip,lhip,disc_l4_l5,195.77,70.39,0.0213,False,,,False,False
8057421b41,2.25.114887542067602662452692698814728642117,hip,lhip,l1_edge_right,234.8,128.58,0.0229,False,,,False,False
8057421b41,2.25.114887542067602662452692698814728642117,hip,lhip,l1_edge_left,154.64,187.31,0.0394,False,,,False,False
8057421b41,2.25.114887542067602662452692698814728642117,hip,lhip,l2_edge_right,96.08,21.91,0.0181,False,,,False,False
8057421b41,2.25.114887542067602662452692698814728642117,hip,lhip,l2_edge_left,138.32,186.04,0.0203,False,,,False,False
8057421b41,2.25.114887542067602662452692698814728642117,hip,lhip,l3_edge_right,118.0,131.01,0.0245,False,,,False,False
8057421b41,2.25.114887542067602662452692698814728642117,hip,lhip,l3_edge_left,142.93,35.18,0.0227,False,,,False,False
8057421b41,2.25.114887542067602662452692698814728642117,hip,lhip,l4_edge_right,182.38,107.09,0.0172,False,,,False,False
8057421b41,2.25.114887542067602662452692698814728642117,hip,lhip,l4_edge_left,136.22,113.15,0.0168,False,,,False,False
8057421b41,2.25.114887542067602662452692698814728642117,hip,lhip,trochanter_major,196.66,73.24,0.1427,True,196.48,71.33,True,True
8057421b41,2.25.114887542067602662452692698814728642117,hip,lhip,trochanter_lateral,234.23,127.73,0.1501,True,235.59,132.91,True,True
8057421b41,2.25.114887542067602662452692698814728642117,hip,lhip,trochanter_minor,140.1,188.72,0.2141,True,140.73,189.49,True,True
8057421b41,2.25.114887542067602662452692698814728642117,hip,lhip,femoral_head_center,108.15,87.97,0.1907,True,106.61,87.56,True,True
8057421b41,2.25.114887542067602662452692698814728642117,hip,lhip,neck_center,141.74,111.21,0.2487,True,137.82,109.61,True,True
8057421b41,2.25.114887542067602662452692698814728642117,hip,lhip,ischium_bottom,69.5,186.6,0.2339,True,70.83,186.16,True,True
8057421b41,2.25.114887542067602662452692698814728642117,hip,lhip,shaft_lateral,223.83,179.93,0.1243,True,223.62,185.38,True,True
8057421b41,2.25.114887542067602662452692698814728642117,hip,lhip,shaft_medial,154.92,185.98,0.2389,True,154.95,188.72,True,True
a8cc02eb76,2.25.78999454687125053757525542837745968726,hip,rhip,th12_top,107.52,117.31,0.0278,False,,,False,False
a8cc02eb76,2.25.78999454687125053757525542837745968726,hip,rhip,th12_bottom,76.74,103.61,0.021,False,,,False,False
a8cc02eb76,2.25.78999454687125053757525542837745968726,hip,rhip,l1_center,105.75,114.91,0.0353,False,,,False,False
a8cc02eb76,2.25.78999454687125053757525542837745968726,hip,rhip,l2_center,115.16,193.24,0.0827,False,,,False,False
a8cc02eb76,2.25.78999454687125053757525542837745968726,hip,rhip,l3_center,114.44,192.79,0.0146,False,,,False,False
a8cc02eb76,2.25.78999454687125053757525542837745968726,hip,rhip,l4_center,161.69,77.55,0.0196,False,,,False,False
a8cc02eb76,2.25.78999454687125053757525542837745968726,hip,rhip,iliac_right,147.81,59.87,0.045,True,,,False,False
a8cc02eb76,2.25.78999454687125053757525542837745968726,hip,rhip,iliac_left,196.27,128.57,0.0521,False,,,False,False
a8cc02eb76,2.25.78999454687125053757525542837745968726,hip,rhip,disc_th12_l1,161.11,76.13,0.0306,False,,,False,False
a8cc02eb76,2.25.78999454687125053757525542837745968726,hip,rhip,disc_l1_l2,128.96,191.42,0.0247,False,,,False,False
a8cc02eb76,2.25.78999454687125053757525542837745968726,hip,rhip,disc_l2_l3,82.72,100.11,0.013,False,,,False,False
a8cc02eb76,2.25.78999454687125053757525542837745968726,hip,rhip,disc_l3_l4,95.37,32.08,0.0214,False,,,False,False
a8cc02eb76,2.25.78999454687125053757525542837745968726,hip,rhip,disc_l4_l5,148.54,58.4,0.0169,False,,,False,False
a8cc02eb76,2.25.78999454687125053757525542837745968726,hip,rhip,l1_edge_right,47.93,111.06,0.0342,False,,,False,False
a8cc02eb76,2.25.78999454687125053757525542837745968726,hip,rhip,l1_edge_left,129.17,192.48,0.0299,False,,,False,False
a8cc02eb76,2.25.78999454687125053757525542837745968726,hip,rhip,l2_edge_right,48.94,124.91,0.0255,False,,,False,False
a8cc02eb76,2.25.78999454687125053757525542837745968726,hip,rhip,l2_edge_left,147.83,259.07,0.0198,False,,,False,False
a8cc02eb76,2.25.78999454687125053757525542837745968726,hip,rhip,l3_edge_right,48.71,110.13,0.0242,False,,,False,False
a8cc02eb76,2.25.78999454687125053757525542837745968726,hip,rhip,l3_edge_left,131.91,198.7,0.0184,False,,,False,False
a8cc02eb76,2.25.78999454687125053757525542837745968726,hip,rhip,l4_edge_right,150.02,109.46,0.0162,False,,,False,False
a8cc02eb76,2.25.78999454687125053757525542837745968726,hip,rhip,l4_edge_left,85.54,159.09,0.016,False,,,False,False
a8cc02eb76,2.25.78999454687125053757525542837745968726,hip,rhip,trochanter_major,161.9,76.96,0.0843,True,160.79,71.82,True,True
a8cc02eb76,2.25.78999454687125053757525542837745968726,hip,rhip,trochanter_lateral,196.3,128.45,0.1861,True,195.59,131.08,True,True
a8cc02eb76,2.25.78999454687125053757525542837745968726,hip,rhip,trochanter_minor,114.41,192.98,0.211,True,110.83,190.34,True,True
a8cc02eb76,2.25.78999454687125053757525542837745968726,hip,rhip,femoral_head_center,80.43,100.74,0.1731,True,76.73,98.0,True,True
a8cc02eb76,2.25.78999454687125053757525542837745968726,hip,rhip,neck_center,106.75,114.49,0.2275,True,103.94,112.47,True,True
a8cc02eb76,2.25.78999454687125053757525542837745968726,hip,rhip,ischium_bottom,53.39,208.36,0.2227,True,50.54,208.6,True,True
a8cc02eb76,2.25.78999454687125053757525542837745968726,hip,rhip,shaft_lateral,183.3,185.18,0.1191,True,182.68,185.83,True,True
a8cc02eb76,2.25.78999454687125053757525542837745968726,hip,rhip,shaft_medial,129.01,191.82,0.2045,True,129.6,189.15,True,True
48150102ce,2.25.269648774413746842548908998641183395622,hip,rhip,th12_top,109.68,112.29,0.031,False,,,False,False
48150102ce,2.25.269648774413746842548908998641183395622,hip,rhip,th12_bottom,79.54,97.1,0.0313,False,,,False,False
48150102ce,2.25.269648774413746842548908998641183395622,hip,rhip,l1_center,109.34,109.83,0.0384,False,,,False,False
48150102ce,2.25.269648774413746842548908998641183395622,hip,rhip,l2_center,118.87,183.27,0.0472,False,,,False,False
48150102ce,2.25.269648774413746842548908998641183395622,hip,rhip,l3_center,171.76,249.28,0.0186,False,,,False,False
48150102ce,2.25.269648774413746842548908998641183395622,hip,rhip,l4_center,163.05,73.97,0.0237,False,,,False,False
48150102ce,2.25.269648774413746842548908998641183395622,hip,rhip,iliac_right,164.91,74.88,0.056,True,,,False,False
48150102ce,2.25.269648774413746842548908998641183395622,hip,rhip,iliac_left,200.11,129.94,0.0604,False,,,False,False
48150102ce,2.25.269648774413746842548908998641183395622,hip,rhip,disc_th12_l1,165.59,75.13,0.0435,False,,,False,False
48150102ce,2.25.269648774413746842548908998641183395622,hip,rhip,disc_l1_l2,126.53,182.66,0.0413,False,,,False,False
48150102ce,2.25.269648774413746842548908998641183395622,hip,rhip,disc_l2_l3,59.27,160.65,0.0164,False,,,False,False
48150102ce,2.25.269648774413746842548908998641183395622,hip,rhip,disc_l3_l4,77.61,96.34,0.0181,False,,,False,False
48150102ce,2.25.269648774413746842548908998641183395622,hip,rhip,disc_l4_l5,166.23,73.69,0.0233,False,,,False,False
48150102ce,2.25.269648774413746842548908998641183395622,hip,rhip,l1_edge_right,200.84,130.01,0.0262,False,,,False,False
48150102ce,2.25.269648774413746842548908998641183395622,hip,rhip,l1_edge_left,127.3,182.85,0.0305,False,,,False,False
48150102ce,2.25.269648774413746842548908998641183395622,hip,rhip,l2_edge_right,152.02,90.64,0.02,False,,,False,False
48150102ce,2.25.269648774413746842548908998641183395622,hip,rhip,l2_edge_left,165.17,75.23,0.0203,False,,,False,False
48150102ce,2.25.269648774413746842548908998641183395622,hip,rhip,l3_edge_right,85.18,100.0,0.0223,False,,,False,False
48150102ce,2.25.269648774413746842548908998641183395622,hip,rhip,l3_edge_left,190.35,99.86,0.0189,False,,,False,False
48150102ce,2.25.269648774413746842548908998641183395622,hip,rhip,l4_edge_right,142.11,106.76,0.0142,False,,,False,False
48150102ce,2.25.269648774413746842548908998641183395622,hip,rhip,l4_edge_left,126.86,194.76,0.0168,False,,,False,False
48150102ce,2.25.269648774413746842548908998641183395622,hip,rhip,trochanter_major,165.19,75.48,0.3126,True,162.34,74.7,True,True
48150102ce,2.25.269648774413746842548908998641183395622,hip,rhip,trochanter_lateral,200.09,129.97,0.2421,True,199.95,131.12,True,True
48150102ce,2.25.269648774413746842548908998641183395622,hip,rhip,trochanter_minor,119.26,182.74,0.2378,True,119.6,184.12,True,True
48150102ce,2.25.269648774413746842548908998641183395622,hip,rhip,femoral_head_center,84.02,95.07,0.2812,True,87.11,97.95,True,True
48150102ce,2.25.269648774413746842548908998641183395622,hip,rhip,neck_center,110.12,109.36,0.2848,True,113.44,111.97,True,True
48150102ce,2.25.269648774413746842548908998641183395622,hip,rhip,ischium_bottom,43.04,203.14,0.155,True,43.69,203.26,True,True
48150102ce,2.25.269648774413746842548908998641183395622,hip,rhip,shaft_lateral,185.13,181.99,0.1375,True,184.61,183.0,True,True
48150102ce,2.25.269648774413746842548908998641183395622,hip,rhip,shaft_medial,126.78,182.24,0.2692,True,127.33,184.22,True,True
dfad36da1c,2.25.48906424954135283790354958243772558962,hip,rhip,th12_top,140.67,165.1,0.0309,False,,,False,False
dfad36da1c,2.25.48906424954135283790354958243772558962,hip,rhip,th12_bottom,109.8,145.99,0.0193,False,,,False,False
dfad36da1c,2.25.48906424954135283790354958243772558962,hip,rhip,l1_center,140.47,161.98,0.0419,False,,,False,False
dfad36da1c,2.25.48906424954135283790354958243772558962,hip,rhip,l2_center,139.71,236.23,0.0619,False,,,False,False
dfad36da1c,2.25.48906424954135283790354958243772558962,hip,rhip,l3_center,132.29,95.16,0.0197,False,,,False,False
dfad36da1c,2.25.48906424954135283790354958243772558962,hip,rhip,l4_center,194.54,120.47,0.0248,False,,,False,False
dfad36da1c,2.25.48906424954135283790354958243772558962,hip,rhip,iliac_right,195.77,121.51,0.0604,True,,,False,False
dfad36da1c,2.25.48906424954135283790354958243772558962,hip,rhip,iliac_left,227.95,164.88,0.0509,False,,,False,False
dfad36da1c,2.25.48906424954135283790354958243772558962,hip,rhip,disc_th12_l1,195.89,121.83,0.0561,False,,,False,False
dfad36da1c,2.25.48906424954135283790354958243772558962,hip,rhip,disc_l1_l2,158.26,233.43,0.0316,False,,,False,False
dfad36da1c,2.25.48906424954135283790354958243772558962,hip,rhip,disc_l2_l3,115.11,143.74,0.015,False,,,False,False
dfad36da1c,2.25.48906424954135283790354958243772558962,hip,rhip,disc_l3_l4,207.73,277.15,0.0171,False,,,False,False
dfad36da1c,2.25.48906424954135283790354958243772558962,hip,rhip,disc_l4_l5,196.39,119.76,0.0238,False,,,False,False
dfad36da1c,2.25.48906424954135283790354958243772558962,hip,rhip,l1_edge_right,58.3,32.54,0.0311,False,,,False,False
dfad36da1c,2.25.48906424954135283790354958243772558962,hip,rhip,l1_edge_left,159.14,236.26,0.0318,False,,,False,False
dfad36da1c,2.25.48906424954135283790354958243772558962,hip,rhip,l2_edge_right,66.25,40.84,0.0258,False,,,False,False
dfad36da1c,2.25.48906424954135283790354958243772558962,hip,rhip,l2_edge_left,195.38,122.1,0.0212,False,,,False,False
dfad36da1c,2.25.48906424954135283790354958243772558962,hip,rhip,l3_edge_right,114.09,149.98,0.0232,False,,,False,False
dfad36da1c,2.25.48906424954135283790354958243772558962,hip,rhip,l3_edge_left,161.02,242.64,0.0251,False,,,False,False
dfad36da1c,2.25.48906424954135283790354958243772558962,hip,rhip,l4_edge_right,66.79,183.74,0.0185,False,,,False,False
dfad36da1c,2.25.48906424954135283790354958243772558962,hip,rhip,l4_edge_left,140.24,234.43,0.0228,False,,,False,False
dfad36da1c,2.25.48906424954135283790354958243772558962,hip,rhip,trochanter_major,195.99,122.06,0.3673,True,196.24,121.21,True,True
dfad36da1c,2.25.48906424954135283790354958243772558962,hip,rhip,trochanter_lateral,227.92,165.04,0.1624,True,226.38,163.05,True,True
dfad36da1c,2.25.48906424954135283790354958243772558962,hip,rhip,trochanter_minor,139.74,236.17,0.1041,False,137.76,240.42,True,True
dfad36da1c,2.25.48906424954135283790354958243772558962,hip,rhip,femoral_head_center,112.94,144.72,0.2126,True,111.22,144.6,True,True
dfad36da1c,2.25.48906424954135283790354958243772558962,hip,rhip,neck_center,141.07,162.06,0.2798,True,140.91,162.15,True,True
dfad36da1c,2.25.48906424954135283790354958243772558962,hip,rhip,ischium_bottom,56.45,244.45,0.1302,True,54.09,245.82,True,True
dfad36da1c,2.25.48906424954135283790354958243772558962,hip,rhip,shaft_lateral,216.01,230.11,0.127,True,215.04,237.11,True,True
dfad36da1c,2.25.48906424954135283790354958243772558962,hip,rhip,shaft_medial,159.0,234.17,0.2002,True,161.61,240.9,True,True
1867a65bc8,2.25.181196659018348153828200695057897449628,hip,lhip,th12_top,158.78,116.39,0.0302,False,,,False,False
1867a65bc8,2.25.181196659018348153828200695057897449628,hip,lhip,th12_bottom,135.25,25.02,0.0405,False,,,False,False
1867a65bc8,2.25.181196659018348153828200695057897449628,hip,lhip,l1_center,158.66,113.76,0.0358,False,,,False,False
1867a65bc8,2.25.181196659018348153828200695057897449628,hip,lhip,l2_center,175.25,184.31,0.0446,False,,,False,False
1867a65bc8,2.25.181196659018348153828200695057897449628,hip,lhip,l3_center,132.91,53.82,0.0175,False,,,False,False
1867a65bc8,2.25.181196659018348153828200695057897449628,hip,lhip,l4_center,214.72,77.69,0.0201,False,,,False,False
1867a65bc8,2.25.181196659018348153828200695057897449628,hip,lhip,iliac_right,215.89,78.66,0.0635,True,,,False,False
1867a65bc8,2.25.181196659018348153828200695057897449628,hip,lhip,iliac_left,257.81,137.78,0.0373,False,,,False,False
1867a65bc8,2.25.181196659018348153828200695057897449628,hip,lhip,disc_th12_l1,215.93,78.46,0.0624,False,,,False,False
1867a65bc8,2.25.181196659018348153828200695057897449628,hip,lhip,disc_l1_l2,183.67,182.74,0.0377,False,,,False,False
1867a65bc8,2.25.181196659018348153828200695057897449628,hip,lhip,disc_l2_l3,218.98,281.26,0.0136,False,,,False,False
1867a65bc8,2.25.181196659018348153828200695057897449628,hip,lhip,disc_l3_l4,134.38,25.93,0.0309,False,,,False,False
1867a65bc8,2.25.181196659018348153828200695057897449628,hip,lhip,disc_l4_l5,216.46,76.74,0.024,False,,,False,False
1867a65bc8,2.25.181196659018348153828200695057897449628,hip,lhip,l1_edge_right,258.08,137.89,0.0217,False,,,False,False
1867a65bc8,2.25.181196659018348153828200695057897449628,hip,lhip,l1_edge_left,184.82,183.84,0.0314,False,,,False,False
1867a65bc8,2.25.181196659018348153828200695057897449628,hip,lhip,l2_edge_right,98.78,22.94,0.0186,False,,,False,False
1867a65bc8,2.25.181196659018348153828200695057897449628,hip,lhip,l2_edge_left,215.43,79.16,0.0217,False,,,False,False
1867a65bc8,2.25.181196659018348153828200695057897449628,hip,lhip,l3_edge_right,129.02,103.29,0.0216,False,,,False,False
1867a65bc8,2.25.181196659018348153828200695057897449628,hip,lhip,l3_edge_left,140.95,161.91,0.0191,False,,,False,False
1867a65bc8,2.25.181196659018348153828200695057897449628,hip,lhip,l4_edge_right,100.63,49.31,0.022,False,,,False,False
1867a65bc8,2.25.181196659018348153828200695057897449628,hip,lhip,l4_edge_left,185.46,190.1,0.015,False,,,False,False
1867a65bc8,2.25.181196659018348153828200695057897449628,hip,lhip,trochanter_major,216.11,78.99,0.4076,True,215.57,78.11,True,True
1867a65bc8,2.25.181196659018348153828200695057897449628,hip,lhip,trochanter_lateral,257.24,138.45,0.1065,True,253.03,115.19,True,True
1867a65bc8,2.25.181196659018348153828200695057897449628,hip,lhip,trochanter_minor,175.24,183.72,0.2269,True,174.33,182.91,True,True
1867a65bc8,2.25.181196659018348153828200695057897449628,hip,lhip,femoral_head_center,127.77,98.04,0.2679,True,131.58,99.3,True,True
1867a65bc8,2.25.181196659018348153828200695057897449628,hip,lhip,neck_center,159.32,113.89,0.2577,True,159.58,114.43,True,True
1867a65bc8,2.25.181196659018348153828200695057897449628,hip,lhip,ischium_bottom,93.13,196.4,0.375,True,94.13,198.04,True,True
1867a65bc8,2.25.181196659018348153828200695057897449628,hip,lhip,shaft_lateral,243.67,183.91,0.1311,True,244.21,179.26,True,True
1867a65bc8,2.25.181196659018348153828200695057897449628,hip,lhip,shaft_medial,184.25,182.32,0.2614,True,185.38,182.04,True,True
8f4f8bb1d3,2.25.157462338378550185821790046400986801350,hip,lhip,th12_top,117.69,97.14,0.0307,False,,,False,False
8f4f8bb1d3,2.25.157462338378550185821790046400986801350,hip,lhip,th12_bottom,89.92,80.72,0.0183,False,,,False,False
8f4f8bb1d3,2.25.157462338378550185821790046400986801350,hip,lhip,l1_center,116.85,94.04,0.0419,False,,,False,False
8f4f8bb1d3,2.25.157462338378550185821790046400986801350,hip,lhip,l2_center,115.14,166.89,0.0799,False,,,False,False
8f4f8bb1d3,2.25.157462338378550185821790046400986801350,hip,lhip,l3_center,165.86,62.97,0.0159,False,,,False,False
8f4f8bb1d3,2.25.157462338378550185821790046400986801350,hip,lhip,l4_center,166.75,67.74,0.0223,False,,,False,False
8f4f8bb1d3,2.25.157462338378550185821790046400986801350,hip,lhip,iliac_right,167.87,68.72,0.0523,True,,,False,False
8f4f8bb1d3,2.25.157462338378550185821790046400986801350,hip,lhip,iliac_left,197.67,112.81,0.0439,False,,,False,False
8f4f8bb1d3,2.25.157462338378550185821790046400986801350,hip,lhip,disc_th12_l1,167.93,68.42,0.0493,False,,,False,False
8f4f8bb1d3,2.25.157462338378550185821790046400986801350,hip,lhip,disc_l1_l2,130.07,167.9,0.024,False,,,False,False
8f4f8bb1d3,2.25.157462338378550185821790046400986801350,hip,lhip,disc_l2_l3,96.28,77.83,0.0147,False,,,False,False
8f4f8bb1d3,2.25.157462338378550185821790046400986801350,hip,lhip,disc_l3_l4,173.23,207.95,0.0155,False,,,False,False
8f4f8bb1d3,2.25.157462338378550185821790046400986801350,hip,lhip,disc_l4_l5,168.31,67.48,0.0223,False,,,False,False
8f4f8bb1d3,2.25.157462338378550185821790046400986801350,hip,lhip,l1_edge_right,197.95,113.69,0.0227,False,,,False,False
8f4f8bb1d3,2.25.157462338378550185821790046400986801350,hip,lhip,l1_edge_left,131.09,168.13,0.0397,False,,,False,False
8f4f8bb1d3,2.25.157462338378550185821790046400986801350,hip,lhip,l2_edge_right,57.09,112.2,0.0198,False,,,False,False
8f4f8bb1d3,2.25.157462338378550185821790046400986801350,hip,lhip,l2_edge_left,120.0,157.79,0.0227,False,,,False,False
8f4f8bb1d3,2.25.157462338378550185821790046400986801350,hip,lhip,l3_edge_right,113.79,5.96,0.0217,False,,,False,False
8f4f8bb1d3,2.25.157462338378550185821790046400986801350,hip,lhip,l3_edge_left,115.36,21.39,0.028,False,,,False,False
8f4f8bb1d3,2.25.157462338378550185821790046400986801350,hip,lhip,l4_edge_right,54.01,103.19,0.0158,False,,,False,False
8f4f8bb1d3,2.25.157462338378550185821790046400986801350,hip,lhip,l4_edge_left,113.0,96.13,0.0157,False,,,False,False
8f4f8bb1d3,2.25.157462338378550185821790046400986801350,hip,lhip,trochanter_major,168.21,69.02,0.3104,True,166.81,67.35,True,True
8f4f8bb1d3,2.25.157462338378550185821790046400986801350,hip,lhip,trochanter_lateral,197.29,112.72,0.1496,True,197.36,110.74,True,True
8f4f8bb1d3,2.25.157462338378550185821790046400986801350,hip,lhip,trochanter_minor,114.9,166.63,0.2159,True,113.34,166.96,True,True
8f4f8bb1d3,2.25.157462338378550185821790046400986801350,hip,lhip,femoral_head_center,94.74,78.72,0.1976,True,97.45,77.74,True,True
8f4f8bb1d3,2.25.157462338378550185821790046400986801350,hip,lhip,neck_center,118.04,94.13,0.2723,True,118.23,95.16,True,True
8f4f8bb1d3,2.25.157462338378550185821790046400986801350,hip,lhip,ischium_bottom,63.62,170.64,0.1491,True,66.29,170.01,True,True
8f4f8bb1d3,2.25.157462338378550185821790046400986801350,hip,lhip,shaft_lateral,181.83,161.25,0.1414,True,182.1,162.3,True,True
8f4f8bb1d3,2.25.157462338378550185821790046400986801350,hip,lhip,shaft_medial,130.27,167.55,0.1795,True,129.39,166.2,True,True
f3c44458b9,1.2.840.113619.2.110.512719.20250403092052,hip,lhip,th12_top,159.78,95.1,0.032,False,,,False,False
f3c44458b9,1.2.840.113619.2.110.512719.20250403092052,hip,lhip,th12_bottom,132.04,69.66,0.0246,False,,,False,False
f3c44458b9,1.2.840.113619.2.110.512719.20250403092052,hip,lhip,l1_center,159.57,92.26,0.0412,False,,,False,False
f3c44458b9,1.2.840.113619.2.110.512719.20250403092052,hip,lhip,l2_center,157.44,164.17,0.0503,False,,,False,False
f3c44458b9,1.2.840.113619.2.110.512719.20250403092052,hip,lhip,l3_center,124.69,14.26,0.0188,False,,,False,False
f3c44458b9,1.2.840.113619.2.110.512719.20250403092052,hip,lhip,l4_center,208.88,66.52,0.0196,False,,,False,False
f3c44458b9,1.2.840.113619.2.110.512719.20250403092052,hip,lhip,iliac_right,210.65,67.6,0.0528,True,,,False,False
f3c44458b9,1.2.840.113619.2.110.512719.20250403092052,hip,lhip,iliac_left,231.91,105.03,0.0373,False,,,False,False
f3c44458b9,1.2.840.113619.2.110.512719.20250403092052,hip,lhip,disc_th12_l1,210.54,67.7,0.0556,False,,,False,False
f3c44458b9,1.2.840.113619.2.110.512719.20250403092052,hip,lhip,disc_l1_l2,161.95,163.18,0.0326,False,,,False,False
f3c44458b9,1.2.840.113619.2.110.512719.20250403092052,hip,lhip,disc_l2_l3,180.72,240.01,0.0176,False,,,False,False
f3c44458b9,1.2.840.113619.2.110.512719.20250403092052,hip,lhip,disc_l3_l4,115.94,81.57,0.0196,False,,,False,False
f3c44458b9,1.2.840.113619.2.110.512719.20250403092052,hip,lhip,disc_l4_l5,210.23,65.81,0.0209,False,,,False,False
f3c44458b9,1.2.840.113619.2.110.512719.20250403092052,hip,lhip,l1_edge_right,233.07,102.2,0.0212,False,,,False,False
f3c44458b9,1.2.840.113619.2.110.512719.20250403092052,hip,lhip,l1_edge_left,163.15,164.38,0.0345,False,,,False,False
f3c44458b9,1.2.840.113619.2.110.512719.20250403092052,hip,lhip,l2_edge_right,221.39,175.27,0.0191,False,,,False,False
f3c44458b9,1.2.840.113619.2.110.512719.20250403092052,hip,lhip,l2_edge_left,210.25,68.03,0.0229,False,,,False,False
f3c44458b9,1.2.840.113619.2.110.512719.20250403092052,hip,lhip,l3_edge_right,89.81,103.77,0.0189,False,,,False,False
f3c44458b9,1.2.840.113619.2.110.512719.20250403092052,hip,lhip,l3_edge_left,163.86,172.67,0.0225,False,,,False,False
f3c44458b9,1.2.840.113619.2.110.512719.20250403092052,hip,lhip,l4_edge_right,100.0,18.34,0.0189,False,,,False,False
f3c44458b9,1.2.840.113619.2.110.512719.20250403092052,hip,lhip,l4_edge_left,158.82,96.15,0.0162,False,,,False,False
f3c44458b9,1.2.840.113619.2.110.512719.20250403092052,hip,lhip,trochanter_major,210.61,67.97,0.3299,True,210.69,66.49,True,True
f3c44458b9,1.2.840.113619.2.110.512719.20250403092052,hip,lhip,trochanter_lateral,231.96,104.24,0.0721,True,232.92,113.68,True,True
f3c44458b9,1.2.840.113619.2.110.512719.20250403092052,hip,lhip,trochanter_minor,156.74,163.14,0.1862,False,155.64,160.52,True,True
f3c44458b9,1.2.840.113619.2.110.512719.20250403092052,hip,lhip,femoral_head_center,135.04,67.04,0.2173,True,133.08,64.1,True,True
f3c44458b9,1.2.840.113619.2.110.512719.20250403092052,hip,lhip,neck_center,159.97,92.0,0.2736,True,157.7,91.11,True,True
f3c44458b9,1.2.840.113619.2.110.512719.20250403092052,hip,lhip,ischium_bottom,90.93,168.35,0.1185,True,87.21,168.76,True,True
f3c44458b9,1.2.840.113619.2.110.512719.20250403092052,hip,lhip,shaft_lateral,218.05,168.72,0.1188,True,219.81,165.93,True,True
f3c44458b9,1.2.840.113619.2.110.512719.20250403092052,hip,lhip,shaft_medial,162.48,164.02,0.1901,True,161.8,160.91,True,True
191151fc0a,2.25.48906424954135283790354958243772558962,hip,lhip,th12_top,146.79,152.23,0.0294,False,,,False,False
191151fc0a,2.25.48906424954135283790354958243772558962,hip,lhip,th12_bottom,115.07,132.15,0.0212,False,,,False,False
191151fc0a,2.25.48906424954135283790354958243772558962,hip,lhip,l1_center,146.59,149.77,0.0366,False,,,False,False
191151fc0a,2.25.48906424954135283790354958243772558962,hip,lhip,l2_center,141.28,225.12,0.0491,False,,,False,False
191151fc0a,2.25.48906424954135283790354958243772558962,hip,lhip,l3_center,141.98,223.62,0.0222,False,,,False,False
191151fc0a,2.25.48906424954135283790354958243772558962,hip,lhip,l4_center,201.15,111.85,0.0239,False,,,False,False
191151fc0a,2.25.48906424954135283790354958243772558962,hip,lhip,iliac_right,203.73,112.85,0.0591,True,,,False,False
191151fc0a,2.25.48906424954135283790354958243772558962,hip,lhip,iliac_left,232.92,160.05,0.0387,False,,,False,False
191151fc0a,2.25.48906424954135283790354958243772558962,hip,lhip,disc_th12_l1,203.79,113.29,0.0616,False,,,False,False
191151fc0a,2.25.48906424954135283790354958243772558962,hip,lhip,disc_l1_l2,157.89,222.15,0.0274,False,,,False,False
191151fc0a,2.25.48906424954135283790354958243772558962,hip,lhip,disc_l2_l3,120.94,129.91,0.0152,False,,,False,False
191151fc0a,2.25.48906424954135283790354958243772558962,hip,lhip,disc_l3_l4,193.68,165.05,0.0161,False,,,False,False
191151fc0a,2.25.48906424954135283790354958243772558962,hip,lhip,disc_l4_l5,203.92,111.66,0.023,False,,,False,False
191151fc0a,2.25.48906424954135283790354958243772558962,hip,lhip,l1_edge_right,77.76,171.06,0.0266,False,,,False,False
191151fc0a,2.25.48906424954135283790354958243772558962,hip,lhip,l1_edge_left,158.88,227.03,0.0332,False,,,False,False
191151fc0a,2.25.48906424954135283790354958243772558962,hip,lhip,l2_edge_right,77.17,169.92,0.0234,False,,,False,False
191151fc0a,2.25.48906424954135283790354958243772558962,hip,lhip,l2_edge_left,103.99,173.91,0.023,False,,,False,False
191151fc0a,2.25.48906424954135283790354958243772558962,hip,lhip,l3_edge_right,55.25,28.55,0.0264,False,,,False,False
191151fc0a,2.25.48906424954135283790354958243772558962,hip,lhip,l3_edge_left,104.1,172.9,0.0242,False,,,False,False
191151fc0a,2.25.48906424954135283790354958243772558962,hip,lhip,l4_edge_right,151.01,200.87,0.018,False,,,False,False
191151fc0a,2.25.48906424954135283790354958243772558962,hip,lhip,l4_edge_left,139.91,223.47,0.0304,False,,,False,False
191151fc0a,2.25.48906424954135283790354958243772558962,hip,lhip,trochanter_major,203.97,114.05,0.3339,True,204.29,112.91,True,True
191151fc0a,2.25.48906424954135283790354958243772558962,hip,lhip,trochanter_lateral,232.87,168.71,0.1049,True,233.36,168.81,True,True
191151fc0a,2.25.48906424954135283790354958243772558962,hip,lhip,trochanter_minor,140.93,224.86,0.0615,False,136.76,227.85,True,True
191151fc0a,2.25.48906424954135283790354958243772558962,hip,lhip,femoral_head_center,118.61,130.65,0.2305,True,120.21,128.56,True,True
191151fc0a,2.25.48906424954135283790354958243772558962,hip,lhip,neck_center,147.26,149.45,0.2153,True,147.04,147.79,True,True
191151fc0a,2.25.48906424954135283790354958243772558962,hip,lhip,ischium_bottom,67.01,232.05,0.1559,True,65.2,234.11,True,True
191151fc0a,2.25.48906424954135283790354958243772558962,hip,lhip,shaft_lateral,214.98,225.4,0.1062,True,217.05,225.79,True,True
191151fc0a,2.25.48906424954135283790354958243772558962,hip,lhip,shaft_medial,158.6,225.6,0.1686,True,160.28,228.08,True,True
e53a207591,2.25.156389075510671877606923458507011517218,hip,rhip,th12_top,102.56,117.05,0.0306,False,,,False,False
e53a207591,2.25.156389075510671877606923458507011517218,hip,rhip,th12_bottom,67.98,94.94,0.0207,False,,,False,False
e53a207591,2.25.156389075510671877606923458507011517218,hip,rhip,l1_center,101.58,113.92,0.0413,False,,,False,False
e53a207591,2.25.156389075510671877606923458507011517218,hip,rhip,l2_center,105.39,185.37,0.0326,False,,,False,False
e53a207591,2.25.156389075510671877606923458507011517218,hip,rhip,l3_center,161.2,73.05,0.0169,False,,,False,False
e53a207591,2.25.156389075510671877606923458507011517218,hip,rhip,l4_center,160.94,76.96,0.0218,False,,,False,False
e53a207591,2.25.156389075510671877606923458507011517218,hip,rhip,iliac_right,163.51,78.68,0.0646,True,,,False,False
e53a207591,2.25.156389075510671877606923458507011517218,hip,rhip,iliac_left,195.03,137.67,0.0552,False,,,False,False
e53a207591,2.25.156389075510671877606923458507011517218,hip,rhip,disc_th12_l1,163.58,78.29,0.0717,False,,,False,False
e53a207591,2.25.156389075510671877606923458507011517218,hip,rhip,disc_l1_l2,107.9,182.4,0.0336,False,,,False,False
e53a207591,2.25.156389075510671877606923458507011517218,hip,rhip,disc_l2_l3,76.1,90.97,0.0153,False,,,False,False
e53a207591,2.25.156389075510671877606923458507011517218,hip,rhip,disc_l3_l4,52.99,105.84,0.0195,False,,,False,False
e53a207591,2.25.156389075510671877606923458507011517218,hip,rhip,disc_l4_l5,163.53,76.03,0.0207,False,,,False,False
e53a207591,2.25.156389075510671877606923458507011517218,hip,rhip,l1_edge_right,195.25,137.85,0.0244,False,,,False,False
e53a207591,2.25.156389075510671877606923458507011517218,hip,rhip,l1_edge_left,109.69,184.02,0.0361,False,,,False,False
e53a207591,2.25.156389075510671877606923458507011517218,hip,rhip,l2_edge_right,145.2,98.49,0.0228,False,,,False,False
e53a207591,2.25.156389075510671877606923458507011517218,hip,rhip,l2_edge_left,163.31,79.19,0.0208,False,,,False,False
e53a207591,2.25.156389075510671877606923458507011517218,hip,rhip,l3_edge_right,148.69,109.19,0.0212,False,,,False,False
e53a207591,2.25.156389075510671877606923458507011517218,hip,rhip,l3_edge_left,71.15,137.98,0.019,False,,,False,False
e53a207591,2.25.156389075510671877606923458507011517218,hip,rhip,l4_edge_right,162.04,81.29,0.0138,False,,,False,False
e53a207591,2.25.156389075510671877606923458507011517218,hip,rhip,l4_edge_left,107.17,221.02,0.0168,False,,,False,False
e53a207591,2.25.156389075510671877606923458507011517218,hip,rhip,trochanter_major,163.54,78.88,0.3537,True,163.01,77.62,True,True
e53a207591,2.25.156389075510671877606923458507011517218,hip,rhip,trochanter_lateral,195.0,137.6,0.2104,True,194.14,140.64,True,True
e53a207591,2.25.156389075510671877606923458507011517218,hip,rhip,trochanter_minor,104.52,184.51,0.1178,False,103.79,182.78,True,True
e53a207591,2.25.156389075510671877606923458507011517218,hip,rhip,femoral_head_center,73.83,92.91,0.1866,True,76.08,93.94,True,True
e53a207591,2.25.156389075510671877606923458507011517218,hip,rhip,neck_center,102.61,113.86,0.2604,True,100.75,112.92,True,True
e53a207591,2.25.156389075510671877606923458507011517218,hip,rhip,ischium_bottom,32.04,208.05,0.1581,True,14.31,210.4,True,True
e53a207591,2.25.156389075510671877606923458507011517218,hip,rhip,shaft_lateral,177.71,189.99,0.1121,True,178.14,181.91,True,True
e53a207591,2.25.156389075510671877606923458507011517218,hip,rhip,shaft_medial,108.6,184.41,0.1971,True,107.94,182.57,True,True
d7c5b153ed,2.25.78999454687125053757525542837745968726,hip,lhip,th12_top,130.57,118.12,0.0318,False,,,False,False
d7c5b153ed,2.25.78999454687125053757525542837745968726,hip,lhip,th12_bottom,98.05,102.54,0.0194,False,,,False,False
d7c5b153ed,2.25.78999454687125053757525542837745968726,hip,lhip,l1_center,129.65,115.13,0.04,False,,,False,False
d7c5b153ed,2.25.78999454687125053757525542837745968726,hip,lhip,l2_center,135.26,192.02,0.0602,False,,,False,False
d7c5b153ed,2.25.78999454687125053757525542837745968726,hip,lhip,l3_center,97.17,86.12,0.0189,False,,,False,False
d7c5b153ed,2.25.78999454687125053757525542837745968726,hip,lhip,l4_center,179.68,78.29,0.0205,False,,,False,False
d7c5b153ed,2.25.78999454687125053757525542837745968726,hip,lhip,iliac_right,182.65,79.94,0.0554,True,,,False,False
d7c5b153ed,2.25.78999454687125053757525542837745968726,hip,lhip,iliac_left,218.11,133.76,0.0668,False,,,False,False
d7c5b153ed,2.25.78999454687125053757525542837745968726,hip,lhip,disc_th12_l1,182.9,80.13,0.0523,False,,,False,False
d7c5b153ed,2.25.78999454687125053757525542837745968726,hip,lhip,disc_l1_l2,148.49,189.73,0.034,False,,,False,False
d7c5b153ed,2.25.78999454687125053757525542837745968726,hip,lhip,disc_l2_l3,105.03,99.3,0.014,False,,,False,False
d7c5b153ed,2.25.78999454687125053757525542837745968726,hip,lhip,disc_l3_l4,85.88,115.75,0.0222,False,,,False,False
d7c5b153ed,2.25.78999454687125053757525542837745968726,hip,lhip,disc_l4_l5,182.78,77.99,0.0223,False,,,False,False
d7c5b153ed,2.25.78999454687125053757525542837745968726,hip,lhip,l1_edge_right,218.07,133.86,0.0288,False,,,False,False
d7c5b153ed,2.25.78999454687125053757525542837745968726,hip,lhip,l1_edge_left,149.34,192.29,0.0385,False,,,False,False
d7c5b153ed,2.25.78999454687125053757525542837745968726,hip,lhip,l2_edge_right,153.93,90.96,0.0202,False,,,False,False
d7c5b153ed,2.25.78999454687125053757525542837745968726,hip,lhip,l2_edge_left,182.33,80.21,0.0226,False,,,False,False
d7c5b153ed,2.25.78999454687125053757525542837745968726,hip,lhip,l3_edge_right,107.99,107.89,0.0207,False,,,False,False
d7c5b153ed,2.25.78999454687125053757525542837745968726,hip,lhip,l3_edge_left,151.19,197.76,0.021,False,,,False,False
d7c5b153ed,2.25.78999454687125053757525542837745968726,hip,lhip,l4_edge_right,72.66,84.97,0.0177,False,,,False,False
d7c5b153ed,2.25.78999454687125053757525542837745968726,hip,lhip,l4_edge_left,125.71,117.07,0.0153,False,,,False,False
d7c5b153ed,2.25.78999454687125053757525542837745968726,hip,lhip,trochanter_major,182.89,80.34,0.3126,True,182.64,79.05,True,True
d7c5b153ed,2.25.78999454687125053757525542837745968726,hip,lhip,trochanter_lateral,218.13,133.75,0.2696,True,218.12,129.7,True,True
d7c5b153ed,2.25.78999454687125053757525542837745968726,hip,lhip,trochanter_minor,135.12,191.6,0.2184,True,133.37,189.99,True,True
d7c5b153ed,2.25.78999454687125053757525542837745968726,hip,lhip,femoral_head_center,103.44,100.39,0.1605,True,100.29,96.28,True,True
d7c5b153ed,2.25.78999454687125053757525542837745968726,hip,lhip,neck_center,130.35,115.14,0.2622,True,129.23,114.2,True,True
d7c5b153ed,2.25.78999454687125053757525542837745968726,hip,lhip,ischium_bottom,59.34,209.01,0.1223,True,60.33,210.32,True,True
d7c5b153ed,2.25.78999454687125053757525542837745968726,hip,lhip,shaft_lateral,203.85,186.08,0.1255,True,204.11,186.75,True,True
d7c5b153ed,2.25.78999454687125053757525542837745968726,hip,lhip,shaft_medial,148.95,190.92,0.2826,True,150.46,188.72,True,True
dd8a27e24b,1.2.840.113619.2.110.512719.20250403092052,hip,rhip,th12_top,118.91,88.13,0.0311,False,,,False,False
dd8a27e24b,1.2.840.113619.2.110.512719.20250403092052,hip,rhip,th12_bottom,92.32,64.52,0.0189,False,,,False,False
dd8a27e24b,1.2.840.113619.2.110.512719.20250403092052,hip,rhip,l1_center,115.59,160.17,0.0411,False,,,False,False
dd8a27e24b,1.2.840.113619.2.110.512719.20250403092052,hip,rhip,l2_center,116.27,160.26,0.0501,False,,,False,False
dd8a27e24b,1.2.840.113619.2.110.512719.20250403092052,hip,rhip,l3_center,95.95,12.53,0.0186,False,,,False,False
dd8a27e24b,1.2.840.113619.2.110.512719.20250403092052,hip,rhip,l4_center,171.02,62.71,0.0219,False,,,False,False
dd8a27e24b,1.2.840.113619.2.110.512719.20250403092052,hip,rhip,iliac_right,173.59,63.82,0.0578,True,,,False,False
dd8a27e24b,1.2.840.113619.2.110.512719.20250403092052,hip,rhip,iliac_left,192.72,119.73,0.0422,False,,,False,False
dd8a27e24b,1.2.840.113619.2.110.512719.20250403092052,hip,rhip,disc_th12_l1,173.56,63.84,0.0632,False,,,False,False
dd8a27e24b,1.2.840.113619.2.110.512719.20250403092052,hip,rhip,disc_l1_l2,121.26,160.62,0.0404,False,,,False,False
dd8a27e24b,1.2.840.113619.2.110.512719.20250403092052,hip,rhip,disc_l2_l3,95.04,13.49,0.0127,False,,,False,False
dd8a27e24b,1.2.840.113619.2.110.512719.20250403092052,hip,rhip,disc_l3_l4,95.77,14.78,0.0153,False,,,False,False
dd8a27e24b,1.2.840.113619.2.110.512719.20250403092052,hip,rhip,disc_l4_l5,174.21,61.75,0.0209,False,,,False,False
dd8a27e24b,1.2.840.113619.2.110.512719.20250403092052,hip,rhip,l1_edge_right,73.64,15.62,0.0323,False,,,False,False
dd8a27e24b,1.2.840.113619.2.110.512719.20250403092052,hip,rhip,l1_edge_left,122.37,161.73,0.0339,False,,,False,False
dd8a27e24b,1.2.840.113619.2.110.512719.20250403092052,hip,rhip,l2_edge_right,195.31,96.01,0.021,False,,,False,False
dd8a27e24b,1.2.840.113619.2.110.512719.20250403092052,hip,rhip,l2_edge_left,173.36,64.07,0.0219,False,,,False,False
dd8a27e24b,1.2.840.113619.2.110.512719.20250403092052,hip,rhip,l3_edge_right,74.05,15.72,0.0206,False,,,False,False
dd8a27e24b,1.2.840.113619.2.110.512719.20250403092052,hip,rhip,l3_edge_left,132.27,207.12,0.0192,False,,,False,False
dd8a27e24b,1.2.840.113619.2.110.512719.20250403092052,hip,rhip,l4_edge_right,58.97,38.92,0.0156,False,,,False,False
dd8a27e24b,1.2.840.113619.2.110.512719.20250403092052,hip,rhip,l4_edge_left,114.81,155.36,0.0159,False,,,False,False
dd8a27e24b,1.2.840.113619.2.110.512719.20250403092052,hip,rhip,trochanter_major,173.23,64.15,0.367,True,174.52,64.61,True,True
dd8a27e24b,1.2.840.113619.2.110.512719.20250403092052,hip,rhip,trochanter_lateral,192.59,119.65,0.1297,True,190.71,124.49,True,True
dd8a27e24b,1.2.840.113619.2.110.512719.20250403092052,hip,rhip,trochanter_minor,115.94,159.78,0.2447,True,114.33,156.88,True,True
dd8a27e24b,1.2.840.113619.2.110.512719.20250403092052,hip,rhip,femoral_head_center,95.65,62.86,0.2032,True,95.39,60.33,True,True
dd8a27e24b,1.2.840.113619.2.110.512719.20250403092052,hip,rhip,neck_center,119.64,85.21,0.2397,True,117.99,85.99,True,True
dd8a27e24b,1.2.840.113619.2.110.512719.20250403092052,hip,rhip,ischium_bottom,31.36,150.47,0.1213,True,29.7,151.38,True,True
dd8a27e24b,1.2.840.113619.2.110.512719.20250403092052,hip,rhip,shaft_lateral,177.15,165.76,0.1196,True,177.85,162.72,True,True
dd8a27e24b,1.2.840.113619.2.110.512719.20250403092052,hip,rhip,shaft_medial,121.69,160.69,0.2426,True,120.77,157.09,True,True
c8a127d42a,2.25.134456506307367483341018281460841912845,hip,lhip,th12_top,158.98,114.41,0.0314,False,,,False,False
c8a127d42a,2.25.134456506307367483341018281460841912845,hip,lhip,th12_bottom,127.8,87.33,0.0262,False,,,False,False
c8a127d42a,2.25.134456506307367483341018281460841912845,hip,lhip,l1_center,159.57,112.0,0.0406,False,,,False,False
c8a127d42a,2.25.134456506307367483341018281460841912845,hip,lhip,l2_center,158.29,178.94,0.032,False,,,False,False
c8a127d42a,2.25.134456506307367483341018281460841912845,hip,lhip,l3_center,185.32,261.0,0.0159,False,,,False,False
c8a127d42a,2.25.134456506307367483341018281460841912845,hip,lhip,l4_center,127.88,49.55,0.0172,False,,,False,False
c8a127d42a,2.25.134456506307367483341018281460841912845,hip,lhip,iliac_right,216.87,79.88,0.0359,False,,,False,False
c8a127d42a,2.25.134456506307367483341018281460841912845,hip,lhip,iliac_left,244.71,143.83,0.0488,False,,,False,False
c8a127d42a,2.25.134456506307367483341018281460841912845,hip,lhip,disc_th12_l1,217.76,81.26,0.0248,False,,,False,False
c8a127d42a,2.25.134456506307367483341018281460841912845,hip,lhip,disc_l1_l2,162.71,178.78,0.0409,False,,,False,False
c8a127d42a,2.25.134456506307367483341018281460841912845,hip,lhip,disc_l2_l3,135.09,84.28,0.014,False,,,False,False
c8a127d42a,2.25.134456506307367483341018281460841912845,hip,lhip,disc_l3_l4,184.87,260.1,0.0216,False,,,False,False
c8a127d42a,2.25.134456506307367483341018281460841912845,hip,lhip,disc_l4_l5,218.42,78.39,0.0166,False,,,False,False
c8a127d42a,2.25.134456506307367483341018281460841912845,hip,lhip,l1_edge_right,88.56,126.97,0.025,False,,,False,False
c8a127d42a,2.25.134456506307367483341018281460841912845,hip,lhip,l1_edge_left,163.71,179.73,0.0282,False,,,False,False
c8a127d42a,2.25.134456506307367483341018281460841912845,hip,lhip,l2_edge_right,87.89,124.73,0.0198,False,,,False,False
c8a127d42a,2.25.134456506307367483341018281460841912845,hip,lhip,l2_edge_left,218.32,80.4,0.0192,False,,,False,False
c8a127d42a,2.25.134456506307367483341018281460841912845,hip,lhip,l3_edge_right,89.4,127.01,0.0207,False,,,False,False
c8a127d42a,2.25.134456506307367483341018281460841912845,hip,lhip,l3_edge_left,160.68,27.87,0.024,False,,,False,False
c8a127d42a,2.25.134456506307367483341018281460841912845,hip,lhip,l4_edge_right,105.66,17.12,0.0172,False,,,False,False
c8a127d42a,2.25.134456506307367483341018281460841912845,hip,lhip,l4_edge_left,162.86,186.63,0.0209,False,,,False,False
c8a127d42a,2.25.134456506307367483341018281460841912845,hip,lhip,trochanter_major,216.96,80.1,0.0919,True,218.87,84.45,True,True
c8a127d42a,2.25.134456506307367483341018281460841912845,hip,lhip,trochanter_lateral,244.53,143.3,0.1656,True,243.17,147.47,True,True
c8a127d42a,2.25.134456506307367483341018281460841912845,hip,lhip,trochanter_minor,158.19,178.17,0.1662,False,160.03,176.32,True,True
c8a127d42a,2.25.134456506307367483341018281460841912845,hip,lhip,femoral_head_center,133.24,86.27,0.21,True,135.73,87.87,True,True
c8a127d42a,2.25.134456506307367483341018281460841912845,hip,lhip,neck_center,160.13,111.89,0.2551,True,161.16,112.92,True,True
c8a127d42a,2.25.134456506307367483341018281460841912845,hip,lhip,ischium_bottom,73.52,192.83,0.0969,False,78.02,194.55,True,True
c8a127d42a,2.25.134456506307367483341018281460841912845,hip,lhip,shaft_lateral,220.3,187.86,0.1407,True,222.97,180.9,True,True
c8a127d42a,2.25.134456506307367483341018281460841912845,hip,lhip,shaft_medial,162.73,178.93,0.2301,True,164.71,176.55,True,True
64b7278fbe,2.25.52982400970721161435951723390541696819,hip,rhip,th12_top,139.64,125.1,0.0274,False,,,False,False
64b7278fbe,2.25.52982400970721161435951723390541696819,hip,rhip,th12_bottom,105.87,111.66,0.0406,False,,,False,False
64b7278fbe,2.25.52982400970721161435951723390541696819,hip,rhip,l1_center,138.67,122.1,0.0371,False,,,False,False
64b7278fbe,2.25.52982400970721161435951723390541696819,hip,rhip,l2_center,157.14,189.95,0.0381,False,,,False,False
64b7278fbe,2.25.52982400970721161435951723390541696819,hip,rhip,l3_center,189.01,71.65,0.0158,False,,,False,False
64b7278fbe,2.25.52982400970721161435951723390541696819,hip,rhip,l4_center,188.95,75.68,0.0199,False,,,False,False
64b7278fbe,2.25.52982400970721161435951723390541696819,hip,rhip,iliac_right,191.5,76.72,0.0479,True,,,False,False
64b7278fbe,2.25.52982400970721161435951723390541696819,hip,rhip,iliac_left,229.76,129.6,0.0496,False,,,False,False
64b7278fbe,2.25.52982400970721161435951723390541696819,hip,rhip,disc_th12_l1,191.68,76.33,0.0565,False,,,False,False
64b7278fbe,2.25.52982400970721161435951723390541696819,hip,rhip,disc_l1_l2,160.2,186.39,0.0347,False,,,False,False
64b7278fbe,2.25.52982400970721161435951723390541696819,hip,rhip,disc_l2_l3,114.94,108.1,0.0133,False,,,False,False
64b7278fbe,2.25.52982400970721161435951723390541696819,hip,rhip,disc_l3_l4,103.72,111.31,0.0218,False,,,False,False
64b7278fbe,2.25.52982400970721161435951723390541696819,hip,rhip,disc_l4_l5,191.58,74.86,0.0222,False,,,False,False
64b7278fbe,2.25.52982400970721161435951723390541696819,hip,rhip,l1_edge_right,229.97,129.72,0.0248,False,,,False,False
64b7278fbe,2.25.52982400970721161435951723390541696819,hip,rhip,l1_edge_left,163.28,189.65,0.0248,False,,,False,False
64b7278fbe,2.25.52982400970721161435951723390541696819,hip,rhip,l2_edge_right,176.71,95.03,0.0206,False,,,False,False
64b7278fbe,2.25.52982400970721161435951723390541696819,hip,rhip,l2_edge_left,191.15,76.33,0.0215,False,,,False,False
64b7278fbe,2.25.52982400970721161435951723390541696819,hip,rhip,l3_edge_right,113.0,113.5,0.0205,False,,,False,False
64b7278fbe,2.25.52982400970721161435951723390541696819,hip,rhip,l3_edge_left,110.27,133.1,0.0183,False,,,False,False
64b7278fbe,2.25.52982400970721161435951723390541696819,hip,rhip,l4_edge_right,158.14,182.24,0.0149,False,,,False,False
64b7278fbe,2.25.52982400970721161435951723390541696819,hip,rhip,l4_edge_left,163.92,197.67,0.0257,False,,,False,False
64b7278fbe,2.25.52982400970721161435951723390541696819,hip,rhip,trochanter_major,191.65,76.99,0.3394,True,191.32,76.82,True,True
64b7278fbe,2.25.52982400970721161435951723390541696819,hip,rhip,trochanter_lateral,229.59,129.54,0.1656,True,228.9,128.67,True,True
64b7278fbe,2.25.52982400970721161435951723390541696819,hip,rhip,trochanter_minor,156.67,189.66,0.144,False,154.5,183.91,True,True
64b7278fbe,2.25.52982400970721161435951723390541696819,hip,rhip,femoral_head_center,111.89,109.17,0.2514,True,109.41,108.38,True,True
64b7278fbe,2.25.52982400970721161435951723390541696819,hip,rhip,neck_center,139.9,121.98,0.2515,True,134.59,120.78,True,True
64b7278fbe,2.25.52982400970721161435951723390541696819,hip,rhip,ischium_bottom,76.01,201.16,0.3316,True,74.47,201.57,True,True
64b7278fbe,2.25.52982400970721161435951723390541696819,hip,rhip,shaft_lateral,221.81,181.1,0.1193,True,220.27,176.9,True,True
64b7278fbe,2.25.52982400970721161435951723390541696819,hip,rhip,shaft_medial,161.84,189.13,0.1719,True,159.72,183.43,True,True
da56a6c673,2.25.156389075510671877606923458507011517218,hip,lhip,th12_top,133.6,118.06,0.0289,False,,,False,False
da56a6c673,2.25.156389075510671877606923458507011517218,hip,lhip,th12_bottom,101.0,98.6,0.025,False,,,False,False
da56a6c673,2.25.156389075510671877606923458507011517218,hip,lhip,l1_center,132.7,115.04,0.0389,False,,,False,False
da56a6c673,2.25.156389075510671877606923458507011517218,hip,lhip,l2_center,136.85,189.05,0.033,False,,,False,False
da56a6c673,2.25.156389075510671877606923458507011517218,hip,lhip,l3_center,181.19,238.9,0.0175,False,,,False,False
da56a6c673,2.25.156389075510671877606923458507011517218,hip,lhip,l4_center,193.77,76.83,0.0225,False,,,False,False
da56a6c673,2.25.156389075510671877606923458507011517218,hip,lhip,iliac_right,195.62,78.03,0.0498,True,,,False,False
da56a6c673,2.25.156389075510671877606923458507011517218,hip,lhip,iliac_left,228.96,131.8,0.0445,False,,,False,False
da56a6c673,2.25.156389075510671877606923458507011517218,hip,lhip,disc_th12_l1,195.44,78.21,0.0554,False,,,False,False
da56a6c673,2.25.156389075510671877606923458507011517218,hip,lhip,disc_l1_l2,143.78,187.07,0.0503,False,,,False,False
da56a6c673,2.25.156389075510671877606923458507011517218,hip,lhip,disc_l2_l3,106.4,94.6,0.013,False,,,False,False
da56a6c673,2.25.156389075510671877606923458507011517218,hip,lhip,disc_l3_l4,180.2,234.96,0.0206,False,,,False,False
da56a6c673,2.25.156389075510671877606923458507011517218,hip,lhip,disc_l4_l5,196.18,76.7,0.0212,False,,,False,False
da56a6c673,2.25.156389075510671877606923458507011517218,hip,lhip,l1_edge_right,229.14,131.79,0.0226,False,,,False,False
da56a6c673,2.25.156389075510671877606923458507011517218,hip,lhip,l1_edge_left,145.02,187.95,0.0328,False,,,False,False
da56a6c673,2.25.156389075510671877606923458507011517218,hip,lhip,l2_edge_right,71.01,21.01,0.0234,False,,,False,False
da56a6c673,2.25.156389075510671877606923458507011517218,hip,lhip,l2_edge_left,134.11,185.23,0.0217,False,,,False,False
da56a6c673,2.25.156389075510671877606923458507011517218,hip,lhip,l3_edge_right,106.06,101.35,0.021,False,,,False,False
da56a6c673,2.25.156389075510671877606923458507011517218,hip,lhip,l3_edge_left,217.27,101.18,0.0209,False,,,False,False
da56a6c673,2.25.156389075510671877606923458507011517218,hip,lhip,l4_edge_right,131.37,31.12,0.0147,False,,,False,False
da56a6c673,2.25.156389075510671877606923458507011517218,hip,lhip,l4_edge_left,127.92,117.15,0.0156,False,,,False,False
da56a6c673,2.25.156389075510671877606923458507011517218,hip,lhip,trochanter_major,195.52,78.43,0.2945,True,194.95,77.62,True,True
da56a6c673,2.25.156389075510671877606923458507011517218,hip,lhip,trochanter_lateral,228.78,131.74,0.1478,True,227.98,127.73,True,True
da56a6c673,2.25.156389075510671877606923458507011517218,hip,lhip,trochanter_minor,137.17,188.12,0.1929,True,137.25,188.09,True,True
da56a6c673,2.25.156389075510671877606923458507011517218,hip,lhip,femoral_head_center,104.65,95.63,0.2562,True,104.22,95.08,True,True
da56a6c673,2.25.156389075510671877606923458507011517218,hip,lhip,neck_center,133.78,114.99,0.2483,True,133.83,113.3,True,True
da56a6c673,2.25.156389075510671877606923458507011517218,hip,lhip,ischium_bottom,59.2,208.99,0.228,True,63.22,207.07,True,True
da56a6c673,2.25.156389075510671877606923458507011517218,hip,lhip,shaft_lateral,210.91,189.15,0.1193,True,210.76,182.77,True,True
da56a6c673,2.25.156389075510671877606923458507011517218,hip,lhip,shaft_medial,144.24,187.58,0.2973,True,143.93,186.89,True,True
97ed43db92,2.25.114887542067602662452692698814728642117,hip,rhip,th12_top,102.76,129.11,0.0291,False,,,False,False
97ed43db92,2.25.114887542067602662452692698814728642117,hip,rhip,th12_bottom,65.54,108.28,0.0284,False,,,False,False
97ed43db92,2.25.114887542067602662452692698814728642117,hip,rhip,l1_center,101.77,126.28,0.0381,False,,,False,False
97ed43db92,2.25.114887542067602662452692698814728642117,hip,rhip,l2_center,107.28,205.26,0.0658,False,,,False,False
97ed43db92,2.25.114887542067602662452692698814728642117,hip,rhip,l3_center,158.64,81.93,0.0156,False,,,False,False
97ed43db92,2.25.114887542067602662452692698814728642117,hip,rhip,l4_center,158.71,86.32,0.0146,False,,,False,False
97ed43db92,2.25.114887542067602662452692698814728642117,hip,rhip,iliac_right,158.85,88.43,0.0395,False,,,False,False
97ed43db92,2.25.114887542067602662452692698814728642117,hip,rhip,iliac_left,200.69,146.68,0.0452,False,,,False,False
97ed43db92,2.25.114887542067602662452692698814728642117,hip,rhip,disc_th12_l1,160.48,88.28,0.0243,False,,,False,False
97ed43db92,2.25.114887542067602662452692698814728642117,hip,rhip,disc_l1_l2,120.2,202.51,0.0217,False,,,False,False
97ed43db92,2.25.114887542067602662452692698814728642117,hip,rhip,disc_l2_l3,29.72,185.92,0.0141,False,,,False,False
97ed43db92,2.25.114887542067602662452692698814728642117,hip,rhip,disc_l3_l4,62.13,109.83,0.0184,False,,,False,False
97ed43db92,2.25.114887542067602662452692698814728642117,hip,rhip,disc_l4_l5,159.77,86.13,0.0193,False,,,False,False
97ed43db92,2.25.114887542067602662452692698814728642117,hip,rhip,l1_edge_right,200.8,146.71,0.0245,False,,,False,False
97ed43db92,2.25.114887542067602662452692698814728642117,hip,rhip,l1_edge_left,120.93,204.32,0.0369,False,,,False,False
97ed43db92,2.25.114887542067602662452692698814728642117,hip,rhip,l2_edge_right,12.57,139.15,0.024,False,,,False,False
97ed43db92,2.25.114887542067602662452692698814728642117,hip,rhip,l2_edge_left,156.09,89.76,0.0193,False,,,False,False
97ed43db92,2.25.114887542067602662452692698814728642117,hip,rhip,l3_edge_right,12.79,142.11,0.0322,False,,,False,False
97ed43db92,2.25.114887542067602662452692698814728642117,hip,rhip,l3_edge_left,153.99,310.93,0.0194,False,,,False,False
97ed43db92,2.25.114887542067602662452692698814728642117,hip,rhip,l4_edge_right,145.46,121.19,0.0178,False,,,False,False
97ed43db92,2.25.114887542067602662452692698814728642117,hip,rhip,l4_edge_left,97.09,129.06,0.0185,False,,,False,False
97ed43db92,2.25.114887542067602662452692698814728642117,hip,rhip,trochanter_major,159.81,88.0,0.1395,True,160.32,88.39,True,True
97ed43db92,2.25.114887542067602662452692698814728642117,hip,rhip,trochanter_lateral,200.47,146.62,0.147,True,196.93,127.91,True,True
97ed43db92,2.25.114887542067602662452692698814728642117,hip,rhip,trochanter_minor,106.16,204.31,0.2179,True,105.82,205.71,True,True
97ed43db92,2.25.114887542067602662452692698814728642117,hip,rhip,femoral_head_center,70.59,106.85,0.1715,True,70.46,106.28,True,True
97ed43db92,2.25.114887542067602662452692698814728642117,hip,rhip,neck_center,102.75,126.04,0.2345,True,100.0,125.0,True,True
97ed43db92,2.25.114887542067602662452692698814728642117,hip,rhip,ischium_bottom,27.73,204.85,0.0698,False,30.1,204.05,True,True
97ed43db92,2.25.114887542067602662452692698814728642117,hip,rhip,shaft_lateral,190.23,195.77,0.1238,True,189.51,194.86,True,True
97ed43db92,2.25.114887542067602662452692698814728642117,hip,rhip,shaft_medial,121.08,203.48,0.1796,True,119.86,204.48,True,True
3c5f5a6143,2.25.105033841136787477881326326053319223817,hip,rhip,th12_top,114.63,110.35,0.0332,False,,,False,False
3c5f5a6143,2.25.105033841136787477881326326053319223817,hip,rhip,th12_bottom,82.07,90.1,0.0218,False,,,False,False
3c5f5a6143,2.25.105033841136787477881326326053319223817,hip,rhip,l1_center,114.56,107.93,0.0428,False,,,False,False
3c5f5a6143,2.25.105033841136787477881326326053319223817,hip,rhip,l2_center,116.21,178.92,0.0529,False,,,False,False
3c5f5a6143,2.25.105033841136787477881326326053319223817,hip,rhip,l3_center,115.98,177.57,0.0166,False,,,False,False
3c5f5a6143,2.25.105033841136787477881326326053319223817,hip,rhip,l4_center,171.93,71.65,0.0201,False,,,False,False
3c5f5a6143,2.25.105033841136787477881326326053319223817,hip,rhip,iliac_right,173.72,71.9,0.0459,True,,,False,False
3c5f5a6143,2.25.105033841136787477881326326053319223817,hip,rhip,iliac_left,202.09,120.02,0.058,False,,,False,False
3c5f5a6143,2.25.105033841136787477881326326053319223817,hip,rhip,disc_th12_l1,173.87,71.97,0.04,False,,,False,False
3c5f5a6143,2.25.105033841136787477881326326053319223817,hip,rhip,disc_l1_l2,126.86,178.1,0.043,False,,,False,False
3c5f5a6143,2.25.105033841136787477881326326053319223817,hip,rhip,disc_l2_l3,88.0,88.57,0.0138,False,,,False,False
3c5f5a6143,2.25.105033841136787477881326326053319223817,hip,rhip,disc_l3_l4,132.15,110.04,0.0153,False,,,False,False
3c5f5a6143,2.25.105033841136787477881326326053319223817,hip,rhip,disc_l4_l5,173.92,70.15,0.0209,False,,,False,False
3c5f5a6143,2.25.105033841136787477881326326053319223817,hip,rhip,l1_edge_right,202.09,120.68,0.027,False,,,False,False
3c5f5a6143,2.25.105033841136787477881326326053319223817,hip,rhip,l1_edge_left,128.3,178.95,0.0294,False,,,False,False
3c5f5a6143,2.25.105033841136787477881326326053319223817,hip,rhip,l2_edge_right,31.73,120.02,0.0211,False,,,False,False
3c5f5a6143,2.25.105033841136787477881326326053319223817,hip,rhip,l2_edge_left,116.08,175.28,0.0208,False,,,False,False
3c5f5a6143,2.25.105033841136787477881326326053319223817,hip,rhip,l3_edge_right,92.07,116.96,0.0214,False,,,False,False
3c5f5a6143,2.25.105033841136787477881326326053319223817,hip,rhip,l3_edge_left,91.25,113.14,0.0185,False,,,False,False
3c5f5a6143,2.25.105033841136787477881326326053319223817,hip,rhip,l4_edge_right,120.72,158.68,0.0185,False,,,False,False
3c5f5a6143,2.25.105033841136787477881326326053319223817,hip,rhip,l4_edge_left,116.15,176.55,0.0317,False,,,False,False
3c5f5a6143,2.25.105033841136787477881326326053319223817,hip,rhip,trochanter_major,174.12,72.16,0.2061,True,174.2,73.17,True,True
3c5f5a6143,2.25.105033841136787477881326326053319223817,hip,rhip,trochanter_lateral,202.07,120.22,0.213,True,201.63,118.77,True,True
3c5f5a6143,2.25.105033841136787477881326326053319223817,hip,rhip,trochanter_minor,116.87,178.36,0.2087,True,114.12,177.93,True,True
3c5f5a6143,2.25.105033841136787477881326326053319223817,hip,rhip,femoral_head_center,86.6,88.87,0.2052,True,87.93,89.81,True,True
3c5f5a6143,2.25.105033841136787477881326326053319223817,hip,rhip,neck_center,115.18,107.84,0.2882,True,115.04,108.29,True,True
3c5f5a6143,2.25.105033841136787477881326326053319223817,hip,rhip,ischium_bottom,27.07,177.72,0.0891,False,25.07,177.62,True,True
3c5f5a6143,2.25.105033841136787477881326326053319223817,hip,rhip,shaft_lateral,183.82,181.07,0.1188,True,183.33,178.09,True,True
3c5f5a6143,2.25.105033841136787477881326326053319223817,hip,rhip,shaft_medial,127.34,178.13,0.3129,True,126.92,178.72,True,True
6f384897cd,2.25.10245777060263212829333021434108890537,hip,rhip,th12_top,89.6,107.08,0.0279,False,,,False,False
6f384897cd,2.25.10245777060263212829333021434108890537,hip,rhip,th12_bottom,53.93,87.99,0.0348,False,,,False,False
6f384897cd,2.25.10245777060263212829333021434108890537,hip,rhip,l1_center,88.72,104.04,0.0355,False,,,False,False
6f384897cd,2.25.10245777060263212829333021434108890537,hip,rhip,l2_center,84.37,182.2,0.0607,False,,,False,False
6f384897cd,2.25.10245777060263212829333021434108890537,hip,rhip,l3_center,157.59,276.99,0.0176,False,,,False,False
6f384897cd,2.25.10245777060263212829333021434108890537,hip,rhip,l4_center,148.75,67.77,0.0221,False,,,False,False
6f384897cd,2.25.10245777060263212829333021434108890537,hip,rhip,iliac_right,150.69,68.81,0.0648,True,,,False,False
6f384897cd,2.25.10245777060263212829333021434108890537,hip,rhip,iliac_left,183.66,123.81,0.0529,False,,,False,False
6f384897cd,2.25.10245777060263212829333021434108890537,hip,rhip,disc_th12_l1,150.92,69.11,0.0515,False,,,False,False
6f384897cd,2.25.10245777060263212829333021434108890537,hip,rhip,disc_l1_l2,100.14,181.29,0.0258,False,,,False,False
6f384897cd,2.25.10245777060263212829333021434108890537,hip,rhip,disc_l2_l3,137.09,225.03,0.0153,False,,,False,False
6f384897cd,2.25.10245777060263212829333021434108890537,hip,rhip,disc_l3_l4,139.94,237.13,0.0205,False,,,False,False
6f384897cd,2.25.10245777060263212829333021434108890537,hip,rhip,disc_l4_l5,151.63,67.51,0.0233,False,,,False,False
6f384897cd,2.25.10245777060263212829333021434108890537,hip,rhip,l1_edge_right,183.96,123.95,0.0242,False,,,False,False
6f384897cd,2.25.10245777060263212829333021434108890537,hip,rhip,l1_edge_left,101.18,182.14,0.0448,False,,,False,False
6f384897cd,2.25.10245777060263212829333021434108890537,hip,rhip,l2_edge_right,24.87,15.13,0.0176,False,,,False,False
6f384897cd,2.25.10245777060263212829333021434108890537,hip,rhip,l2_edge_left,150.3,69.26,0.0206,False,,,False,False
6f384897cd,2.25.10245777060263212829333021434108890537,hip,rhip,l3_edge_right,59.0,91.12,0.0221,False,,,False,False
6f384897cd,2.25.10245777060263212829333021434108890537,hip,rhip,l3_edge_left,52.82,108.03,0.02,False,,,False,False
6f384897cd,2.25.10245777060263212829333021434108890537,hip,rhip,l4_edge_right,8.92,127.17,0.0207,False,,,False,False
6f384897cd,2.25.10245777060263212829333021434108890537,hip,rhip,l4_edge_left,47.2,133.24,0.0208,False,,,False,False
6f384897cd,2.25.10245777060263212829333021434108890537,hip,rhip,trochanter_major,151.13,69.41,0.3608,True,152.34,69.79,True,True
6f384897cd,2.25.10245777060263212829333021434108890537,hip,rhip,trochanter_lateral,183.56,123.8,0.1808,True,182.6,115.56,True,True
6f384897cd,2.25.10245777060263212829333021434108890537,hip,rhip,trochanter_minor,84.2,181.9,0.2132,True,83.1,182.53,True,True
6f384897cd,2.25.10245777060263212829333021434108890537,hip,rhip,femoral_head_center,58.9,85.4,0.2268,True,60.78,89.08,True,True
6f384897cd,2.25.10245777060263212829333021434108890537,hip,rhip,neck_center,89.72,103.47,0.2187,True,88.4,104.21,True,True
6f384897cd,2.25.10245777060263212829333021434108890537,hip,rhip,ischium_bottom,13.64,184.55,0.2668,True,14.24,185.18,True,True
6f384897cd,2.25.10245777060263212829333021434108890537,hip,rhip,shaft_lateral,167.82,176.97,0.1332,True,167.4,179.18,True,True
6f384897cd,2.25.10245777060263212829333021434108890537,hip,rhip,shaft_medial,100.36,180.89,0.2705,True,99.52,181.79,True,True
4b1e4b09dc,2.25.13325817932854000792938662637654885530,hip,lhip,th12_top,120.97,3.78,0.031,False,,,False,False
4b1e4b09dc,2.25.13325817932854000792938662637654885530,hip,lhip,th12_bottom,119.99,73.57,0.0306,False,,,False,False
4b1e4b09dc,2.25.13325817932854000792938662637654885530,hip,lhip,l1_center,152.5,90.06,0.0376,False,,,False,False
4b1e4b09dc,2.25.13325817932854000792938662637654885530,hip,lhip,l2_center,151.33,165.43,0.0533,False,,,False,False
4b1e4b09dc,2.25.13325817932854000792938662637654885530,hip,lhip,l3_center,120.79,16.39,0.0181,False,,,False,False
4b1e4b09dc,2.25.13325817932854000792938662637654885530,hip,lhip,l4_center,209.78,56.15,0.0175,False,,,False,False
4b1e4b09dc,2.25.13325817932854000792938662637654885530,hip,lhip,iliac_right,212.65,57.79,0.0549,True,,,False,False
4b1e4b09dc,2.25.13325817932854000792938662637654885530,hip,lhip,iliac_left,244.93,110.84,0.0604,False,,,False,False
4b1e4b09dc,2.25.13325817932854000792938662637654885530,hip,lhip,disc_th12_l1,212.85,58.29,0.0438,False,,,False,False
4b1e4b09dc,2.25.13325817932854000792938662637654885530,hip,lhip,disc_l1_l2,165.98,166.4,0.0279,False,,,False,False
4b1e4b09dc,2.25.13325817932854000792938662637654885530,hip,lhip,disc_l2_l3,130.47,71.74,0.0118,False,,,False,False
4b1e4b09dc,2.25.13325817932854000792938662637654885530,hip,lhip,disc_l3_l4,118.28,32.1,0.026,False,,,False,False
4b1e4b09dc,2.25.13325817932854000792938662637654885530,hip,lhip,disc_l4_l5,213.45,56.1,0.0213,False,,,False,False
4b1e4b09dc,2.25.13325817932854000792938662637654885530,hip,lhip,l1_edge_right,245.12,110.77,0.0266,False,,,False,False
4b1e4b09dc,2.25.13325817932854000792938662637654885530,hip,lhip,l1_edge_left,167.13,168.36,0.0309,False,,,False,False
4b1e4b09dc,2.25.13325817932854000792938662637654885530,hip,lhip,l2_edge_right,193.87,76.44,0.0236,False,,,False,False
4b1e4b09dc,2.25.13325817932854000792938662637654885530,hip,lhip,l2_edge_left,148.2,18.8,0.0268,False,,,False,False
4b1e4b09dc,2.25.13325817932854000792938662637654885530,hip,lhip,l3_edge_right,83.6,103.82,0.0302,False,,,False,False
4b1e4b09dc,2.25.13325817932854000792938662637654885530,hip,lhip,l3_edge_left,168.95,174.67,0.0184,False,,,False,False
4b1e4b09dc,2.25.13325817932854000792938662637654885530,hip,lhip,l4_edge_right,157.72,146.98,0.0166,False,,,False,False
4b1e4b09dc,2.25.13325817932854000792938662637654885530,hip,lhip,l4_edge_left,147.91,93.11,0.0176,False,,,False,False
4b1e4b09dc,2.25.13325817932854000792938662637654885530,hip,lhip,trochanter_major,213.12,58.75,0.2532,True,213.25,57.88,True,True
4b1e4b09dc,2.25.13325817932854000792938662637654885530,hip,lhip,trochanter_lateral,244.87,110.59,0.2274,True,245.64,104.63,True,True
4b1e4b09dc,2.25.13325817932854000792938662637654885530,hip,lhip,trochanter_minor,151.21,165.2,0.2427,True,152.14,166.04,True,True
4b1e4b09dc,2.25.13325817932854000792938662637654885530,hip,lhip,femoral_head_center,126.14,72.18,0.2019,True,126.48,68.58,True,True
4b1e4b09dc,2.25.13325817932854000792938662637654885530,hip,lhip,neck_center,153.51,90.08,0.2501,True,154.59,90.27,True,True
4b1e4b09dc,2.25.13325817932854000792938662637654885530,hip,lhip,ischium_bottom,84.64,180.79,0.1268,True,85.84,181.32,True,True
4b1e4b09dc,2.25.13325817932854000792938662637654885530,hip,lhip,shaft_lateral,228.35,161.06,0.1413,True,228.5,163.05,True,True
4b1e4b09dc,2.25.13325817932854000792938662637654885530,hip,lhip,shaft_medial,166.16,166.95,0.2528,True,167.22,166.03,True,True
a9c4714c26,2.25.269648774413746842548908998641183395622,hip,lhip,th12_top,95.81,100.1,0.0283,False,,,False,False
a9c4714c26,2.25.269648774413746842548908998641183395622,hip,lhip,th12_bottom,63.74,86.49,0.0239,False,,,False,False
a9c4714c26,2.25.269648774413746842548908998641183395622,hip,lhip,l1_center,95.52,97.18,0.0387,False,,,False,False
a9c4714c26,2.25.269648774413746842548908998641183395622,hip,lhip,l2_center,106.03,169.94,0.05,False,,,False,False
a9c4714c26,2.25.269648774413746842548908998641183395622,hip,lhip,l3_center,66.12,26.77,0.0218,False,,,False,False
a9c4714c26,2.25.269648774413746842548908998641183395622,hip,lhip,l4_center,145.09,59.89,0.0232,False,,,False,False
a9c4714c26,2.25.269648774413746842548908998641183395622,hip,lhip,iliac_right,146.96,60.65,0.0641,True,,,False,False
a9c4714c26,2.25.269648774413746842548908998641183395622,hip,lhip,iliac_left,186.7,112.78,0.0409,False,,,False,False
a9c4714c26,2.25.269648774413746842548908998641183395622,hip,lhip,disc_th12_l1,146.92,60.4,0.046,False,,,False,False
a9c4714c26,2.25.269648774413746842548908998641183395622,hip,lhip,disc_l1_l2,116.0,166.48,0.0366,False,,,False,False
a9c4714c26,2.25.269648774413746842548908998641183395622,hip,lhip,disc_l2_l3,42.1,148.21,0.0148,False,,,False,False
a9c4714c26,2.25.269648774413746842548908998641183395622,hip,lhip,disc_l3_l4,66.71,26.98,0.0193,False,,,False,False
a9c4714c26,2.25.269648774413746842548908998641183395622,hip,lhip,disc_l4_l5,147.16,59.43,0.0224,False,,,False,False
a9c4714c26,2.25.269648774413746842548908998641183395622,hip,lhip,l1_edge_right,134.61,76.72,0.028,False,,,False,False
a9c4714c26,2.25.269648774413746842548908998641183395622,hip,lhip,l1_edge_left,117.09,168.04,0.03,False,,,False,False
a9c4714c26,2.25.269648774413746842548908998641183395622,hip,lhip,l2_edge_right,20.24,125.13,0.0205,False,,,False,False
a9c4714c26,2.25.269648774413746842548908998641183395622,hip,lhip,l2_edge_left,106.68,164.43,0.0225,False,,,False,False
a9c4714c26,2.25.269648774413746842548908998641183395622,hip,lhip,l3_edge_right,21.66,126.06,0.0224,False,,,False,False
a9c4714c26,2.25.269648774413746842548908998641183395622,hip,lhip,l3_edge_left,57.25,122.09,0.0178,False,,,False,False
a9c4714c26,2.25.269648774413746842548908998641183395622,hip,lhip,l4_edge_right,51.81,142.09,0.0147,False,,,False,False
a9c4714c26,2.25.269648774413746842548908998641183395622,hip,lhip,l4_edge_left,58.12,123.21,0.0175,False,,,False,False
a9c4714c26,2.25.269648774413746842548908998641183395622,hip,lhip,trochanter_major,147.13,61.06,0.3144,True,144.33,60.55,True,True
a9c4714c26,2.25.269648774413746842548908998641183395622,hip,lhip,trochanter_lateral,186.22,112.75,0.1202,True,183.69,99.24,True,True
a9c4714c26,2.25.269648774413746842548908998641183395622,hip,lhip,trochanter_minor,105.78,169.01,0.2333,True,105.3,167.78,True,True
a9c4714c26,2.25.269648774413746842548908998641183395622,hip,lhip,femoral_head_center,69.74,85.36,0.2173,True,70.35,85.67,True,True
a9c4714c26,2.25.269648774413746842548908998641183395622,hip,lhip,neck_center,96.42,97.14,0.2627,True,96.48,97.88,True,True
a9c4714c26,2.25.269648774413746842548908998641183395622,hip,lhip,ischium_bottom,33.3,187.63,0.1314,True,33.7,189.5,True,True
a9c4714c26,2.25.269648774413746842548908998641183395622,hip,lhip,shaft_lateral,176.94,158.24,0.1403,True,177.43,161.94,True,True
a9c4714c26,2.25.269648774413746842548908998641183395622,hip,lhip,shaft_medial,116.96,167.09,0.3051,True,117.66,165.74,True,True
861d8b7d48,2.25.105033841136787477881326326053319223817,hip,lhip,th12_top,126.77,110.03,0.0286,False,,,False,False
861d8b7d48,2.25.105033841136787477881326326053319223817,hip,lhip,th12_bottom,90.18,93.12,0.0231,False,,,False,False
861d8b7d48,2.25.105033841136787477881326326053319223817,hip,lhip,l1_center,125.85,107.16,0.033,False,,,False,False
861d8b7d48,2.25.105033841136787477881326326053319223817,hip,lhip,l2_center,134.38,178.04,0.0634,False,,,False,False
861d8b7d48,2.25.105033841136787477881326326053319223817,hip,lhip,l3_center,186.09,61.19,0.0172,False,,,False,False
861d8b7d48,2.25.105033841136787477881326326053319223817,hip,lhip,l4_center,186.56,65.68,0.0205,False,,,False,False
861d8b7d48,2.25.105033841136787477881326326053319223817,hip,lhip,iliac_right,187.88,66.66,0.0531,True,,,False,False
861d8b7d48,2.25.105033841136787477881326326053319223817,hip,lhip,iliac_left,217.01,115.94,0.0472,False,,,False,False
861d8b7d48,2.25.105033841136787477881326326053319223817,hip,lhip,disc_th12_l1,187.78,66.54,0.0615,False,,,False,False
861d8b7d48,2.25.105033841136787477881326326053319223817,hip,lhip,disc_l1_l2,144.75,175.33,0.0361,False,,,False,False
861d8b7d48,2.25.105033841136787477881326326053319223817,hip,lhip,disc_l2_l3,98.73,90.86,0.0141,False,,,False,False
861d8b7d48,2.25.105033841136787477881326326053319223817,hip,lhip,disc_l3_l4,99.91,30.97,0.0197,False,,,False,False
861d8b7d48,2.25.105033841136787477881326326053319223817,hip,lhip,disc_l4_l5,187.97,64.73,0.0189,False,,,False,False
861d8b7d48,2.25.105033841136787477881326326053319223817,hip,lhip,l1_edge_right,217.06,116.81,0.0225,False,,,False,False
861d8b7d48,2.25.105033841136787477881326326053319223817,hip,lhip,l1_edge_left,145.22,177.8,0.0303,False,,,False,False
861d8b7d48,2.25.105033841136787477881326326053319223817,hip,lhip,l2_edge_right,44.08,133.11,0.0212,False,,,False,False
861d8b7d48,2.25.105033841136787477881326326053319223817,hip,lhip,l2_edge_left,187.49,67.1,0.0217,False,,,False,False
861d8b7d48,2.25.105033841136787477881326326053319223817,hip,lhip,l3_edge_right,170.76,88.43,0.0226,False,,,False,False
861d8b7d48,2.25.105033841136787477881326326053319223817,hip,lhip,l3_edge_left,77.16,131.2,0.0228,False,,,False,False
861d8b7d48,2.25.105033841136787477881326326053319223817,hip,lhip,l4_edge_right,60.85,47.9,0.0152,False,,,False,False
861d8b7d48,2.25.105033841136787477881326326053319223817,hip,lhip,l4_edge_left,133.36,175.88,0.0177,False,,,False,False
861d8b7d48,2.25.105033841136787477881326326053319223817,hip,lhip,trochanter_major,187.91,67.29,0.3371,True,186.43,68.03,True,True
861d8b7d48,2.25.105033841136787477881326326053319223817,hip,lhip,trochanter_lateral,216.98,115.99,0.1624,True,216.4,107.31,True,True
861d8b7d48,2.25.105033841136787477881326326053319223817,hip,lhip,trochanter_minor,134.56,177.58,0.1705,False,131.65,176.56,True,True
861d8b7d48,2.25.105033841136787477881326326053319223817,hip,lhip,femoral_head_center,95.81,91.0,0.1841,True,99.26,93.18,True,True
861d8b7d48,2.25.105033841136787477881326326053319223817,hip,lhip,neck_center,126.86,106.92,0.2305,True,125.79,105.24,True,True
861d8b7d48,2.25.105033841136787477881326326053319223817,hip,lhip,ischium_bottom,59.37,184.07,0.1636,True,59.64,182.76,True,True
861d8b7d48,2.25.105033841136787477881326326053319223817,hip,lhip,shaft_lateral,202.03,171.7,0.1316,True,202.81,169.77,True,True
861d8b7d48,2.25.105033841136787477881326326053319223817,hip,lhip,shaft_medial,145.2,176.17,0.2472,True,146.22,175.08,True,True
e86bdfd42d,2.25.134456506307367483341018281460841912845,hip,rhip,th12_top,145.76,107.23,0.0321,False,,,False,False
e86bdfd42d,2.25.134456506307367483341018281460841912845,hip,rhip,th12_bottom,111.69,86.99,0.0277,False,,,False,False
e86bdfd42d,2.25.134456506307367483341018281460841912845,hip,rhip,l1_center,145.61,104.24,0.0376,False,,,False,False
e86bdfd42d,2.25.134456506307367483341018281460841912845,hip,rhip,l2_center,157.41,178.42,0.0319,False,,,False,False
e86bdfd42d,2.25.134456506307367483341018281460841912845,hip,rhip,l3_center,204.76,249.07,0.0192,False,,,False,False
e86bdfd42d,2.25.134456506307367483341018281460841912845,hip,rhip,l4_center,203.79,68.48,0.0207,False,,,False,False
e86bdfd42d,2.25.134456506307367483341018281460841912845,hip,rhip,iliac_right,205.58,68.97,0.0569,True,,,False,False
e86bdfd42d,2.25.134456506307367483341018281460841912845,hip,rhip,iliac_left,236.0,123.69,0.0534,False,,,False,False
e86bdfd42d,2.25.134456506307367483341018281460841912845,hip,rhip,disc_th12_l1,204.31,69.61,0.0453,False,,,False,False
e86bdfd42d,2.25.134456506307367483341018281460841912845,hip,rhip,disc_l1_l2,160.77,176.34,0.036,False,,,False,False
e86bdfd42d,2.25.134456506307367483341018281460841912845,hip,rhip,disc_l2_l3,200.78,248.93,0.0138,False,,,False,False
e86bdfd42d,2.25.134456506307367483341018281460841912845,hip,rhip,disc_l3_l4,111.83,87.17,0.0173,False,,,False,False
e86bdfd42d,2.25.134456506307367483341018281460841912845,hip,rhip,disc_l4_l5,206.47,67.54,0.0233,False,,,False,False
e86bdfd42d,2.25.134456506307367483341018281460841912845,hip,rhip,l1_edge_right,68.76,122.24,0.026,False,,,False,False
e86bdfd42d,2.25.134456506307367483341018281460841912845,hip,rhip,l1_edge_left,162.46,178.17,0.0285,False,,,False,False
e86bdfd42d,2.25.134456506307367483341018281460841912845,hip,rhip,l2_edge_right,106.21,11.23,0.0206,False,,,False,False
e86bdfd42d,2.25.134456506307367483341018281460841912845,hip,rhip,l2_edge_left,203.68,69.94,0.0213,False,,,False,False
e86bdfd42d,2.25.134456506307367483341018281460841912845,hip,rhip,l3_edge_right,164.13,189.91,0.0196,False,,,False,False
e86bdfd42d,2.25.134456506307367483341018281460841912845,hip,rhip,l3_edge_left,164.93,188.07,0.02,False,,,False,False
e86bdfd42d,2.25.134456506307367483341018281460841912845,hip,rhip,l4_edge_right,203.88,72.3,0.0144,False,,,False,False
e86bdfd42d,2.25.134456506307367483341018281460841912845,hip,rhip,l4_edge_left,162.73,186.14,0.0178,False,,,False,False
e86bdfd42d,2.25.134456506307367483341018281460841912845,hip,rhip,trochanter_major,205.79,69.66,0.2881,True,205.3,68.65,True,True
e86bdfd42d,2.25.134456506307367483341018281460841912845,hip,rhip,trochanter_lateral,235.99,123.2,0.1908,True,234.81,121.62,True,True
e86bdfd42d,2.25.134456506307367483341018281460841912845,hip,rhip,trochanter_minor,156.72,177.89,0.1638,False,156.88,172.69,True,True
e86bdfd42d,2.25.134456506307367483341018281460841912845,hip,rhip,femoral_head_center,115.83,84.52,0.2097,True,117.91,84.54,True,True
e86bdfd42d,2.25.134456506307367483341018281460841912845,hip,rhip,neck_center,146.25,104.33,0.2517,True,145.53,104.21,True,True
e86bdfd42d,2.25.134456506307367483341018281460841912845,hip,rhip,ischium_bottom,70.64,184.53,0.3174,True,69.86,183.66,True,True
e86bdfd42d,2.25.134456506307367483341018281460841912845,hip,rhip,shaft_lateral,219.08,175.05,0.1449,True,217.74,171.58,True,True
e86bdfd42d,2.25.134456506307367483341018281460841912845,hip,rhip,shaft_medial,161.51,178.0,0.2144,True,160.21,173.05,True,True
fbb8373cc9,2.25.78999454687125053757525542837745968726,spine,spine,th12_top,23.0,222.33,0.0219,False,,,False,True
fbb8373cc9,2.25.78999454687125053757525542837745968726,spine,spine,th12_bottom,147.01,42.87,0.0414,False,,,False,True
fbb8373cc9,2.25.78999454687125053757525542837745968726,spine,spine,l1_center,145.96,16.1,0.1845,True,144.52,17.97,True,True
fbb8373cc9,2.25.78999454687125053757525542837745968726,spine,spine,l2_center,148.68,72.86,0.3677,True,148.24,74.61,True,True
fbb8373cc9,2.25.78999454687125053757525542837745968726,spine,spine,l3_center,151.32,133.92,0.3008,True,150.31,135.38,True,True
fbb8373cc9,2.25.78999454687125053757525542837745968726,spine,spine,l4_center,153.94,194.86,0.2766,True,151.14,200.71,True,True
fbb8373cc9,2.25.78999454687125053757525542837745968726,spine,spine,iliac_right,22.9,222.16,0.1297,True,22.14,222.2,True,True
fbb8373cc9,2.25.78999454687125053757525542837745968726,spine,spine,iliac_left,294.29,216.9,0.1108,True,294.6,216.83,True,True
fbb8373cc9,2.25.78999454687125053757525542837745968726,spine,spine,disc_th12_l1,146.89,45.88,0.025,False,,,False,True
fbb8373cc9,2.25.78999454687125053757525542837745968726,spine,spine,disc_l1_l2,147.61,45.27,0.2989,True,147.48,48.6,True,True
fbb8373cc9,2.25.78999454687125053757525542837745968726,spine,spine,disc_l2_l3,150.12,103.63,0.3471,True,149.98,104.22,True,True
fbb8373cc9,2.25.78999454687125053757525542837745968726,spine,spine,disc_l3_l4,153.28,163.5,0.2485,True,150.89,165.06,True,True
fbb8373cc9,2.25.78999454687125053757525542837745968726,spine,spine,disc_l4_l5,153.43,223.33,0.1246,True,152.3,224.21,True,True
fbb8373cc9,2.25.78999454687125053757525542837745968726,spine,spine,l1_edge_right,112.43,19.85,0.2613,True,112.69,20.03,True,True
fbb8373cc9,2.25.78999454687125053757525542837745968726,spine,spine,l1_edge_left,178.51,14.67,0.26,True,178.42,16.72,True,True
fbb8373cc9,2.25.78999454687125053757525542837745968726,spine,spine,l2_edge_right,114.73,77.49,0.3222,True,114.75,77.09,True,True
fbb8373cc9,2.25.78999454687125053757525542837745968726,spine,spine,l2_edge_left,183.16,74.44,0.314,True,183.39,74.61,True,True
fbb8373cc9,2.25.78999454687125053757525542837745968726,spine,spine,l3_edge_right,115.19,134.12,0.2557,True,115.17,137.45,True,True
fbb8373cc9,2.25.78999454687125053757525542837745968726,spine,spine,l3_edge_left,187.48,133.39,0.2698,True,187.93,134.14,True,True
fbb8373cc9,2.25.78999454687125053757525542837745968726,spine,spine,l4_edge_right,113.92,195.05,0.2393,True,115.99,203.6,True,True
fbb8373cc9,2.25.78999454687125053757525542837745968726,spine,spine,l4_edge_left,193.03,194.16,0.2494,True,193.72,200.29,True,True
fbb8373cc9,2.25.78999454687125053757525542837745968726,spine,spine,trochanter_major,21.89,221.95,0.0371,False,,,False,False
fbb8373cc9,2.25.78999454687125053757525542837745968726,spine,spine,trochanter_lateral,293.94,217.36,0.0267,False,,,False,False
fbb8373cc9,2.25.78999454687125053757525542837745968726,spine,spine,trochanter_minor,148.84,72.81,0.0951,False,,,False,False
fbb8373cc9,2.25.78999454687125053757525542837745968726,spine,spine,femoral_head_center,153.81,158.67,0.052,False,,,False,False
fbb8373cc9,2.25.78999454687125053757525542837745968726,spine,spine,neck_center,190.45,286.54,0.0208,False,,,False,False
fbb8373cc9,2.25.78999454687125053757525542837745968726,spine,spine,ischium_bottom,31.12,56.97,0.0418,False,,,False,False
fbb8373cc9,2.25.78999454687125053757525542837745968726,spine,spine,shaft_lateral,108.04,134.88,0.0259,False,,,False,False
fbb8373cc9,2.25.78999454687125053757525542837745968726,spine,spine,shaft_medial,147.37,45.7,0.1007,False,,,False,False
81dc992bf1,2.25.10245777060263212829333021434108890537,spine,spine,th12_top,21.05,234.47,0.0265,False,,,False,True
81dc992bf1,2.25.10245777060263212829333021434108890537,spine,spine,th12_bottom,161.15,29.45,0.1679,True,162.65,29.81,True,True
81dc992bf1,2.25.10245777060263212829333021434108890537,spine,spine,l1_center,161.38,61.98,0.2112,True,162.03,62.85,True,True
81dc992bf1,2.25.10245777060263212829333021434108890537,spine,spine,l2_center,158.44,116.83,0.3498,True,158.08,116.12,True,True
81dc992bf1,2.25.10245777060263212829333021434108890537,spine,spine,l3_center,153.38,170.9,0.2867,True,153.35,169.77,True,True
81dc992bf1,2.25.10245777060263212829333021434108890537,spine,spine,l4_center,149.29,229.07,0.155,True,147.56,237.57,True,True
81dc992bf1,2.25.10245777060263212829333021434108890537,spine,spine,iliac_right,21.09,234.37,0.2057,True,21.35,233.86,True,True
81dc992bf1,2.25.10245777060263212829333021434108890537,spine,spine,iliac_left,283.41,243.74,0.127,True,284.15,243.35,True,True
81dc992bf1,2.25.10245777060263212829333021434108890537,spine,spine,disc_th12_l1,161.74,35.7,0.2158,True,162.81,36.2,True,True
81dc992bf1,2.25.10245777060263212829333021434108890537,spine,spine,disc_l1_l2,160.51,87.22,0.259,True,160.54,87.5,True,True
81dc992bf1,2.25.10245777060263212829333021434108890537,spine,spine,disc_l2_l3,156.49,142.93,0.2784,True,156.11,143.59,True,True
81dc992bf1,2.25.10245777060263212829333021434108890537,spine,spine,disc_l3_l4,150.41,200.21,0.1839,True,151.19,201.64,True,True
81dc992bf1,2.25.10245777060263212829333021434108890537,spine,spine,disc_l4_l5,147.88,258.83,0.0658,True,147.89,271.19,True,True
81dc992bf1,2.25.10245777060263212829333021434108890537,spine,spine,l1_edge_right,134.06,60.92,0.2987,True,134.19,63.86,True,True
81dc992bf1,2.25.10245777060263212829333021434108890537,spine,spine,l1_edge_left,191.28,64.01,0.2001,True,192.48,64.68,True,True
81dc992bf1,2.25.10245777060263212829333021434108890537,spine,spine,l2_edge_right,127.29,116.24,0.2798,True,128.4,115.12,True,True
81dc992bf1,2.25.10245777060263212829333021434108890537,spine,spine,l2_edge_left,189.76,120.81,0.3231,True,190.41,118.02,True,True
81dc992bf1,2.25.10245777060263212829333021434108890537,spine,spine,l3_edge_right,118.85,167.68,0.3118,True,118.48,170.11,True,True
81dc992bf1,2.25.10245777060263212829333021434108890537,spine,spine,l3_edge_left,188.72,173.25,0.1749,True,187.52,171.35,True,True
81dc992bf1,2.25.10245777060263212829333021434108890537,spine,spine,l4_edge_right,108.08,224.91,0.1875,True,106.9,231.71,True,True
81dc992bf1,2.25.10245777060263212829333021434108890537,spine,spine,l4_edge_left,188.29,230.3,0.0821,True,189.59,236.68,True,True
81dc992bf1,2.25.10245777060263212829333021434108890537,spine,spine,trochanter_major,20.53,234.36,0.0689,True,,,False,False
81dc992bf1,2.25.10245777060263212829333021434108890537,spine,spine,trochanter_lateral,292.32,244.91,0.031,False,,,False,False
81dc992bf1,2.25.10245777060263212829333021434108890537,spine,spine,trochanter_minor,158.73,116.86,0.0854,False,,,False,False
81dc992bf1,2.25.10245777060263212829333021434108890537,spine,spine,femoral_head_center,157.06,139.02,0.0544,False,,,False,False
81dc992bf1,2.25.10245777060263212829333021434108890537,spine,spine,neck_center,52.16,289.16,0.0174,False,,,False,False
81dc992bf1,2.25.10245777060263212829333021434108890537,spine,spine,ischium_bottom,28.22,25.67,0.0401,False,,,False,False
81dc992bf1,2.25.10245777060263212829333021434108890537,spine,spine,shaft_lateral,115.98,259.04,0.0227,False,,,False,False
81dc992bf1,2.25.10245777060263212829333021434108890537,spine,spine,shaft_medial,160.27,87.77,0.0947,False,,,False,False
8ecf0385da,2.25.105033841136787477881326326053319223817,spine,spine,th12_top,134.85,10.02,0.0457,False,,,False,True
8ecf0385da,2.25.105033841136787477881326326053319223817,spine,spine,th12_bottom,141.45,64.99,0.1031,False,,,False,True
8ecf0385da,2.25.105033841136787477881326326053319223817,spine,spine,l1_center,144.82,90.92,0.16,True,144.11,92.38,True,True
8ecf0385da,2.25.105033841136787477881326326053319223817,spine,spine,l2_center,150.87,143.18,0.3187,True,150.31,144.06,True,True
8ecf0385da,2.25.105033841136787477881326326053319223817,spine,spine,l3_center,157.15,199.24,0.2302,True,155.27,199.47,True,True
8ecf0385da,2.25.105033841136787477881326326053319223817,spine,spine,l4_center,159.04,254.19,0.1555,True,160.65,254.87,True,True
8ecf0385da,2.25.105033841136787477881326326053319223817,spine,spine,iliac_right,34.64,260.29,0.109,True,29.17,260.24,True,True
8ecf0385da,2.25.105033841136787477881326326053319223817,spine,spine,iliac_left,268.99,246.31,0.0831,True,265.25,244.53,True,True
8ecf0385da,2.25.105033841136787477881326326053319223817,spine,spine,disc_th12_l1,142.28,69.17,0.1588,True,,,False,True
8ecf0385da,2.25.105033841136787477881326326053319223817,spine,spine,disc_l1_l2,148.71,117.98,0.2794,True,147.3,118.3,True,True
8ecf0385da,2.25.105033841136787477881326326053319223817,spine,spine,disc_l2_l3,153.3,169.91,0.2335,True,152.46,172.42,True,True
8ecf0385da,2.25.105033841136787477881326326053319223817,spine,spine,disc_l3_l4,159.07,226.56,0.2642,True,157.39,227.35,True,True
8ecf0385da,2.25.105033841136787477881326326053319223817,spine,spine,disc_l4_l5,158.78,286.85,0.0954,True,159.83,282.45,True,True
8ecf0385da,2.25.105033841136787477881326326053319223817,spine,spine,l1_edge_right,112.37,93.57,0.255,True,111.45,93.21,True,True
8ecf0385da,2.25.105033841136787477881326326053319223817,spine,spine,l1_edge_left,179.22,90.11,0.2625,True,179.25,87.84,True,True
8ecf0385da,2.25.105033841136787477881326326053319223817,spine,spine,l2_edge_right,116.93,149.06,0.3627,True,116.82,147.79,True,True
8ecf0385da,2.25.105033841136787477881326326053319223817,spine,spine,l2_edge_left,184.99,142.13,0.3558,True,185.45,142.82,True,True
8ecf0385da,2.25.105033841136787477881326326053319223817,spine,spine,l3_edge_right,121.76,203.72,0.3151,True,121.37,202.36,True,True
8ecf0385da,2.25.105033841136787477881326326053319223817,spine,spine,l3_edge_left,192.62,198.46,0.2894,True,193.72,196.98,True,True
8ecf0385da,2.25.105033841136787477881326326053319223817,spine,spine,l4_edge_right,122.45,255.77,0.1972,True,122.2,254.87,True,True
8ecf0385da,2.25.105033841136787477881326326053319223817,spine,spine,l4_edge_left,198.75,254.29,0.2295,True,200.75,254.45,True,True
8ecf0385da,2.25.105033841136787477881326326053319223817,spine,spine,trochanter_major,33.76,260.03,0.0407,False,,,False,False
8ecf0385da,2.25.105033841136787477881326326053319223817,spine,spine,trochanter_lateral,268.26,246.58,0.0292,False,,,False,False
8ecf0385da,2.25.105033841136787477881326326053319223817,spine,spine,trochanter_minor,151.11,143.05,0.0822,False,,,False,False
8ecf0385da,2.25.105033841136787477881326326053319223817,spine,spine,femoral_head_center,153.83,165.11,0.0533,False,,,False,False
8ecf0385da,2.25.105033841136787477881326326053319223817,spine,spine,neck_center,142.29,49.9,0.0258,False,,,False,False
8ecf0385da,2.25.105033841136787477881326326053319223817,spine,spine,ischium_bottom,158.83,285.03,0.0286,False,,,False,False
8ecf0385da,2.25.105033841136787477881326326053319223817,spine,spine,shaft_lateral,142.7,47.55,0.029,False,,,False,False
8ecf0385da,2.25.105033841136787477881326326053319223817,spine,spine,shaft_medial,148.77,118.53,0.0998,False,,,False,False
9edc9bfbf5,2.25.156389075510671877606923458507011517218,spine,spine,th12_top,158.18,31.59,0.0351,False,,,False,True
9edc9bfbf5,2.25.156389075510671877606923458507011517218,spine,spine,th12_bottom,158.24,20.75,0.2605,True,160.75,20.18,True,True
9edc9bfbf5,2.25.156389075510671877606923458507011517218,spine,spine,l1_center,157.45,49.14,0.236,True,157.24,46.62,True,True
9edc9bfbf5,2.25.156389075510671877606923458507011517218,spine,spine,l2_center,155.01,101.3,0.3817,True,154.51,100.14,True,True
9edc9bfbf5,2.25.156389075510671877606923458507011517218,spine,spine,l3_center,153.32,156.4,0.2784,True,153.55,155.26,True,True
9edc9bfbf5,2.25.156389075510671877606923458507011517218,spine,spine,l4_center,153.39,212.5,0.2235,True,153.95,211.65,True,True
9edc9bfbf5,2.25.156389075510671877606923458507011517218,spine,spine,iliac_right,43.04,212.17,0.1207,True,46.63,212.02,True,True
9edc9bfbf5,2.25.156389075510671877606923458507011517218,spine,spine,iliac_left,290.89,206.59,0.0826,True,275.08,208.64,True,True
9edc9bfbf5,2.25.156389075510671877606923458507011517218,spine,spine,disc_th12_l1,158.2,25.66,0.2924,True,159.56,25.26,True,True
9edc9bfbf5,2.25.156389075510671877606923458507011517218,spine,spine,disc_l1_l2,155.91,74.54,0.3255,True,155.93,71.93,True,True
9edc9bfbf5,2.25.156389075510671877606923458507011517218,spine,spine,disc_l2_l3,153.44,128.35,0.2985,True,153.98,127.99,True,True
9edc9bfbf5,2.25.156389075510671877606923458507011517218,spine,spine,disc_l3_l4,151.79,182.42,0.2492,True,153.02,183.26,True,True
9edc9bfbf5,2.25.156389075510671877606923458507011517218,spine,spine,disc_l4_l5,155.76,241.1,0.0946,True,156.27,241.47,True,True
9edc9bfbf5,2.25.156389075510671877606923458507011517218,spine,spine,l1_edge_right,125.22,48.3,0.3323,True,124.36,50.52,True,True
9edc9bfbf5,2.25.156389075510671877606923458507011517218,spine,spine,l1_edge_left,188.79,51.01,0.1534,True,192.74,51.65,True,True
9edc9bfbf5,2.25.156389075510671877606923458507011517218,spine,spine,l2_edge_right,122.55,102.12,0.3989,True,121.73,103.12,True,True
9edc9bfbf5,2.25.156389075510671877606923458507011517218,spine,spine,l2_edge_left,186.24,104.22,0.3476,True,186.35,103.87,True,True
9edc9bfbf5,2.25.156389075510671877606923458507011517218,spine,spine,l3_edge_right,118.71,156.68,0.4117,True,117.59,157.98,True,True
9edc9bfbf5,2.25.156389075510671877606923458507011517218,spine,spine,l3_edge_left,186.8,157.47,0.3101,True,188.23,158.36,True,True
9edc9bfbf5,2.25.156389075510671877606923458507011517218,spine,spine,l4_edge_right,117.0,215.01,0.2471,True,116.09,212.84,True,True
9edc9bfbf5,2.25.156389075510671877606923458507011517218,spine,spine,l4_edge_left,187.33,209.81,0.2709,True,188.61,209.08,True,True
9edc9bfbf5,2.25.156389075510671877606923458507011517218,spine,spine,trochanter_major,41.75,212.15,0.036,False,,,False,False
9edc9bfbf5,2.25.156389075510671877606923458507011517218,spine,spine,trochanter_lateral,290.12,207.29,0.0235,False,,,False,False
9edc9bfbf5,2.25.156389075510671877606923458507011517218,spine,spine,trochanter_minor,155.23,101.33,0.1131,False,,,False,False
9edc9bfbf5,2.25.156389075510671877606923458507011517218,spine,spine,femoral_head_center,153.88,125.16,0.0563,False,,,False,False
9edc9bfbf5,2.25.156389075510671877606923458507011517218,spine,spine,neck_center,159.01,32.29,0.0185,False,,,False,False
9edc9bfbf5,2.25.156389075510671877606923458507011517218,spine,spine,ischium_bottom,18.78,87.73,0.0478,False,,,False,False
9edc9bfbf5,2.25.156389075510671877606923458507011517218,spine,spine,shaft_lateral,157.97,34.04,0.028,False,,,False,False
9edc9bfbf5,2.25.156389075510671877606923458507011517218,spine,spine,shaft_medial,155.84,75.02,0.0867,False,,,False,False
a09a9bc1b5,2.25.190807933410234695931591553323782771995,spine,spine,th12_top,151.47,30.03,0.082,True,151.07,29.65,True,True
a09a9bc1b5,2.25.190807933410234695931591553323782771995,spine,spine,th12_bottom,155.1,65.39,0.3564,True,155.67,64.07,True,True
a09a9bc1b5,2.25.190807933410234695931591553323782771995,spine,spine,l1_center,157.41,92.94,0.2569,True,159.07,92.49,True,True
a09a9bc1b5,2.25.190807933410234695931591553323782771995,spine,spine,l2_center,159.33,142.87,0.3336,True,161.65,140.77,True,True
a09a9bc1b5,2.25.190807933410234695931591553323782771995,spine,spine,l3_center,156.27,195.76,0.2669,True,157.14,195.27,True,True
a09a9bc1b5,2.25.190807933410234695931591553323782771995,spine,spine,l4_center,155.07,249.33,0.2582,True,156.36,246.03,True,True
a09a9bc1b5,2.25.190807933410234695931591553323782771995,spine,spine,iliac_right,38.68,289.15,0.1121,True,39.3,289.15,True,True
a09a9bc1b5,2.25.190807933410234695931591553323782771995,spine,spine,iliac_left,281.35,283.23,0.1045,True,280.41,282.97,True,True
a09a9bc1b5,2.25.190807933410234695931591553323782771995,spine,spine,disc_th12_l1,155.42,69.51,0.3256,True,155.88,69.84,True,True
a09a9bc1b5,2.25.190807933410234695931591553323782771995,spine,spine,disc_l1_l2,158.74,118.44,0.258,True,160.96,117.54,True,True
a09a9bc1b5,2.25.190807933410234695931591553323782771995,spine,spine,disc_l2_l3,157.78,168.23,0.3118,True,160.94,169.09,True,True
a09a9bc1b5,2.25.190807933410234695931591553323782771995,spine,spine,disc_l3_l4,155.89,221.31,0.2559,True,156.23,220.89,True,True
a09a9bc1b5,2.25.190807933410234695931591553323782771995,spine,spine,disc_l4_l5,155.35,276.42,0.0934,True,155.47,278.45,True,True
a09a9bc1b5,2.25.190807933410234695931591553323782771995,spine,spine,l1_edge_right,129.75,95.13,0.3779,True,128.88,96.22,True,True
a09a9bc1b5,2.25.190807933410234695931591553323782771995,spine,spine,l1_edge_left,189.94,93.02,0.2991,True,191.94,92.51,True,True
a09a9bc1b5,2.25.190807933410234695931591553323782771995,spine,spine,l2_edge_right,128.57,145.51,0.3482,True,128.88,145.26,True,True
a09a9bc1b5,2.25.190807933410234695931591553323782771995,spine,spine,l2_edge_left,192.23,145.03,0.3349,True,193.58,143.2,True,True
a09a9bc1b5,2.25.190807933410234695931591553323782771995,spine,spine,l3_edge_right,122.31,197.64,0.3077,True,122.28,199.25,True,True
a09a9bc1b5,2.25.190807933410234695931591553323782771995,spine,spine,l3_edge_left,190.25,197.81,0.3352,True,191.52,198.01,True,True
a09a9bc1b5,2.25.190807933410234695931591553323782771995,spine,spine,l4_edge_right,116.87,252.62,0.1504,True,114.45,247.06,True,True
a09a9bc1b5,2.25.190807933410234695931591553323782771995,spine,spine,l4_edge_left,193.63,252.16,0.1843,True,192.76,245.0,True,True
a09a9bc1b5,2.25.190807933410234695931591553323782771995,spine,spine,trochanter_major,154.93,69.89,0.0341,False,,,False,False
a09a9bc1b5,2.25.190807933410234695931591553323782771995,spine,spine,trochanter_lateral,281.4,283.32,0.0345,False,,,False,False
a09a9bc1b5,2.25.190807933410234695931591553323782771995,spine,spine,trochanter_minor,159.79,143.03,0.0935,False,,,False,False
a09a9bc1b5,2.25.190807933410234695931591553323782771995,spine,spine,femoral_head_center,155.01,62.76,0.0691,False,,,False,False
a09a9bc1b5,2.25.190807933410234695931591553323782771995,spine,spine,neck_center,152.76,1.26,0.0193,False,,,False,False
a09a9bc1b5,2.25.190807933410234695931591553323782771995,spine,spine,ischium_bottom,24.84,106.02,0.0467,False,,,False,False
a09a9bc1b5,2.25.190807933410234695931591553323782771995,spine,spine,shaft_lateral,158.08,227.47,0.0244,False,,,False,False
a09a9bc1b5,2.25.190807933410234695931591553323782771995,spine,spine,shaft_medial,158.36,118.86,0.0842,False,,,False,False
af9102677c,2.25.137675513852774974135210999345676405116,spine,spine,th12_top,142.23,4.04,0.0842,True,,,False,True
af9102677c,2.25.137675513852774974135210999345676405116,spine,spine,th12_bottom,140.88,38.12,0.2883,True,140.53,37.6,True,True
af9102677c,2.25.137675513852774974135210999345676405116,spine,spine,l1_center,140.16,65.0,0.262,True,139.52,63.58,True,True
af9102677c,2.25.137675513852774974135210999345676405116,spine,spine,l2_center,139.2,113.3,0.3424,True,138.2,110.86,True,True
af9102677c,2.25.137675513852774974135210999345676405116,spine,spine,l3_center,141.62,160.36,0.2037,True,142.23,160.08,True,True
af9102677c,2.25.137675513852774974135210999345676405116,spine,spine,l4_center,146.39,211.77,0.092,True,147.54,212.04,True,True
af9102677c,2.25.137675513852774974135210999345676405116,spine,spine,iliac_right,33.64,284.95,0.0655,True,28.69,285.8,True,True
af9102677c,2.25.137675513852774974135210999345676405116,spine,spine,iliac_left,270.48,278.62,0.106,True,271.36,277.99,True,True
af9102677c,2.25.137675513852774974135210999345676405116,spine,spine,disc_th12_l1,140.68,42.69,0.3508,True,139.66,43.51,True,True
af9102677c,2.25.137675513852774974135210999345676405116,spine,spine,disc_l1_l2,138.92,88.64,0.3094,True,139.76,89.04,True,True
af9102677c,2.25.137675513852774974135210999345676405116,spine,spine,disc_l2_l3,140.52,135.13,0.2274,True,140.11,134.13,True,True
af9102677c,2.25.137675513852774974135210999345676405116,spine,spine,disc_l3_l4,143.7,184.49,0.1661,True,143.6,185.52,True,True
af9102677c,2.25.137675513852774974135210999345676405116,spine,spine,disc_l4_l5,146.72,240.23,0.0478,False,148.6,238.68,True,True
af9102677c,2.25.137675513852774974135210999345676405116,spine,spine,l1_edge_right,111.14,64.95,0.3759,True,110.33,65.3,True,True
af9102677c,2.25.137675513852774974135210999345676405116,spine,spine,l1_edge_left,169.16,66.02,0.3058,True,169.68,64.89,True,True
af9102677c,2.25.137675513852774974135210999345676405116,spine,spine,l2_edge_right,108.59,114.14,0.3316,True,108.68,111.05,True,True
af9102677c,2.25.137675513852774974135210999345676405116,spine,spine,l2_edge_left,167.59,112.61,0.2398,True,168.86,108.99,True,True
af9102677c,2.25.137675513852774974135210999345676405116,spine,spine,l3_edge_right,110.74,163.26,0.2306,True,109.51,164.63,True,True
af9102677c,2.25.137675513852774974135210999345676405116,spine,spine,l3_edge_left,172.87,158.92,0.2594,True,173.39,157.62,True,True
af9102677c,2.25.137675513852774974135210999345676405116,spine,spine,l4_edge_right,112.32,214.98,0.1381,True,112.39,214.09,True,True
af9102677c,2.25.137675513852774974135210999345676405116,spine,spine,l4_edge_left,178.99,212.16,0.1194,True,179.57,210.79,True,True
af9102677c,2.25.137675513852774974135210999345676405116,spine,spine,trochanter_major,32.64,284.34,0.0291,False,,,False,False
af9102677c,2.25.137675513852774974135210999345676405116,spine,spine,trochanter_lateral,272.4,279.36,0.0554,False,,,False,False
af9102677c,2.25.137675513852774974135210999345676405116,spine,spine,trochanter_minor,139.22,113.15,0.0892,False,,,False,False
af9102677c,2.25.137675513852774974135210999345676405116,spine,spine,femoral_head_center,140.97,132.55,0.0579,False,,,False,False
af9102677c,2.25.137675513852774974135210999345676405116,spine,spine,neck_center,142.29,1.33,0.0235,False,,,False,False
af9102677c,2.25.137675513852774974135210999345676405116,spine,spine,ischium_bottom,266.01,29.97,0.0284,False,,,False,False
af9102677c,2.25.137675513852774974135210999345676405116,spine,spine,shaft_lateral,142.19,1.4,0.028,False,,,False,False
af9102677c,2.25.137675513852774974135210999345676405116,spine,spine,shaft_medial,138.84,89.01,0.0778,False,,,False,False
b9203d1693,1.2.840.113619.2.110.512719.20250403092052,spine,spine,th12_top,147.23,29.94,0.0434,False,,,False,True
b9203d1693,1.2.840.113619.2.110.512719.20250403092052,spine,spine,th12_bottom,147.27,71.23,0.236,True,149.81,24.06,True,True
b9203d1693,1.2.840.113619.2.110.512719.20250403092052,spine,spine,l1_center,147.29,94.83,0.1692,True,149.03,52.01,True,True
b9203d1693,1.2.840.113619.2.110.512719.20250403092052,spine,spine,l2_center,148.8,143.7,0.2702,True,148.43,96.77,True,True
b9203d1693,1.2.840.113619.2.110.512719.20250403092052,spine,spine,l3_center,152.46,198.68,0.1944,True,150.01,146.09,True,True
b9203d1693,1.2.840.113619.2.110.512719.20250403092052,spine,spine,l4_center,155.57,257.58,0.1817,True,151.28,198.75,True,True
b9203d1693,1.2.840.113619.2.110.512719.20250403092052,spine,spine,iliac_right,48.52,264.34,0.0838,True,49.84,265.62,True,True
b9203d1693,1.2.840.113619.2.110.512719.20250403092052,spine,spine,iliac_left,271.31,251.29,0.1533,True,269.38,251.15,True,True
b9203d1693,1.2.840.113619.2.110.512719.20250403092052,spine,spine,disc_th12_l1,147.23,75.38,0.2236,True,149.26,29.19,True,True
b9203d1693,1.2.840.113619.2.110.512719.20250403092052,spine,spine,disc_l1_l2,147.61,74.9,0.2119,False,150.71,76.69,True,True
b9203d1693,1.2.840.113619.2.110.512719.20250403092052,spine,spine,disc_l2_l3,150.31,168.98,0.2617,True,152.37,118.76,True,True
b9203d1693,1.2.840.113619.2.110.512719.20250403092052,spine,spine,disc_l3_l4,153.39,226.88,0.1819,True,152.4,168.92,True,True
b9203d1693,1.2.840.113619.2.110.512719.20250403092052,spine,spine,disc_l4_l5,156.77,288.02,0.0507,True,155.16,227.63,True,True
b9203d1693,1.2.840.113619.2.110.512719.20250403092052,spine,spine,l1_edge_right,116.32,95.18,0.1986,True,120.13,48.15,True,True
b9203d1693,1.2.840.113619.2.110.512719.20250403092052,spine,spine,l1_edge_left,177.79,96.23,0.2358,True,177.6,48.97,True,True
b9203d1693,1.2.840.113619.2.110.512719.20250403092052,spine,spine,l2_edge_right,117.11,145.77,0.2147,True,116.41,96.93,True,True
b9203d1693,1.2.840.113619.2.110.512719.20250403092052,spine,spine,l2_edge_left,182.38,142.94,0.2457,True,181.73,95.69,True,True
b9203d1693,1.2.840.113619.2.110.512719.20250403092052,spine,spine,l3_edge_right,118.01,201.08,0.2401,True,117.65,148.61,True,True
b9203d1693,1.2.840.113619.2.110.512719.20250403092052,spine,spine,l3_edge_left,186.0,197.86,0.1686,True,185.45,145.72,True,True
b9203d1693,1.2.840.113619.2.110.512719.20250403092052,spine,spine,l4_edge_right,120.09,258.95,0.1462,True,117.65,198.64,True,True
b9203d1693,1.2.840.113619.2.110.512719.20250403092052,spine,spine,l4_edge_left,188.71,259.03,0.1527,True,187.93,196.57,True,True
b9203d1693,1.2.840.113619.2.110.512719.20250403092052,spine,spine,trochanter_major,47.79,264.26,0.0364,False,,,False,False
b9203d1693,1.2.840.113619.2.110.512719.20250403092052,spine,spine,trochanter_lateral,272.3,251.63,0.0373,False,,,False,False
b9203d1693,1.2.840.113619.2.110.512719.20250403092052,spine,spine,trochanter_minor,147.44,95.86,0.0973,False,,,False,False
b9203d1693,1.2.840.113619.2.110.512719.20250403092052,spine,spine,femoral_head_center,147.41,115.51,0.0459,False,,,False,False
b9203d1693,1.2.840.113619.2.110.512719.20250403092052,spine,spine,neck_center,148.93,32.46,0.017,False,,,False,False
b9203d1693,1.2.840.113619.2.110.512719.20250403092052,spine,spine,ischium_bottom,14.05,64.96,0.0316,False,,,False,False
b9203d1693,1.2.840.113619.2.110.512719.20250403092052,spine,spine,shaft_lateral,149.04,34.52,0.0268,False,,,False,False
b9203d1693,1.2.840.113619.2.110.512719.20250403092052,spine,spine,shaft_medial,147.93,119.55,0.0986,False,,,False,False
1500195a06,2.25.48906424954135283790354958243772558962,spine,spine,th12_top,125.12,12.0,0.05,False,140.59,29.15,True,True
1500195a06,2.25.48906424954135283790354958243772558962,spine,spine,th12_bottom,136.35,62.84,0.1609,True,141.59,63.92,True,True
1500195a06,2.25.48906424954135283790354958243772558962,spine,spine,l1_center,138.24,89.23,0.0556,False,140.65,88.25,True,True
1500195a06,2.25.48906424954135283790354958243772558962,spine,spine,l2_center,145.44,138.58,0.343,True,147.14,139.64,True,True
1500195a06,2.25.48906424954135283790354958243772558962,spine,spine,l3_center,151.64,194.36,0.2371,True,151.99,193.8,True,True
1500195a06,2.25.48906424954135283790354958243772558962,spine,spine,l4_center,154.39,249.09,0.2209,True,155.47,249.9,True,True
1500195a06,2.25.48906424954135283790354958243772558962,spine,spine,iliac_right,19.09,272.01,0.0883,True,22.97,269.75,True,True
1500195a06,2.25.48906424954135283790354958243772558962,spine,spine,iliac_left,276.55,255.36,0.0527,False,274.34,254.04,True,True
1500195a06,2.25.48906424954135283790354958243772558962,spine,spine,disc_th12_l1,136.72,67.9,0.1452,True,141.66,68.62,True,True
1500195a06,2.25.48906424954135283790354958243772558962,spine,spine,disc_l1_l2,142.2,113.47,0.2746,True,144.0,113.76,True,True
1500195a06,2.25.48906424954135283790354958243772558962,spine,spine,disc_l2_l3,148.46,163.84,0.2298,True,149.84,164.33,True,True
1500195a06,2.25.48906424954135283790354958243772558962,spine,spine,disc_l3_l4,154.3,221.02,0.1948,True,153.87,220.76,True,True
1500195a06,2.25.48906424954135283790354958243772558962,spine,spine,disc_l4_l5,153.02,278.81,0.0654,True,154.04,276.78,True,True
1500195a06,2.25.48906424954135283790354958243772558962,spine,spine,l1_edge_right,107.69,95.15,0.2591,True,106.49,92.8,True,True
1500195a06,2.25.48906424954135283790354958243772558962,spine,spine,l1_edge_left,170.93,88.64,0.1923,True,172.64,87.01,True,True
1500195a06,2.25.48906424954135283790354958243772558962,spine,spine,l2_edge_right,112.07,142.53,0.1825,True,111.45,142.82,True,True
1500195a06,2.25.48906424954135283790354958243772558962,spine,spine,l2_edge_left,177.52,135.1,0.2604,True,178.84,136.62,True,True
1500195a06,2.25.48906424954135283790354958243772558962,spine,spine,l3_edge_right,119.73,197.6,0.2626,True,120.54,199.05,True,True
1500195a06,2.25.48906424954135283790354958243772558962,spine,spine,l3_edge_left,185.37,192.46,0.244,True,184.21,190.78,True,True
1500195a06,2.25.48906424954135283790354958243772558962,spine,spine,l4_edge_right,122.25,249.98,0.2617,True,123.85,250.32,True,True
1500195a06,2.25.48906424954135283790354958243772558962,spine,spine,l4_edge_left,189.6,250.61,0.2766,True,190.0,251.15,True,True
1500195a06,2.25.48906424954135283790354958243772558962,spine,spine,trochanter_major,18.22,271.94,0.0568,False,,,False,False
1500195a06,2.25.48906424954135283790354958243772558962,spine,spine,trochanter_lateral,146.97,114.63,0.027,False,,,False,False
1500195a06,2.25.48906424954135283790354958243772558962,spine,spine,trochanter_minor,145.51,138.31,0.107,False,,,False,False
1500195a06,2.25.48906424954135283790354958243772558962,spine,spine,femoral_head_center,148.74,160.09,0.0515,False,,,False,False
1500195a06,2.25.48906424954135283790354958243772558962,spine,spine,neck_center,140.01,75.97,0.0142,False,,,False,False
1500195a06,2.25.48906424954135283790354958243772558962,spine,spine,ischium_bottom,12.5,216.7,0.0486,False,,,False,False
1500195a06,2.25.48906424954135283790354958243772558962,spine,spine,shaft_lateral,137.92,75.14,0.0263,False,,,False,False
1500195a06,2.25.48906424954135283790354958243772558962,spine,spine,shaft_medial,142.19,113.88,0.08,False,,,False,False
d78b4eef32,2.25.157462338378550185821790046400986801350,spine,spine,th12_top,151.18,4.29,0.1028,True,,,False,True
d78b4eef32,2.25.157462338378550185821790046400986801350,spine,spine,th12_bottom,149.81,40.08,0.1526,True,151.62,38.21,True,True
d78b4eef32,2.25.157462338378550185821790046400986801350,spine,spine,l1_center,147.62,67.29,0.2867,True,148.99,68.87,True,True
d78b4eef32,2.25.157462338378550185821790046400986801350,spine,spine,l2_center,144.21,119.57,0.3313,True,143.46,120.16,True,True
d78b4eef32,2.25.157462338378550185821790046400986801350,spine,spine,l3_center,144.67,173.9,0.3321,True,142.79,175.19,True,True
d78b4eef32,2.25.157462338378550185821790046400986801350,spine,spine,l4_center,146.27,228.13,0.1755,True,147.25,230.35,True,True
d78b4eef32,2.25.157462338378550185821790046400986801350,spine,spine,iliac_right,27.45,257.32,0.122,True,24.18,256.49,True,True
d78b4eef32,2.25.157462338378550185821790046400986801350,spine,spine,iliac_left,274.71,253.05,0.1292,True,290.69,252.28,True,True
d78b4eef32,2.25.157462338378550185821790046400986801350,spine,spine,disc_th12_l1,149.25,44.08,0.1717,True,150.87,43.89,True,True
d78b4eef32,2.25.157462338378550185821790046400986801350,spine,spine,disc_l1_l2,145.5,92.68,0.305,True,148.1,92.71,True,True
d78b4eef32,2.25.157462338378550185821790046400986801350,spine,spine,disc_l2_l3,144.17,145.77,0.3182,True,144.22,145.93,True,True
d78b4eef32,2.25.157462338378550185821790046400986801350,spine,spine,disc_l3_l4,145.8,201.33,0.2085,True,144.1,200.82,True,True
d78b4eef32,2.25.157462338378550185821790046400986801350,spine,spine,disc_l4_l5,148.19,253.26,0.0861,True,150.45,262.14,True,True
d78b4eef32,2.25.157462338378550185821790046400986801350,spine,spine,l1_edge_right,121.14,65.26,0.412,True,120.6,67.8,True,True
d78b4eef32,2.25.157462338378550185821790046400986801350,spine,spine,l1_edge_left,175.9,70.66,0.2388,True,178.09,70.81,True,True
d78b4eef32,2.25.157462338378550185821790046400986801350,spine,spine,l2_edge_right,115.64,120.27,0.3558,True,115.34,119.65,True,True
d78b4eef32,2.25.157462338378550185821790046400986801350,spine,spine,l2_edge_left,173.4,123.06,0.3449,True,175.46,124.16,True,True
d78b4eef32,2.25.157462338378550185821790046400986801350,spine,spine,l3_edge_right,112.38,173.32,0.3022,True,112.71,176.01,True,True
d78b4eef32,2.25.157462338378550185821790046400986801350,spine,spine,l3_edge_left,173.56,174.19,0.266,True,173.95,177.14,True,True
d78b4eef32,2.25.157462338378550185821790046400986801350,spine,spine,l4_edge_right,110.99,228.2,0.1502,True,113.84,234.63,True,True
d78b4eef32,2.25.157462338378550185821790046400986801350,spine,spine,l4_edge_left,179.23,228.85,0.1361,True,178.46,230.5,True,True
d78b4eef32,2.25.157462338378550185821790046400986801350,spine,spine,trochanter_major,28.41,257.07,0.0339,False,,,False,False
d78b4eef32,2.25.157462338378550185821790046400986801350,spine,spine,trochanter_lateral,274.75,253.24,0.0396,False,,,False,False
d78b4eef32,2.25.157462338378550185821790046400986801350,spine,spine,trochanter_minor,144.36,119.5,0.0892,False,,,False,False
d78b4eef32,2.25.157462338378550185821790046400986801350,spine,spine,femoral_head_center,144.11,142.65,0.0554,False,,,False,False
d78b4eef32,2.25.157462338378550185821790046400986801350,spine,spine,neck_center,150.34,2.69,0.019,False,,,False,False
d78b4eef32,2.25.157462338378550185821790046400986801350,spine,spine,ischium_bottom,17.16,49.9,0.031,False,,,False,False
d78b4eef32,2.25.157462338378550185821790046400986801350,spine,spine,shaft_lateral,150.27,1.86,0.0329,False,,,False,False
d78b4eef32,2.25.157462338378550185821790046400986801350,spine,spine,shaft_medial,145.31,92.88,0.1003,False,,,False,False
8b8f4ec0e7,2.25.181196659018348153828200695057897449628,spine,spine,th12_top,166.69,4.09,0.0347,False,165.79,4.31,True,True
8b8f4ec0e7,2.25.181196659018348153828200695057897449628,spine,spine,th12_bottom,165.09,48.69,0.0419,False,166.8,47.47,True,True
8b8f4ec0e7,2.25.181196659018348153828200695057897449628,spine,spine,l1_center,164.8,23.33,0.2309,True,167.46,80.07,True,True
8b8f4ec0e7,2.25.181196659018348153828200695057897449628,spine,spine,l2_center,165.13,79.94,0.469,True,170.08,136.0,True,True
8b8f4ec0e7,2.25.181196659018348153828200695057897449628,spine,spine,l3_center,168.12,136.74,0.2792,True,172.7,192.29,True,True
8b8f4ec0e7,2.25.181196659018348153828200695057897449628,spine,spine,l4_center,171.28,194.31,0.1843,True,176.28,248.99,True,True
8b8f4ec0e7,2.25.181196659018348153828200695057897449628,spine,spine,iliac_right,36.36,225.14,0.1078,True,51.88,226.7,True,True
8b8f4ec0e7,2.25.181196659018348153828200695057897449628,spine,spine,iliac_left,282.77,224.71,0.1721,True,283.62,222.87,True,True
8b8f4ec0e7,2.25.181196659018348153828200695057897449628,spine,spine,disc_th12_l1,164.75,0.76,0.0787,False,166.72,51.98,True,True
8b8f4ec0e7,2.25.181196659018348153828200695057897449628,spine,spine,disc_l1_l2,165.05,51.42,0.3395,True,168.68,108.7,True,True
8b8f4ec0e7,2.25.181196659018348153828200695057897449628,spine,spine,disc_l2_l3,165.82,107.33,0.3217,True,171.46,163.41,True,True
8b8f4ec0e7,2.25.181196659018348153828200695057897449628,spine,spine,disc_l3_l4,169.79,164.84,0.1821,True,174.18,222.13,True,True
8b8f4ec0e7,2.25.181196659018348153828200695057897449628,spine,spine,disc_l4_l5,174.19,222.51,0.0549,True,176.45,272.48,True,True
8b8f4ec0e7,2.25.181196659018348153828200695057897449628,spine,spine,l1_edge_right,133.15,24.21,0.3355,True,133.0,81.79,True,True
8b8f4ec0e7,2.25.181196659018348153828200695057897449628,spine,spine,l1_edge_left,196.96,23.53,0.2855,True,201.41,78.49,True,True
8b8f4ec0e7,2.25.181196659018348153828200695057897449628,spine,spine,l2_edge_right,132.91,81.39,0.3524,True,131.76,137.02,True,True
8b8f4ec0e7,2.25.181196659018348153828200695057897449628,spine,spine,l2_edge_left,198.71,79.8,0.2682,True,202.65,134.96,True,True
8b8f4ec0e7,2.25.181196659018348153828200695057897449628,spine,spine,l3_edge_right,133.5,139.04,0.3566,True,135.88,197.6,True,True
8b8f4ec0e7,2.25.181196659018348153828200695057897449628,spine,spine,l3_edge_left,203.12,136.27,0.3126,True,207.6,190.18,True,True
8b8f4ec0e7,2.25.181196659018348153828200695057897449628,spine,spine,l4_edge_right,136.45,198.02,0.2111,True,136.3,255.3,True,True
8b8f4ec0e7,2.25.181196659018348153828200695057897449628,spine,spine,l4_edge_left,207.59,194.59,0.234,True,213.37,247.88,True,True
8b8f4ec0e7,2.25.181196659018348153828200695057897449628,spine,spine,trochanter_major,35.3,225.13,0.0384,False,,,False,False
8b8f4ec0e7,2.25.181196659018348153828200695057897449628,spine,spine,trochanter_lateral,283.08,224.76,0.0473,False,,,False,False
8b8f4ec0e7,2.25.181196659018348153828200695057897449628,spine,spine,trochanter_minor,165.2,80.08,0.1354,False,,,False,False
8b8f4ec0e7,2.25.181196659018348153828200695057897449628,spine,spine,femoral_head_center,166.13,104.67,0.0658,False,,,False,False
8b8f4ec0e7,2.25.181196659018348153828200695057897449628,spine,spine,neck_center,172.8,166.6,0.0197,False,,,False,False
8b8f4ec0e7,2.25.181196659018348153828200695057897449628,spine,spine,ischium_bottom,40.89,49.6,0.0323,False,,,False,False
8b8f4ec0e7,2.25.181196659018348153828200695057897449628,spine,spine,shaft_lateral,171.96,169.38,0.0317,False,,,False,False
8b8f4ec0e7,2.25.181196659018348153828200695057897449628,spine,spine,shaft_medial,164.99,51.8,0.1057,False,,,False,False
eb60b45765,2.25.178533355209696795441380751187185128893,spine,spine,th12_top,116.05,2.37,0.0344,False,,,False,True
eb60b45765,2.25.178533355209696795441380751187185128893,spine,spine,th12_bottom,117.5,41.49,0.2596,True,116.82,40.46,True,True
eb60b45765,2.25.178533355209696795441380751187185128893,spine,spine,l1_center,117.36,71.01,0.2275,True,116.86,71.61,True,True
eb60b45765,2.25.178533355209696795441380751187185128893,spine,spine,l2_center,123.91,125.67,0.2748,True,122.0,124.67,True,True
eb60b45765,2.25.178533355209696795441380751187185128893,spine,spine,l3_center,132.63,180.82,0.2912,True,133.11,180.32,True,True
eb60b45765,2.25.178533355209696795441380751187185128893,spine,spine,l4_center,140.77,239.91,0.2721,True,140.21,241.05,True,True
eb60b45765,2.25.178533355209696795441380751187185128893,spine,spine,iliac_right,26.37,264.66,0.1349,True,26.9,264.41,True,True
eb60b45765,2.25.178533355209696795441380751187185128893,spine,spine,iliac_left,271.76,251.8,0.1051,True,259.59,252.44,True,True
eb60b45765,2.25.178533355209696795441380751187185128893,spine,spine,disc_th12_l1,117.22,45.74,0.2799,True,116.75,44.99,True,True
eb60b45765,2.25.178533355209696795441380751187185128893,spine,spine,disc_l1_l2,120.1,97.41,0.2166,False,120.47,96.68,True,True
eb60b45765,2.25.178533355209696795441380751187185128893,spine,spine,disc_l2_l3,127.2,152.34,0.2754,True,127.58,151.63,True,True
eb60b45765,2.25.178533355209696795441380751187185128893,spine,spine,disc_l3_l4,137.09,209.88,0.245,True,137.94,208.71,True,True
eb60b45765,2.25.178533355209696795441380751187185128893,spine,spine,disc_l4_l5,142.76,270.44,0.1718,True,143.53,271.73,True,True
eb60b45765,2.25.178533355209696795441380751187185128893,spine,spine,l1_edge_right,85.45,75.79,0.3488,True,85.19,75.2,True,True
eb60b45765,2.25.178533355209696795441380751187185128893,spine,spine,l1_edge_left,147.06,69.68,0.2147,True,147.84,68.19,True,True
eb60b45765,2.25.178533355209696795441380751187185128893,spine,spine,l2_edge_right,88.43,130.98,0.2973,True,87.66,131.66,True,True
eb60b45765,2.25.178533355209696795441380751187185128893,spine,spine,l2_edge_left,155.67,124.92,0.2268,True,156.9,122.59,True,True
eb60b45765,2.25.178533355209696795441380751187185128893,spine,spine,l3_edge_right,97.03,187.22,0.302,True,97.14,187.71,True,True
eb60b45765,2.25.178533355209696795441380751187185128893,spine,spine,l3_edge_left,165.87,177.52,0.2415,True,166.38,179.88,True,True
eb60b45765,2.25.178533355209696795441380751187185128893,spine,spine,l4_edge_right,100.62,245.74,0.1578,True,101.26,245.0,True,True
eb60b45765,2.25.178533355209696795441380751187185128893,spine,spine,l4_edge_left,175.45,237.7,0.1675,True,175.45,240.88,True,True
eb60b45765,2.25.178533355209696795441380751187185128893,spine,spine,trochanter_major,26.51,264.25,0.0412,False,,,False,False
eb60b45765,2.25.178533355209696795441380751187185128893,spine,spine,trochanter_lateral,271.88,251.87,0.0331,False,,,False,False
eb60b45765,2.25.178533355209696795441380751187185128893,spine,spine,trochanter_minor,124.51,125.86,0.067,False,,,False,False
eb60b45765,2.25.178533355209696795441380751187185128893,spine,spine,femoral_head_center,118.05,38.83,0.0552,False,,,False,False
eb60b45765,2.25.178533355209696795441380751187185128893,spine,spine,neck_center,115.55,17.22,0.0235,False,,,False,False
eb60b45765,2.25.178533355209696795441380751187185128893,spine,spine,ischium_bottom,255.82,59.03,0.0393,False,,,False,False
eb60b45765,2.25.178533355209696795441380751187185128893,spine,spine,shaft_lateral,100.77,153.96,0.0229,False,,,False,False
eb60b45765,2.25.178533355209696795441380751187185128893,spine,spine,shaft_medial,120.04,97.86,0.0943,False,,,False,False
e2776e1292,2.25.269648774413746842548908998641183395622,spine,spine,th12_top,134.06,33.95,0.0281,False,,,False,True
e2776e1292,2.25.269648774413746842548908998641183395622,spine,spine,th12_bottom,133.4,25.84,0.2843,True,132.96,25.36,True,True
e2776e1292,2.25.269648774413746842548908998641183395622,spine,spine,l1_center,135.45,53.67,0.2557,True,134.53,54.01,True,True
e2776e1292,2.25.269648774413746842548908998641183395622,spine,spine,l2_center,138.12,106.13,0.3944,True,138.47,106.32,True,True
e2776e1292,2.25.269648774413746842548908998641183395622,spine,spine,l3_center,138.67,158.42,0.2918,True,139.22,158.49,True,True
e2776e1292,2.25.269648774413746842548908998641183395622,spine,spine,l4_center,140.85,213.04,0.2389,True,143.13,211.75,True,True
e2776e1292,2.25.269648774413746842548908998641183395622,spine,spine,iliac_right,42.5,261.07,0.1202,True,41.25,260.56,True,True
e2776e1292,2.25.269648774413746842548908998641183395622,spine,spine,iliac_left,293.88,234.6,0.0937,True,291.83,234.6,True,True
e2776e1292,2.25.269648774413746842548908998641183395622,spine,spine,disc_th12_l1,133.66,29.93,0.2903,True,133.44,29.56,True,True
e2776e1292,2.25.269648774413746842548908998641183395622,spine,spine,disc_l1_l2,136.44,79.51,0.3192,True,137.19,80.51,True,True
e2776e1292,2.25.269648774413746842548908998641183395622,spine,spine,disc_l2_l3,138.08,131.66,0.3517,True,140.18,131.33,True,True
e2776e1292,2.25.269648774413746842548908998641183395622,spine,spine,disc_l3_l4,139.72,185.41,0.28,True,141.55,185.71,True,True
e2776e1292,2.25.269648774413746842548908998641183395622,spine,spine,disc_l4_l5,144.1,240.48,0.1367,True,145.91,240.37,True,True
e2776e1292,2.25.269648774413746842548908998641183395622,spine,spine,l1_edge_right,103.38,59.12,0.3184,True,103.33,56.65,True,True
e2776e1292,2.25.269648774413746842548908998641183395622,spine,spine,l1_edge_left,167.84,53.87,0.3556,True,168.86,55.0,True,True
e2776e1292,2.25.269648774413746842548908998641183395622,spine,spine,l2_edge_right,106.1,108.33,0.334,True,105.8,111.88,True,True
e2776e1292,2.25.269648774413746842548908998641183395622,spine,spine,l2_edge_left,171.04,107.75,0.4137,True,171.74,109.82,True,True
e2776e1292,2.25.269648774413746842548908998641183395622,spine,spine,l3_edge_right,103.97,162.15,0.3745,True,104.56,160.92,True,True
e2776e1292,2.25.269648774413746842548908998641183395622,spine,spine,l3_edge_left,173.71,158.16,0.3803,True,175.04,159.27,True,True
e2776e1292,2.25.269648774413746842548908998641183395622,spine,spine,l4_edge_right,103.51,217.13,0.2143,True,104.56,218.62,True,True
e2776e1292,2.25.269648774413746842548908998641183395622,spine,spine,l4_edge_left,175.58,213.21,0.3167,True,178.33,213.68,True,True
e2776e1292,2.25.269648774413746842548908998641183395622,spine,spine,trochanter_major,41.79,260.89,0.0299,False,,,False,False
e2776e1292,2.25.269648774413746842548908998641183395622,spine,spine,trochanter_lateral,274.92,239.43,0.0275,False,,,False,False
e2776e1292,2.25.269648774413746842548908998641183395622,spine,spine,trochanter_minor,138.28,106.15,0.1092,False,,,False,False
e2776e1292,2.25.269648774413746842548908998641183395622,spine,spine,femoral_head_center,133.73,23.22,0.0567,False,,,False,False
e2776e1292,2.25.269648774413746842548908998641183395622,spine,spine,neck_center,140.8,134.46,0.0145,False,,,False,False
e2776e1292,2.25.269648774413746842548908998641183395622,spine,spine,ischium_bottom,143.29,239.8,0.0417,False,,,False,False
e2776e1292,2.25.269648774413746842548908998641183395622,spine,spine,shaft_lateral,142.44,189.6,0.0291,False,,,False,False
e2776e1292,2.25.269648774413746842548908998641183395622,spine,spine,shaft_medial,136.31,79.95,0.1012,False,,,False,False
ea91c3a6cd,2.25.134456506307367483341018281460841912845,spine,spine,th12_top,162.98,31.79,0.0406,False,,,False,True
ea91c3a6cd,2.25.134456506307367483341018281460841912845,spine,spine,th12_bottom,163.98,69.24,0.1905,True,162.37,22.84,True,True
ea91c3a6cd,2.25.134456506307367483341018281460841912845,spine,spine,l1_center,166.67,98.09,0.2177,True,163.89,47.42,True,True
ea91c3a6cd,2.25.134456506307367483341018281460841912845,spine,spine,l2_center,170.47,144.97,0.2231,True,166.62,99.31,True,True
ea91c3a6cd,2.25.134456506307367483341018281460841912845,spine,spine,l3_center,172.63,197.3,0.2104,True,171.02,147.2,True,True
ea91c3a6cd,2.25.134456506307367483341018281460841912845,spine,spine,l4_center,174.33,247.8,0.0883,True,174.78,199.63,True,True
ea91c3a6cd,2.25.134456506307367483341018281460841912845,spine,spine,iliac_right,50.98,253.82,0.1474,True,53.66,253.69,True,True
ea91c3a6cd,2.25.134456506307367483341018281460841912845,spine,spine,iliac_left,292.23,261.06,0.1189,True,294.47,260.24,True,True
ea91c3a6cd,2.25.134456506307367483341018281460841912845,spine,spine,disc_th12_l1,164.72,74.93,0.2528,True,163.13,30.53,True,True
ea91c3a6cd,2.25.134456506307367483341018281460841912845,spine,spine,disc_l1_l2,168.3,120.4,0.2066,False,165.96,73.35,True,True
ea91c3a6cd,2.25.134456506307367483341018281460841912845,spine,spine,disc_l2_l3,172.08,170.26,0.2488,True,169.81,123.1,True,True
ea91c3a6cd,2.25.134456506307367483341018281460841912845,spine,spine,disc_l3_l4,174.24,223.72,0.1427,True,173.21,171.35,True,True
ea91c3a6cd,2.25.134456506307367483341018281460841912845,spine,spine,disc_l4_l5,171.44,268.86,0.0523,True,174.52,224.42,True,True
ea91c3a6cd,2.25.134456506307367483341018281460841912845,spine,spine,l1_edge_right,134.59,99.44,0.3436,True,130.65,47.28,True,True
ea91c3a6cd,2.25.134456506307367483341018281460841912845,spine,spine,l1_edge_left,199.24,94.75,0.2863,True,196.18,47.28,True,True
ea91c3a6cd,2.25.134456506307367483341018281460841912845,spine,spine,l2_edge_right,135.64,148.61,0.2245,True,135.15,100.52,True,True
ea91c3a6cd,2.25.134456506307367483341018281460841912845,spine,spine,l2_edge_left,205.09,143.77,0.3317,True,199.45,98.07,True,True
ea91c3a6cd,2.25.134456506307367483341018281460841912845,spine,spine,l3_edge_right,138.84,202.13,0.1958,True,135.97,148.85,True,True
ea91c3a6cd,2.25.134456506307367483341018281460841912845,spine,spine,l3_edge_left,210.87,197.66,0.3055,True,205.6,146.39,True,True
ea91c3a6cd,2.25.134456506307367483341018281460841912845,spine,spine,l4_edge_right,136.44,242.02,0.0902,True,138.84,201.27,True,True
ea91c3a6cd,2.25.134456506307367483341018281460841912845,spine,spine,l4_edge_left,217.84,250.56,0.0847,True,212.15,198.81,True,True
ea91c3a6cd,2.25.134456506307367483341018281460841912845,spine,spine,trochanter_major,48.94,253.82,0.0395,False,,,False,False
ea91c3a6cd,2.25.134456506307367483341018281460841912845,spine,spine,trochanter_lateral,292.21,261.21,0.0335,False,,,False,False
ea91c3a6cd,2.25.134456506307367483341018281460841912845,spine,spine,trochanter_minor,166.56,98.56,0.1121,False,,,False,False
ea91c3a6cd,2.25.134456506307367483341018281460841912845,spine,spine,femoral_head_center,172.16,166.07,0.0444,False,,,False,False
ea91c3a6cd,2.25.134456506307367483341018281460841912845,spine,spine,neck_center,158.71,2.18,0.0183,False,,,False,False
ea91c3a6cd,2.25.134456506307367483341018281460841912845,spine,spine,ischium_bottom,292.92,13.36,0.0228,False,,,False,False
ea91c3a6cd,2.25.134456506307367483341018281460841912845,spine,spine,shaft_lateral,167.97,293.74,0.0221,False,,,False,False
ea91c3a6cd,2.25.134456506307367483341018281460841912845,spine,spine,shaft_medial,168.2,120.98,0.1111,False,,,False,False
10694bc01a,2.25.52982400970721161435951723390541696819,spine,spine,th12_top,143.04,5.24,0.1197,True,144.33,5.53,True,True
10694bc01a,2.25.52982400970721161435951723390541696819,spine,spine,th12_bottom,144.1,43.19,0.3278,True,144.33,44.14,True,True
10694bc01a,2.25.52982400970721161435951723390541696819,spine,spine,l1_center,144.8,72.11,0.3085,True,145.01,73.15,True,True
10694bc01a,2.25.52982400970721161435951723390541696819,spine,spine,l2_center,146.06,123.2,0.3985,True,146.83,123.13,True,True
10694bc01a,2.25.52982400970721161435951723390541696819,spine,spine,l3_center,149.11,177.54,0.1597,True,150.27,176.26,True,True
10694bc01a,2.25.52982400970721161435951723390541696819,spine,spine,l4_center,151.51,229.73,0.1509,True,152.89,230.57,True,True
10694bc01a,2.25.52982400970721161435951723390541696819,spine,spine,iliac_right,148.16,149.14,0.0345,False,,,False,True
10694bc01a,2.25.52982400970721161435951723390541696819,spine,spine,iliac_left,269.01,293.87,0.0913,True,,,False,True
10694bc01a,2.25.52982400970721161435951723390541696819,spine,spine,disc_th12_l1,144.17,47.91,0.3585,True,144.62,47.66,True,True
10694bc01a,2.25.52982400970721161435951723390541696819,spine,spine,disc_l1_l2,145.3,98.46,0.3317,True,147.41,97.22,True,True
10694bc01a,2.25.52982400970721161435951723390541696819,spine,spine,disc_l2_l3,147.9,149.13,0.2979,True,148.74,149.42,True,True
10694bc01a,2.25.52982400970721161435951723390541696819,spine,spine,disc_l3_l4,149.46,203.99,0.1599,True,151.47,203.24,True,True
10694bc01a,2.25.52982400970721161435951723390541696819,spine,spine,disc_l4_l5,150.52,257.45,0.0338,False,155.02,257.19,True,True
10694bc01a,2.25.52982400970721161435951723390541696819,spine,spine,l1_edge_right,114.65,73.84,0.3469,True,114.45,76.02,True,True
10694bc01a,2.25.52982400970721161435951723390541696819,spine,spine,l1_edge_left,175.26,71.95,0.2942,True,176.69,75.61,True,True
10694bc01a,2.25.52982400970721161435951723390541696819,spine,spine,l2_edge_right,113.79,125.76,0.3625,True,115.69,126.71,True,True
10694bc01a,2.25.52982400970721161435951723390541696819,spine,spine,l2_edge_left,178.42,124.0,0.3852,True,178.33,124.24,True,True
10694bc01a,2.25.52982400970721161435951723390541696819,spine,spine,l3_edge_right,116.58,178.63,0.3264,True,117.34,178.64,True,True
10694bc01a,2.25.52982400970721161435951723390541696819,spine,spine,l3_edge_left,181.12,176.6,0.3315,True,182.04,176.58,True,True
10694bc01a,2.25.52982400970721161435951723390541696819,spine,spine,l4_edge_right,116.66,233.25,0.2582,True,116.93,233.46,True,True
10694bc01a,2.25.52982400970721161435951723390541696819,spine,spine,l4_edge_left,185.01,230.89,0.1833,True,184.52,230.57,True,True
10694bc01a,2.25.52982400970721161435951723390541696819,spine,spine,trochanter_major,143.76,47.89,0.0312,False,,,False,False
10694bc01a,2.25.52982400970721161435951723390541696819,spine,spine,trochanter_lateral,241.54,303.04,0.0327,False,,,False,False
10694bc01a,2.25.52982400970721161435951723390541696819,spine,spine,trochanter_minor,146.1,123.17,0.104,False,,,False,False
10694bc01a,2.25.52982400970721161435951723390541696819,spine,spine,femoral_head_center,144.2,40.53,0.0674,False,,,False,False
10694bc01a,2.25.52982400970721161435951723390541696819,spine,spine,neck_center,144.17,2.73,0.0222,False,,,False,False
10694bc01a,2.25.52982400970721161435951723390541696819,spine,spine,ischium_bottom,243.11,137.63,0.0355,False,,,False,False
10694bc01a,2.25.52982400970721161435951723390541696819,spine,spine,shaft_lateral,142.18,2.03,0.0256,False,,,False,False
10694bc01a,2.25.52982400970721161435951723390541696819,spine,spine,shaft_medial,145.25,98.89,0.0837,False,,,False,False
fc64f9aede,2.25.66397484472966116002950503539482860450,spine,spine,th12_top,156.04,29.8,0.0416,False,,,False,True
fc64f9aede,2.25.66397484472966116002950503539482860450,spine,spine,th12_bottom,154.78,20.16,0.254,True,157.75,22.1,True,True
fc64f9aede,2.25.66397484472966116002950503539482860450,spine,spine,l1_center,157.33,51.2,0.26,True,157.92,46.66,True,True
fc64f9aede,2.25.66397484472966116002950503539482860450,spine,spine,l2_center,159.98,104.52,0.2182,True,161.83,104.95,True,True
fc64f9aede,2.25.66397484472966116002950503539482860450,spine,spine,l3_center,159.68,160.93,0.225,True,160.7,160.55,True,True
fc64f9aede,2.25.66397484472966116002950503539482860450,spine,spine,l4_center,162.23,274.87,0.0706,False,161.6,219.62,True,True
fc64f9aede,2.25.66397484472966116002950503539482860450,spine,spine,iliac_right,17.01,253.05,0.1371,True,14.69,250.74,True,True
fc64f9aede,2.25.66397484472966116002950503539482860450,spine,spine,iliac_left,291.96,239.1,0.1151,True,281.96,237.35,True,True
fc64f9aede,2.25.66397484472966116002950503539482860450,spine,spine,disc_th12_l1,155.0,24.86,0.3047,True,157.76,25.94,True,True
fc64f9aede,2.25.66397484472966116002950503539482860450,spine,spine,disc_l1_l2,159.02,78.7,0.3163,True,159.46,78.68,True,True
fc64f9aede,2.25.66397484472966116002950503539482860450,spine,spine,disc_l2_l3,160.16,131.41,0.2314,True,162.08,133.04,True,True
fc64f9aede,2.25.66397484472966116002950503539482860450,spine,spine,disc_l3_l4,159.2,189.2,0.1229,True,158.82,189.63,True,True
fc64f9aede,2.25.66397484472966116002950503539482860450,spine,spine,disc_l4_l5,162.23,249.11,0.0572,True,161.61,249.35,True,True
fc64f9aede,2.25.66397484472966116002950503539482860450,spine,spine,l1_edge_right,122.0,51.84,0.2852,True,122.61,50.21,True,True
fc64f9aede,2.25.66397484472966116002950503539482860450,spine,spine,l1_edge_left,190.39,49.76,0.3077,True,190.41,48.56,True,True
fc64f9aede,2.25.66397484472966116002950503539482860450,spine,spine,l2_edge_right,123.95,107.27,0.2431,True,125.09,107.68,True,True
fc64f9aede,2.25.66397484472966116002950503539482860450,spine,spine,l2_edge_left,194.7,106.38,0.2371,True,194.13,104.37,True,True
fc64f9aede,2.25.66397484472966116002950503539482860450,spine,spine,l3_edge_right,122.8,163.58,0.2235,True,122.61,164.32,True,True
fc64f9aede,2.25.66397484472966116002950503539482860450,spine,spine,l3_edge_left,196.9,161.27,0.2706,True,197.86,161.84,True,True
fc64f9aede,2.25.66397484472966116002950503539482860450,spine,spine,l4_edge_right,122.94,222.99,0.1664,True,125.09,222.62,True,True
fc64f9aede,2.25.66397484472966116002950503539482860450,spine,spine,l4_edge_left,198.85,221.34,0.3138,True,198.68,222.62,True,True
fc64f9aede,2.25.66397484472966116002950503539482860450,spine,spine,trochanter_major,15.92,253.1,0.0505,False,,,False,False
fc64f9aede,2.25.66397484472966116002950503539482860450,spine,spine,trochanter_lateral,293.03,239.57,0.032,False,,,False,False
fc64f9aede,2.25.66397484472966116002950503539482860450,spine,spine,trochanter_minor,160.12,104.07,0.1608,False,,,False,False
fc64f9aede,2.25.66397484472966116002950503539482860450,spine,spine,femoral_head_center,160.37,128.67,0.0553,False,,,False,False
fc64f9aede,2.25.66397484472966116002950503539482860450,spine,spine,neck_center,206.12,282.81,0.0246,False,,,False,False
fc64f9aede,2.25.66397484472966116002950503539482860450,spine,spine,ischium_bottom,21.9,22.87,0.027,False,,,False,False
fc64f9aede,2.25.66397484472966116002950503539482860450,spine,spine,shaft_lateral,160.74,55.76,0.0254,False,,,False,False
fc64f9aede,2.25.66397484472966116002950503539482860450,spine,spine,shaft_medial,159.89,132.47,0.1167,False,,,False,False
7470e3a667,2.25.173731186748227489808861376513577450951,spine,spine,th12_top,42.8,218.56,0.022,False,,,False,True
7470e3a667,2.25.173731186748227489808861376513577450951,spine,spine,th12_bottom,166.88,14.63,0.2049,True,168.98,16.59,True,True
7470e3a667,2.25.173731186748227489808861376513577450951,spine,spine,l1_center,166.29,43.43,0.2264,True,167.29,43.96,True,True
7470e3a667,2.25.173731186748227489808861376513577450951,spine,spine,l2_center,164.32,95.66,0.2906,True,165.15,96.42,True,True
7470e3a667,2.25.173731186748227489808861376513577450951,spine,spine,l3_center,162.83,149.81,0.229,True,164.34,146.51,True,True
7470e3a667,2.25.173731186748227489808861376513577450951,spine,spine,l4_center,160.92,207.71,0.1387,True,160.72,195.07,True,True
7470e3a667,2.25.173731186748227489808861376513577450951,spine,spine,iliac_right,42.42,218.58,0.114,True,33.43,217.35,True,True
7470e3a667,2.25.173731186748227489808861376513577450951,spine,spine,iliac_left,283.04,229.27,0.1058,True,282.54,228.99,True,True
7470e3a667,2.25.173731186748227489808861376513577450951,spine,spine,disc_th12_l1,166.26,19.35,0.195,True,168.73,21.14,True,True
7470e3a667,2.25.173731186748227489808861376513577450951,spine,spine,disc_l1_l2,165.54,69.8,0.2505,True,167.95,68.91,True,True
7470e3a667,2.25.173731186748227489808861376513577450951,spine,spine,disc_l2_l3,163.73,123.7,0.1649,True,164.48,124.02,True,True
7470e3a667,2.25.173731186748227489808861376513577450951,spine,spine,disc_l3_l4,162.34,178.63,0.1688,True,163.52,165.21,True,True
7470e3a667,2.25.173731186748227489808861376513577450951,spine,spine,disc_l4_l5,158.11,231.54,0.0847,True,159.21,224.83,True,True
7470e3a667,2.25.173731186748227489808861376513577450951,spine,spine,l1_edge_right,137.6,43.05,0.349,True,138.63,44.13,True,True
7470e3a667,2.25.173731186748227489808861376513577450951,spine,spine,l1_edge_left,194.84,44.47,0.284,True,196.87,44.13,True,True
7470e3a667,2.25.173731186748227489808861376513577450951,spine,spine,l2_edge_right,134.44,97.19,0.2452,True,133.37,96.36,True,True
7470e3a667,2.25.173731186748227489808861376513577450951,spine,spine,l2_edge_left,193.35,99.93,0.2508,True,195.37,100.49,True,True
7470e3a667,2.25.173731186748227489808861376513577450951,spine,spine,l3_edge_right,131.31,147.55,0.2223,True,131.49,147.83,True,True
7470e3a667,2.25.173731186748227489808861376513577450951,spine,spine,l3_edge_left,194.34,149.77,0.2125,True,194.62,146.71,True,True
7470e3a667,2.25.173731186748227489808861376513577450951,spine,spine,l4_edge_right,124.69,203.05,0.1326,True,125.86,194.43,True,True
7470e3a667,2.25.173731186748227489808861376513577450951,spine,spine,l4_edge_left,198.21,206.33,0.1133,True,198.75,197.06,True,True
7470e3a667,2.25.173731186748227489808861376513577450951,spine,spine,trochanter_major,15.09,214.16,0.0339,False,,,False,False
7470e3a667,2.25.173731186748227489808861376513577450951,spine,spine,trochanter_lateral,284.07,229.64,0.0275,False,,,False,False
7470e3a667,2.25.173731186748227489808861376513577450951,spine,spine,trochanter_minor,164.79,95.57,0.0839,False,,,False,False
7470e3a667,2.25.173731186748227489808861376513577450951,spine,spine,femoral_head_center,167.11,11.74,0.0487,False,,,False,False
7470e3a667,2.25.173731186748227489808861376513577450951,spine,spine,neck_center,53.37,234.83,0.0117,False,,,False,False
7470e3a667,2.25.173731186748227489808861376513577450951,spine,spine,ischium_bottom,34.99,61.04,0.0282,False,,,False,False
7470e3a667,2.25.173731186748227489808861376513577450951,spine,spine,shaft_lateral,205.71,283.7,0.0232,False,,,False,False
7470e3a667,2.25.173731186748227489808861376513577450951,spine,spine,shaft_medial,165.36,69.98,0.1,False,,,False,False
5b09f1ee9f,2.25.286999464611662854355201599068538813496,hip,rhip,th12_top,201.5,65.67,0.0306,False,,,False,False
5b09f1ee9f,2.25.286999464611662854355201599068538813496,hip,rhip,th12_bottom,230.03,105.07,0.0224,False,,,False,False
5b09f1ee9f,2.25.286999464611662854355201599068538813496,hip,rhip,l1_center,147.66,87.98,0.0555,False,,,False,False
5b09f1ee9f,2.25.286999464611662854355201599068538813496,hip,rhip,l2_center,153.87,87.93,0.0259,False,,,False,False
5b09f1ee9f,2.25.286999464611662854355201599068538813496,hip,rhip,l3_center,155.95,168.77,0.0255,False,,,False,False
5b09f1ee9f,2.25.286999464611662854355201599068538813496,hip,rhip,l4_center,161.75,161.42,0.0199,False,,,False,False
5b09f1ee9f,2.25.286999464611662854355201599068538813496,hip,rhip,iliac_right,146.61,1.15,0.0221,False,,,False,False
5b09f1ee9f,2.25.286999464611662854355201599068538813496,hip,rhip,iliac_left,219.82,161.73,0.0205,False,,,False,False
5b09f1ee9f,2.25.286999464611662854355201599068538813496,hip,rhip,disc_th12_l1,201.89,65.8,0.0346,False,,,False,False
5b09f1ee9f,2.25.286999464611662854355201599068538813496,hip,rhip,disc_l1_l2,201.65,65.91,0.0262,False,,,False,False
5b09f1ee9f,2.25.286999464611662854355201599068538813496,hip,rhip,disc_l2_l3,119.99,8.94,0.0206,False,,,False,False
5b09f1ee9f,2.25.286999464611662854355201599068538813496,hip,rhip,disc_l3_l4,201.72,65.42,0.0595,False,,,False,False
5b09f1ee9f,2.25.286999464611662854355201599068538813496,hip,rhip,disc_l4_l5,114.15,66.28,0.0263,False,,,False,False
5b09f1ee9f,2.25.286999464611662854355201599068538813496,hip,rhip,l1_edge_right,156.38,6.97,0.017,False,,,False,False
5b09f1ee9f,2.25.286999464611662854355201599068538813496,hip,rhip,l1_edge_left,144.46,19.48,0.0334,False,,,False,False
5b09f1ee9f,2.25.286999464611662854355201599068538813496,hip,rhip,l2_edge_right,126.14,7.15,0.0175,False,,,False,False
5b09f1ee9f,2.25.286999464611662854355201599068538813496,hip,rhip,l2_edge_left,149.97,0.66,0.0191,False,,,False,False
5b09f1ee9f,2.25.286999464611662854355201599068538813496,hip,rhip,l3_edge_right,232.16,116.53,0.0262,False,,,False,False
5b09f1ee9f,2.25.286999464611662854355201599068538813496,hip,rhip,l3_edge_left,150.81,1.37,0.0204,False,,,False,False
5b09f1ee9f,2.25.286999464611662854355201599068538813496,hip,rhip,l4_edge_right,164.81,168.48,0.0233,False,,,False,False
5b09f1ee9f,2.25.286999464611662854355201599068538813496,hip,rhip,l4_edge_left,64.41,159.88,0.0142,False,,,False,False
5b09f1ee9f,2.25.286999464611662854355201599068538813496,hip,rhip,trochanter_major,201.85,64.94,0.4814,True,200.7,64.43,True,True
5b09f1ee9f,2.25.286999464611662854355201599068538813496,hip,rhip,trochanter_lateral,231.01,105.13,0.1165,True,231.27,119.07,True,True
5b09f1ee9f,2.25.286999464611662854355201599068538813496,hip,rhip,trochanter_minor,158.32,167.83,0.2356,True,158.91,169.78,True,True
5b09f1ee9f,2.25.286999464611662854355201599068538813496,hip,rhip,femoral_head_center,119.86,66.78,0.1961,True,116.5,67.47,True,True
5b09f1ee9f,2.25.286999464611662854355201599068538813496,hip,rhip,neck_center,147.26,88.89,0.3303,True,150.01,91.78,True,True
5b09f1ee9f,2.25.286999464611662854355201599068538813496,hip,rhip,ischium_bottom,72.37,160.93,0.1578,True,69.34,161.48,True,True
5b09f1ee9f,2.25.286999464611662854355201599068538813496,hip,rhip,shaft_lateral,220.46,161.93,0.2234,True,219.04,169.3,True,True
5b09f1ee9f,2.25.286999464611662854355201599068538813496,hip,rhip,shaft_medial,162.56,167.1,0.2625,True,163.29,169.9,True,True
0b469b1725,2.25.12798473087614376830819854616447908612,spine,spine,th12_top,134.01,3.15,0.0808,True,,,False,True
0b469b1725,2.25.12798473087614376830819854616447908612,spine,spine,th12_bottom,138.06,42.3,0.1842,True,138.86,41.34,True,True
0b469b1725,2.25.12798473087614376830819854616447908612,spine,spine,l1_center,141.63,70.66,0.2081,True,142.73,68.93,True,True
0b469b1725,2.25.12798473087614376830819854616447908612,spine,spine,l2_center,149.68,121.17,0.3246,True,149.17,124.0,True,True
0b469b1725,2.25.12798473087614376830819854616447908612,spine,spine,l3_center,149.75,166.3,0.3783,True,152.94,167.25,True,True
0b469b1725,2.25.12798473087614376830819854616447908612,spine,spine,l4_center,150.33,222.67,0.2472,True,151.1,220.86,True,True
0b469b1725,2.25.12798473087614376830819854616447908612,spine,spine,iliac_right,14.77,273.88,0.1364,True,14.92,273.54,True,True
0b469b1725,2.25.12798473087614376830819854616447908612,spine,spine,iliac_left,279.63,245.9,0.1732,True,284.37,245.2,True,True
0b469b1725,2.25.12798473087614376830819854616447908612,spine,spine,disc_th12_l1,138.53,45.87,0.2507,True,140.42,44.86,True,True
0b469b1725,2.25.12798473087614376830819854616447908612,spine,spine,disc_l1_l2,145.78,94.94,0.3903,True,149.47,93.2,True,True
0b469b1725,2.25.12798473087614376830819854616447908612,spine,spine,disc_l2_l3,150.55,148.59,0.1581,True,152.73,147.73,True,True
0b469b1725,2.25.12798473087614376830819854616447908612,spine,spine,disc_l3_l4,150.79,191.87,0.3067,True,152.73,193.22,True,True
0b469b1725,2.25.12798473087614376830819854616447908612,spine,spine,disc_l4_l5,151.51,250.76,0.0865,True,151.33,249.25,True,True
0b469b1725,2.25.12798473087614376830819854616447908612,spine,spine,l1_edge_right,110.83,74.9,0.1768,True,112.42,72.21,True,True
0b469b1725,2.25.12798473087614376830819854616447908612,spine,spine,l1_edge_left,171.94,67.73,0.2121,True,173.0,66.74,True,True
0b469b1725,2.25.12798473087614376830819854616447908612,spine,spine,l2_edge_right,118.37,123.36,0.4113,True,119.07,123.99,True,True
0b469b1725,2.25.12798473087614376830819854616447908612,spine,spine,l2_edge_left,179.72,118.93,0.3282,True,181.4,119.69,True,True
0b469b1725,2.25.12798473087614376830819854616447908612,spine,spine,l3_edge_right,116.22,170.68,0.3502,True,117.47,168.87,True,True
0b469b1725,2.25.12798473087614376830819854616447908612,spine,spine,l3_edge_left,184.49,166.95,0.2121,True,185.09,166.99,True,True
0b469b1725,2.25.12798473087614376830819854616447908612,spine,spine,l4_edge_right,113.47,224.2,0.2456,True,112.85,224.82,True,True
0b469b1725,2.25.12798473087614376830819854616447908612,spine,spine,l4_edge_left,188.7,223.16,0.3263,True,188.43,225.25,True,True
0b469b1725,2.25.12798473087614376830819854616447908612,spine,spine,trochanter_major,134.68,19.67,0.0371,False,,,False,False
0b469b1725,2.25.12798473087614376830819854616447908612,spine,spine,trochanter_lateral,115.82,171.11,0.028,False,,,False,False
0b469b1725,2.25.12798473087614376830819854616447908612,spine,spine,trochanter_minor,154.64,222.62,0.0241,False,,,False,False
0b469b1725,2.25.12798473087614376830819854616447908612,spine,spine,femoral_head_center,138.6,45.91,0.0491,False,,,False,False
0b469b1725,2.25.12798473087614376830819854616447908612,spine,spine,neck_center,134.09,22.34,0.0319,False,,,False,False
0b469b1725,2.25.12798473087614376830819854616447908612,spine,spine,ischium_bottom,116.16,126.91,0.036,False,,,False,False
0b469b1725,2.25.12798473087614376830819854616447908612,spine,spine,shaft_lateral,277.06,246.97,0.0179,False,,,False,False
0b469b1725,2.25.12798473087614376830819854616447908612,spine,spine,shaft_medial,150.81,225.19,0.028,False,,,False,False
14b3c6d5f0,2.25.13983650679559142983913935144968795415,hip,rhip,th12_top,201.95,67.97,0.0258,False,,,False,False
14b3c6d5f0,2.25.13983650679559142983913935144968795415,hip,rhip,th12_bottom,234.86,117.85,0.0234,False,,,False,False
14b3c6d5f0,2.25.13983650679559142983913935144968795415,hip,rhip,l1_center,147.56,97.84,0.0436,False,,,False,False
14b3c6d5f0,2.25.13983650679559142983913935144968795415,hip,rhip,l2_center,155.55,99.24,0.0216,False,,,False,False
14b3c6d5f0,2.25.13983650679559142983913935144968795415,hip,rhip,l3_center,155.87,165.47,0.0359,False,,,False,False
14b3c6d5f0,2.25.13983650679559142983913935144968795415,hip,rhip,l4_center,166.19,163.1,0.0199,False,,,False,False
14b3c6d5f0,2.25.13983650679559142983913935144968795415,hip,rhip,iliac_right,150.98,1.07,0.0185,False,,,False,False
14b3c6d5f0,2.25.13983650679559142983913935144968795415,hip,rhip,iliac_left,228.51,162.01,0.0196,False,,,False,False
14b3c6d5f0,2.25.13983650679559142983913935144968795415,hip,rhip,disc_th12_l1,203.06,67.78,0.0343,False,,,False,False
14b3c6d5f0,2.25.13983650679559142983913935144968795415,hip,rhip,disc_l1_l2,235.07,117.09,0.0275,False,,,False,False
14b3c6d5f0,2.25.13983650679559142983913935144968795415,hip,rhip,disc_l2_l3,120.96,18.01,0.0191,False,,,False,False
14b3c6d5f0,2.25.13983650679559142983913935144968795415,hip,rhip,disc_l3_l4,202.02,67.67,0.0519,False,,,False,False
14b3c6d5f0,2.25.13983650679559142983913935144968795415,hip,rhip,disc_l4_l5,171.29,161.35,0.0366,False,,,False,False
14b3c6d5f0,2.25.13983650679559142983913935144968795415,hip,rhip,l1_edge_right,68.54,155.94,0.0159,False,,,False,False
14b3c6d5f0,2.25.13983650679559142983913935144968795415,hip,rhip,l1_edge_left,83.2,152.14,0.0204,False,,,False,False
14b3c6d5f0,2.25.13983650679559142983913935144968795415,hip,rhip,l2_edge_right,92.75,17.39,0.0187,False,,,False,False
14b3c6d5f0,2.25.13983650679559142983913935144968795415,hip,rhip,l2_edge_left,153.07,0.83,0.0223,False,,,False,False
14b3c6d5f0,2.25.13983650679559142983913935144968795415,hip,rhip,l3_edge_right,92.03,19.2,0.0403,False,,,False,False
14b3c6d5f0,2.25.13983650679559142983913935144968795415,hip,rhip,l3_edge_left,153.83,1.68,0.0182,False,,,False,False
14b3c6d5f0,2.25.13983650679559142983913935144968795415,hip,rhip,l4_edge_right,167.4,168.55,0.0428,False,,,False,False
14b3c6d5f0,2.25.13983650679559142983913935144968795415,hip,rhip,l4_edge_left,150.91,20.91,0.0319,False,,,False,False
14b3c6d5f0,2.25.13983650679559142983913935144968795415,hip,rhip,trochanter_major,202.78,67.58,0.3524,True,202.19,66.53,True,True
14b3c6d5f0,2.25.13983650679559142983913935144968795415,hip,rhip,trochanter_lateral,235.63,117.52,0.1424,True,236.11,121.54,True,True
14b3c6d5f0,2.25.13983650679559142983913935144968795415,hip,rhip,trochanter_minor,156.33,167.77,0.3945,True,155.77,167.75,True,True
14b3c6d5f0,2.25.13983650679559142983913935144968795415,hip,rhip,femoral_head_center,115.36,80.7,0.1461,True,115.83,74.02,True,True
14b3c6d5f0,2.25.13983650679559142983913935144968795415,hip,rhip,neck_center,146.92,98.38,0.2991,True,148.09,98.95,True,True
14b3c6d5f0,2.25.13983650679559142983913935144968795415,hip,rhip,ischium_bottom,73.81,174.17,0.2399,True,68.44,174.82,True,True
14b3c6d5f0,2.25.13983650679559142983913935144968795415,hip,rhip,shaft_lateral,229.34,162.41,0.2239,True,229.41,158.91,True,True
14b3c6d5f0,2.25.13983650679559142983913935144968795415,hip,rhip,shaft_medial,168.36,166.09,0.4096,True,167.88,166.59,True,True
7d0a1ff508,2.25.167344201679287285499405412654740659745,hip,lhip,th12_top,189.83,58.96,0.0285,False,,,False,False
7d0a1ff508,2.25.167344201679287285499405412654740659745,hip,lhip,th12_bottom,224.99,107.98,0.0259,False,,,False,False
7d0a1ff508,2.25.167344201679287285499405412654740659745,hip,lhip,l1_center,135.8,91.72,0.0554,False,,,False,False
7d0a1ff508,2.25.167344201679287285499405412654740659745,hip,lhip,l2_center,143.63,90.41,0.0218,False,,,False,False
7d0a1ff508,2.25.167344201679287285499405412654740659745,hip,lhip,l3_center,147.62,159.93,0.0327,False,,,False,False
7d0a1ff508,2.25.167344201679287285499405412654740659745,hip,lhip,l4_center,102.75,81.1,0.0194,False,,,False,False
7d0a1ff508,2.25.167344201679287285499405412654740659745,hip,lhip,iliac_right,189.84,58.11,0.0197,False,,,False,False
7d0a1ff508,2.25.167344201679287285499405412654740659745,hip,lhip,iliac_left,216.81,156.02,0.0216,False,,,False,False
7d0a1ff508,2.25.167344201679287285499405412654740659745,hip,lhip,disc_th12_l1,190.89,59.59,0.0328,False,,,False,False
7d0a1ff508,2.25.167344201679287285499405412654740659745,hip,lhip,disc_l1_l2,225.75,107.84,0.0325,False,,,False,False
7d0a1ff508,2.25.167344201679287285499405412654740659745,hip,lhip,disc_l2_l3,114.95,5.01,0.0173,False,,,False,False
7d0a1ff508,2.25.167344201679287285499405412654740659745,hip,lhip,disc_l3_l4,190.03,58.62,0.056,False,,,False,False
7d0a1ff508,2.25.167344201679287285499405412654740659745,hip,lhip,disc_l4_l5,163.97,155.68,0.0303,False,,,False,False
7d0a1ff508,2.25.167344201679287285499405412654740659745,hip,lhip,l1_edge_right,156.1,15.75,0.0149,False,,,False,False
7d0a1ff508,2.25.167344201679287285499405412654740659745,hip,lhip,l1_edge_left,150.61,1.33,0.0192,False,,,False,False
7d0a1ff508,2.25.167344201679287285499405412654740659745,hip,lhip,l2_edge_right,159.27,11.89,0.0168,False,,,False,False
7d0a1ff508,2.25.167344201679287285499405412654740659745,hip,lhip,l2_edge_left,150.81,1.52,0.0222,False,,,False,False
7d0a1ff508,2.25.167344201679287285499405412654740659745,hip,lhip,l3_edge_right,226.22,105.41,0.0249,False,,,False,False
7d0a1ff508,2.25.167344201679287285499405412654740659745,hip,lhip,l3_edge_left,25.14,114.81,0.0244,False,,,False,False
7d0a1ff508,2.25.167344201679287285499405412654740659745,hip,lhip,l4_edge_right,161.68,162.55,0.0373,False,,,False,False
7d0a1ff508,2.25.167344201679287285499405412654740659745,hip,lhip,l4_edge_left,159.54,166.34,0.0189,False,,,False,False
7d0a1ff508,2.25.167344201679287285499405412654740659745,hip,lhip,trochanter_major,190.76,58.3,0.424,True,190.55,57.56,True,True
7d0a1ff508,2.25.167344201679287285499405412654740659745,hip,lhip,trochanter_lateral,225.87,107.62,0.2126,True,227.21,110.79,True,True
7d0a1ff508,2.25.167344201679287285499405412654740659745,hip,lhip,trochanter_minor,148.83,161.46,0.3452,True,147.58,161.04,True,True
7d0a1ff508,2.25.167344201679287285499405412654740659745,hip,lhip,femoral_head_center,110.16,78.85,0.2818,True,101.96,75.64,True,True
7d0a1ff508,2.25.167344201679287285499405412654740659745,hip,lhip,neck_center,135.58,92.41,0.3031,True,137.49,90.4,True,True
7d0a1ff508,2.25.167344201679287285499405412654740659745,hip,lhip,ischium_bottom,75.45,177.81,0.3145,True,75.36,179.21,True,True
7d0a1ff508,2.25.167344201679287285499405412654740659745,hip,lhip,shaft_lateral,217.81,155.73,0.218,True,217.68,154.73,True,True
7d0a1ff508,2.25.167344201679287285499405412654740659745,hip,lhip,shaft_medial,160.9,160.31,0.365,True,160.0,159.26,True,True
ac80f5f483,2.25.168317503020329569414190677927680518621,spine,spine,th12_top,148.59,16.41,0.0458,False,,,False,True
ac80f5f483,2.25.168317503020329569414190677927680518621,spine,spine,th12_bottom,149.57,15.82,0.2246,True,148.8,16.27,True,True
ac80f5f483,2.25.168317503020329569414190677927680518621,spine,spine,l1_center,150.89,41.22,0.454,True,151.81,41.75,True,True
ac80f5f483,2.25.168317503020329569414190677927680518621,spine,spine,l2_center,153.72,93.97,0.3453,True,154.45,94.17,True,True
ac80f5f483,2.25.168317503020329569414190677927680518621,spine,spine,l3_center,153.54,144.78,0.3045,True,153.46,144.68,True,True
ac80f5f483,2.25.168317503020329569414190677927680518621,spine,spine,l4_center,149.71,208.28,0.0486,False,148.99,192.08,True,True
ac80f5f483,2.25.168317503020329569414190677927680518621,spine,spine,iliac_right,23.37,205.53,0.0853,True,44.52,209.94,True,True
ac80f5f483,2.25.168317503020329569414190677927680518621,spine,spine,iliac_left,291.12,215.97,0.1557,True,291.68,217.01,True,True
ac80f5f483,2.25.168317503020329569414190677927680518621,spine,spine,disc_th12_l1,149.23,19.95,0.3223,True,149.41,19.63,True,True
ac80f5f483,2.25.168317503020329569414190677927680518621,spine,spine,disc_l1_l2,152.53,68.19,0.326,True,154.57,69.05,True,True
ac80f5f483,2.25.168317503020329569414190677927680518621,spine,spine,disc_l2_l3,153.81,118.38,0.2721,True,155.15,117.08,True,True
ac80f5f483,2.25.168317503020329569414190677927680518621,spine,spine,disc_l3_l4,151.57,169.25,0.2066,True,152.98,169.54,True,True
ac80f5f483,2.25.168317503020329569414190677927680518621,spine,spine,disc_l4_l5,150.0,225.33,0.1049,True,150.64,225.17,True,True
ac80f5f483,2.25.168317503020329569414190677927680518621,spine,spine,l1_edge_right,121.68,46.59,0.3922,True,121.97,45.95,True,True
ac80f5f483,2.25.168317503020329569414190677927680518621,spine,spine,l1_edge_left,181.51,43.11,0.4134,True,182.24,40.9,True,True
ac80f5f483,2.25.168317503020329569414190677927680518621,spine,spine,l2_edge_right,122.95,95.98,0.2909,True,122.3,97.8,True,True
ac80f5f483,2.25.168317503020329569414190677927680518621,spine,spine,l2_edge_left,185.14,94.25,0.3387,True,186.96,93.76,True,True
ac80f5f483,2.25.168317503020329569414190677927680518621,spine,spine,l3_edge_right,122.23,145.15,0.5072,True,122.3,144.95,True,True
ac80f5f483,2.25.168317503020329569414190677927680518621,spine,spine,l3_edge_left,186.63,145.05,0.2931,True,187.97,144.61,True,True
ac80f5f483,2.25.168317503020329569414190677927680518621,spine,spine,l4_edge_right,115.98,188.93,0.0769,True,116.24,192.09,True,True
ac80f5f483,2.25.168317503020329569414190677927680518621,spine,spine,l4_edge_left,187.07,146.52,0.0739,True,192.01,192.09,True,True
ac80f5f483,2.25.168317503020329569414190677927680518621,spine,spine,trochanter_major,150.79,39.01,0.0315,False,,,False,False
ac80f5f483,2.25.168317503020329569414190677927680518621,spine,spine,trochanter_lateral,121.88,145.29,0.0482,False,,,False,False
ac80f5f483,2.25.168317503020329569414190677927680518621,spine,spine,trochanter_minor,154.17,144.71,0.0331,False,,,False,False
ac80f5f483,2.25.168317503020329569414190677927680518621,spine,spine,femoral_head_center,150.14,20.07,0.0428,False,,,False,False
ac80f5f483,2.25.168317503020329569414190677927680518621,spine,spine,neck_center,149.33,19.83,0.0672,False,,,False,False
ac80f5f483,2.25.168317503020329569414190677927680518621,spine,spine,ischium_bottom,121.18,52.89,0.0339,False,,,False,False
ac80f5f483,2.25.168317503020329569414190677927680518621,spine,spine,shaft_lateral,149.51,176.43,0.0193,False,,,False,False
ac80f5f483,2.25.168317503020329569414190677927680518621,spine,spine,shaft_medial,124.09,57.27,0.0192,False,,,False,False
511282fa4c,2.25.37515662379281069436632838996073181551,spine,spine,th12_top,128.06,69.63,0.0374,False,,,False,True
511282fa4c,2.25.37515662379281069436632838996073181551,spine,spine,th12_bottom,123.77,21.83,0.3152,True,124.95,21.6,True,True
511282fa4c,2.25.37515662379281069436632838996073181551,spine,spine,l1_center,125.54,47.17,0.4559,True,126.2,47.17,True,True
511282fa4c,2.25.37515662379281069436632838996073181551,spine,spine,l2_center,130.84,94.31,0.3609,True,132.1,96.17,True,True
511282fa4c,2.25.37515662379281069436632838996073181551,spine,spine,l3_center,138.44,143.09,0.3421,True,140.55,146.78,True,True
511282fa4c,2.25.37515662379281069436632838996073181551,spine,spine,l4_center,146.16,198.39,0.2528,True,146.37,199.74,True,True
511282fa4c,2.25.37515662379281069436632838996073181551,spine,spine,iliac_right,42.53,267.65,0.2488,True,44.73,267.66,True,True
511282fa4c,2.25.37515662379281069436632838996073181551,spine,spine,iliac_left,250.73,262.36,0.1092,True,249.03,262.36,True,True
511282fa4c,2.25.37515662379281069436632838996073181551,spine,spine,disc_th12_l1,123.88,26.54,0.3872,True,125.56,25.98,True,True
511282fa4c,2.25.37515662379281069436632838996073181551,spine,spine,disc_l1_l2,128.61,70.67,0.3875,True,130.34,74.59,True,True
511282fa4c,2.25.37515662379281069436632838996073181551,spine,spine,disc_l2_l3,135.03,117.91,0.3586,True,134.45,118.84,True,True
511282fa4c,2.25.37515662379281069436632838996073181551,spine,spine,disc_l3_l4,143.2,170.15,0.2953,True,143.93,171.13,True,True
511282fa4c,2.25.37515662379281069436632838996073181551,spine,spine,disc_l4_l5,149.99,246.86,0.2948,True,149.7,222.27,True,True
511282fa4c,2.25.37515662379281069436632838996073181551,spine,spine,l1_edge_right,94.95,50.82,0.4667,True,94.67,49.36,True,True
511282fa4c,2.25.37515662379281069436632838996073181551,spine,spine,l1_edge_left,155.61,45.75,0.3694,True,158.23,45.19,True,True
511282fa4c,2.25.37515662379281069436632838996073181551,spine,spine,l2_edge_right,101.29,100.3,0.2735,True,99.21,99.67,True,True
511282fa4c,2.25.37515662379281069436632838996073181551,spine,spine,l2_edge_left,160.46,93.81,0.3135,True,163.15,93.62,True,True
511282fa4c,2.25.37515662379281069436632838996073181551,spine,spine,l3_edge_right,107.06,150.86,0.2535,True,106.4,149.61,True,True
511282fa4c,2.25.37515662379281069436632838996073181551,spine,spine,l3_edge_left,170.09,143.3,0.3546,True,171.09,142.43,True,True
511282fa4c,2.25.37515662379281069436632838996073181551,spine,spine,l4_edge_right,113.17,203.63,0.1759,True,113.59,201.82,True,True
511282fa4c,2.25.37515662379281069436632838996073181551,spine,spine,l4_edge_left,180.23,195.04,0.2248,True,180.55,194.64,True,True
511282fa4c,2.25.37515662379281069436632838996073181551,spine,spine,trochanter_major,124.91,45.46,0.032,False,,,False,False
511282fa4c,2.25.37515662379281069436632838996073181551,spine,spine,trochanter_lateral,124.1,21.04,0.0499,False,,,False,False
511282fa4c,2.25.37515662379281069436632838996073181551,spine,spine,trochanter_minor,146.46,198.03,0.0406,False,,,False,False
511282fa4c,2.25.37515662379281069436632838996073181551,spine,spine,femoral_head_center,124.23,26.3,0.046,False,,,False,False
511282fa4c,2.25.37515662379281069436632838996073181551,spine,spine,neck_center,123.53,26.86,0.0646,False,,,False,False
511282fa4c,2.25.37515662379281069436632838996073181551,spine,spine,ischium_bottom,99.34,103.0,0.0471,False,,,False,False
511282fa4c,2.25.37515662379281069436632838996073181551,spine,spine,shaft_lateral,247.53,263.72,0.0252,False,,,False,False
511282fa4c,2.25.37515662379281069436632838996073181551,spine,spine,shaft_medial,150.65,252.87,0.0312,False,,,False,False
1a18323a02,2.25.116822802042655971810859435524105064465,spine,spine,th12_top,150.15,68.17,0.0519,True,154.06,29.14,True,True
1a18323a02,2.25.116822802042655971810859435524105064465,spine,spine,th12_bottom,154.17,18.58,0.2965,True,150.2,63.19,True,True
1a18323a02,2.25.116822802042655971810859435524105064465,spine,spine,l1_center,151.49,47.31,0.4826,True,149.73,96.99,True,True
1a18323a02,2.25.116822802042655971810859435524105064465,spine,spine,l2_center,149.49,94.66,0.3242,True,156.46,151.74,True,True
1a18323a02,2.25.116822802042655971810859435524105064465,spine,spine,l3_center,155.14,151.99,0.3912,True,161.26,206.49,True,True
1a18323a02,2.25.116822802042655971810859435524105064465,spine,spine,l4_center,161.15,209.23,0.3559,True,155.5,265.09,True,True
1a18323a02,2.25.116822802042655971810859435524105064465,spine,spine,iliac_right,44.26,278.39,0.1595,True,45.71,279.67,True,True
1a18323a02,2.25.116822802042655971810859435524105064465,spine,spine,iliac_left,250.11,267.43,0.1041,True,248.3,269.34,True,True
1a18323a02,2.25.116822802042655971810859435524105064465,spine,spine,disc_th12_l1,154.08,23.5,0.4526,True,150.2,67.73,True,True
1a18323a02,2.25.116822802042655971810859435524105064465,spine,spine,disc_l1_l2,150.18,69.66,0.3324,True,151.54,119.7,True,True
1a18323a02,2.25.116822802042655971810859435524105064465,spine,spine,disc_l2_l3,152.74,123.13,0.2672,True,161.19,178.78,True,True
1a18323a02,2.25.116822802042655971810859435524105064465,spine,spine,disc_l3_l4,158.41,178.9,0.4385,True,161.27,233.41,True,True
1a18323a02,2.25.116822802042655971810859435524105064465,spine,spine,disc_l4_l5,159.19,235.42,0.1249,True,151.67,291.44,True,True
1a18323a02,2.25.116822802042655971810859435524105064465,spine,spine,l1_edge_right,120.56,45.3,0.5075,True,115.99,101.07,True,True
1a18323a02,2.25.116822802042655971810859435524105064465,spine,spine,l1_edge_left,182.0,49.85,0.3785,True,184.21,96.93,True,True
1a18323a02,2.25.116822802042655971810859435524105064465,spine,spine,l2_edge_right,116.4,101.06,0.3055,True,119.72,156.47,True,True
1a18323a02,2.25.116822802042655971810859435524105064465,spine,spine,l2_edge_left,181.29,97.02,0.2085,True,188.35,149.85,True,True
1a18323a02,2.25.116822802042655971810859435524105064465,spine,spine,l3_edge_right,119.74,156.74,0.3314,True,127.98,207.73,True,True
1a18323a02,2.25.116822802042655971810859435524105064465,spine,spine,l3_edge_left,188.38,152.2,0.3795,True,196.62,205.25,True,True
1a18323a02,2.25.116822802042655971810859435524105064465,spine,spine,l4_edge_right,126.26,210.89,0.31,True,115.99,262.72,True,True
1a18323a02,2.25.116822802042655971810859435524105064465,spine,spine,l4_edge_left,196.01,209.11,0.3596,True,193.72,270.16,True,True
1a18323a02,2.25.116822802042655971810859435524105064465,spine,spine,trochanter_major,150.9,45.66,0.0288,False,,,False,False
1a18323a02,2.25.116822802042655971810859435524105064465,spine,spine,trochanter_lateral,154.74,17.94,0.059,False,,,False,False
1a18323a02,2.25.116822802042655971810859435524105064465,spine,spine,trochanter_minor,155.68,152.33,0.023,False,,,False,False
1a18323a02,2.25.116822802042655971810859435524105064465,spine,spine,femoral_head_center,154.15,22.72,0.0469,False,,,False,False
1a18323a02,2.25.116822802042655971810859435524105064465,spine,spine,neck_center,153.77,24.16,0.0502,False,,,False,False
1a18323a02,2.25.116822802042655971810859435524105064465,spine,spine,ischium_bottom,115.46,103.94,0.0467,False,,,False,False
1a18323a02,2.25.116822802042655971810859435524105064465,spine,spine,shaft_lateral,157.44,242.38,0.0246,False,,,False,False
1a18323a02,2.25.116822802042655971810859435524105064465,spine,spine,shaft_medial,160.29,211.34,0.0241,False,,,False,False
51bfb06d8e,2.25.129239680100193368599713239115902740628,hip,lhip,th12_top,145.67,85.04,0.0326,False,,,False,False
51bfb06d8e,2.25.129239680100193368599713239115902740628,hip,lhip,th12_bottom,182.22,130.95,0.024,False,,,False,False
51bfb06d8e,2.25.129239680100193368599713239115902740628,hip,lhip,l1_center,145.9,84.99,0.0418,False,,,False,False
51bfb06d8e,2.25.129239680100193368599713239115902740628,hip,lhip,l2_center,151.29,85.6,0.0229,False,,,False,False
51bfb06d8e,2.25.129239680100193368599713239115902740628,hip,lhip,l3_center,102.8,182.43,0.0416,False,,,False,False
51bfb06d8e,2.25.129239680100193368599713239115902740628,hip,lhip,l4_center,163.81,305.32,0.0224,False,,,False,False
51bfb06d8e,2.25.129239680100193368599713239115902740628,hip,lhip,iliac_right,146.8,85.42,0.021,False,,,False,False
51bfb06d8e,2.25.129239680100193368599713239115902740628,hip,lhip,iliac_left,173.89,176.01,0.0182,False,,,False,False
51bfb06d8e,2.25.129239680100193368599713239115902740628,hip,lhip,disc_th12_l1,146.13,85.64,0.0379,False,,,False,False
51bfb06d8e,2.25.129239680100193368599713239115902740628,hip,lhip,disc_l1_l2,145.72,85.27,0.0311,False,,,False,False
51bfb06d8e,2.25.129239680100193368599713239115902740628,hip,lhip,disc_l2_l3,186.9,311.92,0.0247,False,,,False,False
51bfb06d8e,2.25.129239680100193368599713239115902740628,hip,lhip,disc_l3_l4,145.83,84.63,0.0554,False,,,False,False
51bfb06d8e,2.25.129239680100193368599713239115902740628,hip,lhip,disc_l4_l5,122.02,176.49,0.0298,False,,,False,False
51bfb06d8e,2.25.129239680100193368599713239115902740628,hip,lhip,l1_edge_right,29.07,149.88,0.017,False,,,False,False
51bfb06d8e,2.25.129239680100193368599713239115902740628,hip,lhip,l1_edge_left,142.97,1.6,0.0221,False,,,False,False
51bfb06d8e,2.25.129239680100193368599713239115902740628,hip,lhip,l2_edge_right,37.85,195.46,0.0185,False,,,False,False
51bfb06d8e,2.25.129239680100193368599713239115902740628,hip,lhip,l2_edge_left,143.09,2.33,0.0204,False,,,False,False
51bfb06d8e,2.25.129239680100193368599713239115902740628,hip,lhip,l3_edge_right,181.17,117.9,0.025,False,,,False,False
51bfb06d8e,2.25.129239680100193368599713239115902740628,hip,lhip,l3_edge_left,58.51,11.46,0.0203,False,,,False,False
51bfb06d8e,2.25.129239680100193368599713239115902740628,hip,lhip,l4_edge_right,120.06,184.3,0.0342,False,,,False,False
51bfb06d8e,2.25.129239680100193368599713239115902740628,hip,lhip,l4_edge_left,173.81,111.21,0.0136,False,,,False,False
51bfb06d8e,2.25.129239680100193368599713239115902740628,hip,lhip,trochanter_major,146.12,84.7,0.4157,True,145.72,85.89,True,True
51bfb06d8e,2.25.129239680100193368599713239115902740628,hip,lhip,trochanter_lateral,183.0,129.22,0.0945,True,179.84,123.34,True,True
51bfb06d8e,2.25.129239680100193368599713239115902740628,hip,lhip,trochanter_minor,104.29,183.54,0.2895,True,104.53,177.84,True,True
51bfb06d8e,2.25.129239680100193368599713239115902740628,hip,lhip,femoral_head_center,75.74,108.91,0.1816,True,74.16,112.52,True,True
51bfb06d8e,2.25.129239680100193368599713239115902740628,hip,lhip,neck_center,98.9,121.95,0.2795,True,101.62,122.09,True,True
51bfb06d8e,2.25.129239680100193368599713239115902740628,hip,lhip,ischium_bottom,38.18,202.51,0.2171,True,46.29,200.3,True,True
51bfb06d8e,2.25.129239680100193368599713239115902740628,hip,lhip,shaft_lateral,174.81,176.25,0.2092,True,173.74,164.18,True,True
51bfb06d8e,2.25.129239680100193368599713239115902740628,hip,lhip,shaft_medial,119.07,181.76,0.3528,True,117.06,174.67,True,True
19993aafc5,2.25.116822802042655971810859435524105064465,hip,lhip,th12_top,119.81,41.98,0.0222,False,,,False,False
19993aafc5,2.25.116822802042655971810859435524105064465,hip,lhip,th12_bottom,153.95,94.67,0.0287,False,,,False,False
19993aafc5,2.25.116822802042655971810859435524105064465,hip,lhip,l1_center,68.92,81.92,0.0587,False,,,False,False
19993aafc5,2.25.116822802042655971810859435524105064465,hip,lhip,l2_center,124.01,42.29,0.0208,False,,,False,False
19993aafc5,2.25.116822802042655971810859435524105064465,hip,lhip,l3_center,83.53,144.89,0.023,False,,,False,False
19993aafc5,2.25.116822802042655971810859435524105064465,hip,lhip,l4_center,112.25,231.69,0.0186,False,,,False,False
19993aafc5,2.25.116822802042655971810859435524105064465,hip,lhip,iliac_right,120.85,42.04,0.0257,False,,,False,False
19993aafc5,2.25.116822802042655971810859435524105064465,hip,lhip,iliac_left,143.8,143.97,0.0199,False,,,False,False
19993aafc5,2.25.116822802042655971810859435524105064465,hip,lhip,disc_th12_l1,121.02,41.9,0.0352,False,,,False,False
19993aafc5,2.25.116822802042655971810859435524105064465,hip,lhip,disc_l1_l2,154.03,94.7,0.0326,False,,,False,False
19993aafc5,2.25.116822802042655971810859435524105064465,hip,lhip,disc_l2_l3,42.16,14.37,0.0189,False,,,False,False
19993aafc5,2.25.116822802042655971810859435524105064465,hip,lhip,disc_l3_l4,120.04,41.72,0.0503,False,,,False,False
19993aafc5,2.25.116822802042655971810859435524105064465,hip,lhip,disc_l4_l5,46.3,13.1,0.0282,False,,,False,False
19993aafc5,2.25.116822802042655971810859435524105064465,hip,lhip,l1_edge_right,4.68,75.52,0.0351,False,,,False,False
19993aafc5,2.25.116822802042655971810859435524105064465,hip,lhip,l1_edge_left,106.02,46.19,0.0215,False,,,False,False
19993aafc5,2.25.116822802042655971810859435524105064465,hip,lhip,l2_edge_right,18.2,18.25,0.0204,False,,,False,False
19993aafc5,2.25.116822802042655971810859435524105064465,hip,lhip,l2_edge_left,73.6,21.07,0.0133,False,,,False,False
19993aafc5,2.25.116822802042655971810859435524105064465,hip,lhip,l3_edge_right,154.43,91.55,0.0262,False,,,False,False
19993aafc5,2.25.116822802042655971810859435524105064465,hip,lhip,l3_edge_left,77.2,73.54,0.0154,False,,,False,False
19993aafc5,2.25.116822802042655971810859435524105064465,hip,lhip,l4_edge_right,91.69,147.24,0.0252,False,,,False,False
19993aafc5,2.25.116822802042655971810859435524105064465,hip,lhip,l4_edge_left,8.55,103.67,0.0141,False,,,False,False
19993aafc5,2.25.116822802042655971810859435524105064465,hip,lhip,trochanter_major,120.76,41.65,0.3763,True,120.37,42.3,True,True
19993aafc5,2.25.116822802042655971810859435524105064465,hip,lhip,trochanter_lateral,154.66,94.19,0.1834,True,152.76,81.71,True,True
19993aafc5,2.25.116822802042655971810859435524105064465,hip,lhip,trochanter_minor,85.18,145.74,0.2595,True,84.01,142.82,True,True
19993aafc5,2.25.116822802042655971810859435524105064465,hip,lhip,femoral_head_center,42.68,69.94,0.1739,True,42.15,68.58,True,True
19993aafc5,2.25.116822802042655971810859435524105064465,hip,lhip,neck_center,68.74,82.65,0.3207,True,71.79,84.16,True,True
19993aafc5,2.25.116822802042655971810859435524105064465,hip,lhip,ischium_bottom,13.8,155.28,0.0852,False,1.82,160.85,True,True
19993aafc5,2.25.116822802042655971810859435524105064465,hip,lhip,shaft_lateral,144.45,143.04,0.1646,True,143.91,135.29,True,True
19993aafc5,2.25.116822802042655971810859435524105064465,hip,lhip,shaft_medial,89.61,145.3,0.2433,True,90.09,141.76,True,True
5401d38d93,2.25.339027809107632348165171236474821772940,hip,rhip,th12_top,122.93,5.93,0.0357,False,,,False,False
5401d38d93,2.25.339027809107632348165171236474821772940,hip,rhip,th12_bottom,224.06,100.09,0.0247,False,,,False,False
5401d38d93,2.25.339027809107632348165171236474821772940,hip,rhip,l1_center,147.86,90.71,0.0502,False,,,False,False
5401d38d93,2.25.339027809107632348165171236474821772940,hip,rhip,l2_center,155.47,90.15,0.0189,False,,,False,False
5401d38d93,2.25.339027809107632348165171236474821772940,hip,rhip,l3_center,159.8,155.98,0.0338,False,,,False,False
5401d38d93,2.25.339027809107632348165171236474821772940,hip,rhip,l4_center,165.35,152.2,0.0184,False,,,False,False
5401d38d93,2.25.339027809107632348165171236474821772940,hip,rhip,iliac_right,146.11,23.39,0.0214,False,,,False,False
5401d38d93,2.25.339027809107632348165171236474821772940,hip,rhip,iliac_left,213.11,287.0,0.0206,False,,,False,False
5401d38d93,2.25.339027809107632348165171236474821772940,hip,rhip,disc_th12_l1,196.01,59.67,0.0343,False,,,False,False
5401d38d93,2.25.339027809107632348165171236474821772940,hip,rhip,disc_l1_l2,224.76,99.81,0.0331,False,,,False,False
5401d38d93,2.25.339027809107632348165171236474821772940,hip,rhip,disc_l2_l3,121.72,22.1,0.0204,False,,,False,False
5401d38d93,2.25.339027809107632348165171236474821772940,hip,rhip,disc_l3_l4,196.08,58.88,0.0508,False,,,False,False
5401d38d93,2.25.339027809107632348165171236474821772940,hip,rhip,disc_l4_l5,114.69,79.21,0.0261,False,,,False,False
5401d38d93,2.25.339027809107632348165171236474821772940,hip,rhip,l1_edge_right,72.08,131.34,0.0186,False,,,False,False
5401d38d93,2.25.339027809107632348165171236474821772940,hip,rhip,l1_edge_left,150.19,24.16,0.0179,False,,,False,False
5401d38d93,2.25.339027809107632348165171236474821772940,hip,rhip,l2_edge_right,86.06,39.23,0.0165,False,,,False,False
5401d38d93,2.25.339027809107632348165171236474821772940,hip,rhip,l2_edge_left,154.07,2.14,0.0219,False,,,False,False
5401d38d93,2.25.339027809107632348165171236474821772940,hip,rhip,l3_edge_right,225.06,94.6,0.0276,False,,,False,False
5401d38d93,2.25.339027809107632348165171236474821772940,hip,rhip,l3_edge_left,149.43,22.95,0.0467,False,,,False,False
5401d38d93,2.25.339027809107632348165171236474821772940,hip,rhip,l4_edge_right,167.63,159.48,0.0335,False,,,False,False
5401d38d93,2.25.339027809107632348165171236474821772940,hip,rhip,l4_edge_left,148.99,22.71,0.0332,False,,,False,False
5401d38d93,2.25.339027809107632348165171236474821772940,hip,rhip,trochanter_major,196.53,58.91,0.3781,True,197.4,60.55,True,True
5401d38d93,2.25.339027809107632348165171236474821772940,hip,rhip,trochanter_lateral,224.96,98.86,0.1935,True,224.69,97.76,True,True
5401d38d93,2.25.339027809107632348165171236474821772940,hip,rhip,trochanter_minor,161.53,157.78,0.291,True,159.78,156.88,True,True
5401d38d93,2.25.339027809107632348165171236474821772940,hip,rhip,femoral_head_center,120.13,74.72,0.3062,True,122.15,71.71,True,True
5401d38d93,2.25.339027809107632348165171236474821772940,hip,rhip,neck_center,147.59,91.47,0.3542,True,145.72,91.14,True,True
5401d38d93,2.25.339027809107632348165171236474821772940,hip,rhip,ischium_bottom,78.34,168.45,0.3881,True,77.91,169.28,True,True
5401d38d93,2.25.339027809107632348165171236474821772940,hip,rhip,shaft_lateral,218.87,153.04,0.2026,True,218.8,152.01,True,True
5401d38d93,2.25.339027809107632348165171236474821772940,hip,rhip,shaft_medial,165.78,157.58,0.3375,True,165.14,156.44,True,True
060c544b7b,2.25.167344201679287285499405412654740659745,hip,rhip,th12_top,185.9,71.02,0.0242,False,,,False,False
060c544b7b,2.25.167344201679287285499405412654740659745,hip,rhip,th12_bottom,214.62,121.9,0.0325,False,,,False,False
060c544b7b,2.25.167344201679287285499405412654740659745,hip,rhip,l1_center,126.67,104.77,0.0496,False,,,False,False
060c544b7b,2.25.167344201679287285499405412654740659745,hip,rhip,l2_center,117.65,6.08,0.0303,False,,,False,False
060c544b7b,2.25.167344201679287285499405412654740659745,hip,rhip,l3_center,137.87,176.13,0.0306,False,,,False,False
060c544b7b,2.25.167344201679287285499405412654740659745,hip,rhip,l4_center,169.36,261.61,0.0184,False,,,False,False
060c544b7b,2.25.167344201679287285499405412654740659745,hip,rhip,iliac_right,186.59,70.06,0.0195,False,,,False,False
060c544b7b,2.25.167344201679287285499405412654740659745,hip,rhip,iliac_left,203.73,171.23,0.0202,False,,,False,False
060c544b7b,2.25.167344201679287285499405412654740659745,hip,rhip,disc_th12_l1,186.93,71.53,0.0328,False,,,False,False
060c544b7b,2.25.167344201679287285499405412654740659745,hip,rhip,disc_l1_l2,214.84,121.7,0.0474,False,,,False,False
060c544b7b,2.25.167344201679287285499405412654740659745,hip,rhip,disc_l2_l3,113.0,20.05,0.017,False,,,False,False
060c544b7b,2.25.167344201679287285499405412654740659745,hip,rhip,disc_l3_l4,186.06,70.72,0.0533,False,,,False,False
060c544b7b,2.25.167344201679287285499405412654740659745,hip,rhip,disc_l4_l5,151.84,171.73,0.0269,False,,,False,False
060c544b7b,2.25.167344201679287285499405412654740659745,hip,rhip,l1_edge_right,224.91,176.98,0.0147,False,,,False,False
060c544b7b,2.25.167344201679287285499405412654740659745,hip,rhip,l1_edge_left,170.14,75.14,0.0182,False,,,False,False
060c544b7b,2.25.167344201679287285499405412654740659745,hip,rhip,l2_edge_right,57.81,118.24,0.0208,False,,,False,False
060c544b7b,2.25.167344201679287285499405412654740659745,hip,rhip,l2_edge_left,161.58,2.4,0.018,False,,,False,False
060c544b7b,2.25.167344201679287285499405412654740659745,hip,rhip,l3_edge_right,216.08,118.58,0.0298,False,,,False,False
060c544b7b,2.25.167344201679287285499405412654740659745,hip,rhip,l3_edge_left,118.32,181.73,0.0158,False,,,False,False
060c544b7b,2.25.167344201679287285499405412654740659745,hip,rhip,l4_edge_right,146.93,179.47,0.0335,False,,,False,False
060c544b7b,2.25.167344201679287285499405412654740659745,hip,rhip,l4_edge_left,147.84,182.63,0.0171,False,,,False,False
060c544b7b,2.25.167344201679287285499405412654740659745,hip,rhip,trochanter_major,186.75,70.63,0.3349,True,186.63,72.16,True,True
060c544b7b,2.25.167344201679287285499405412654740659745,hip,rhip,trochanter_lateral,215.48,121.6,0.3436,True,214.19,121.43,True,True
060c544b7b,2.25.167344201679287285499405412654740659745,hip,rhip,trochanter_minor,139.0,177.61,0.2436,True,137.36,178.97,True,True
060c544b7b,2.25.167344201679287285499405412654740659745,hip,rhip,femoral_head_center,100.22,91.42,0.2888,True,102.57,91.46,True,True
060c544b7b,2.25.167344201679287285499405412654740659745,hip,rhip,neck_center,126.34,105.54,0.3257,True,126.68,105.24,True,True
060c544b7b,2.25.167344201679287285499405412654740659745,hip,rhip,ischium_bottom,58.88,182.26,0.3528,True,57.78,183.1,True,True
060c544b7b,2.25.167344201679287285499405412654740659745,hip,rhip,shaft_lateral,204.13,171.76,0.2253,True,203.11,176.03,True,True
060c544b7b,2.25.167344201679287285499405412654740659745,hip,rhip,shaft_medial,148.9,176.71,0.3464,True,149.28,178.41,True,True
a6e8a5010e,2.25.13983650679559142983913935144968795415,hip,lhip,th12_top,216.64,71.98,0.0208,False,,,False,False
a6e8a5010e,2.25.13983650679559142983913935144968795415,hip,lhip,th12_bottom,243.73,137.03,0.0321,False,,,False,False
a6e8a5010e,2.25.13983650679559142983913935144968795415,hip,lhip,l1_center,155.76,106.81,0.048,False,,,False,False
a6e8a5010e,2.25.13983650679559142983913935144968795415,hip,lhip,l2_center,164.86,108.23,0.0197,False,,,False,False
a6e8a5010e,2.25.13983650679559142983913935144968795415,hip,lhip,l3_center,162.44,177.88,0.0359,False,,,False,False
a6e8a5010e,2.25.13983650679559142983913935144968795415,hip,lhip,l4_center,170.51,175.34,0.0195,False,,,False,False
a6e8a5010e,2.25.13983650679559142983913935144968795415,hip,lhip,iliac_right,157.77,24.2,0.0172,False,,,False,False
a6e8a5010e,2.25.13983650679559142983913935144968795415,hip,lhip,iliac_left,231.7,182.92,0.0192,False,,,False,False
a6e8a5010e,2.25.13983650679559142983913935144968795415,hip,lhip,disc_th12_l1,126.22,86.77,0.0389,False,,,False,False
a6e8a5010e,2.25.13983650679559142983913935144968795415,hip,lhip,disc_l1_l2,243.94,136.85,0.0441,False,,,False,False
a6e8a5010e,2.25.13983650679559142983913935144968795415,hip,lhip,disc_l2_l3,129.83,12.51,0.0174,False,,,False,False
a6e8a5010e,2.25.13983650679559142983913935144968795415,hip,lhip,disc_l3_l4,216.67,72.01,0.0368,False,,,False,False
a6e8a5010e,2.25.13983650679559142983913935144968795415,hip,lhip,disc_l4_l5,175.41,174.65,0.0308,False,,,False,False
a6e8a5010e,2.25.13983650679559142983913935144968795415,hip,lhip,l1_edge_right,28.26,121.1,0.0188,False,,,False,False
a6e8a5010e,2.25.13983650679559142983913935144968795415,hip,lhip,l1_edge_left,235.11,222.04,0.017,False,,,False,False
a6e8a5010e,2.25.13983650679559142983913935144968795415,hip,lhip,l2_edge_right,78.0,149.71,0.0214,False,,,False,False
a6e8a5010e,2.25.13983650679559142983913935144968795415,hip,lhip,l2_edge_left,162.05,1.34,0.0188,False,,,False,False
a6e8a5010e,2.25.13983650679559142983913935144968795415,hip,lhip,l3_edge_right,244.41,133.59,0.0301,False,,,False,False
a6e8a5010e,2.25.13983650679559142983913935144968795415,hip,lhip,l3_edge_left,162.96,2.98,0.0222,False,,,False,False
a6e8a5010e,2.25.13983650679559142983913935144968795415,hip,lhip,l4_edge_right,169.94,181.67,0.0402,False,,,False,False
a6e8a5010e,2.25.13983650679559142983913935144968795415,hip,lhip,l4_edge_left,158.86,20.07,0.019,False,,,False,False
a6e8a5010e,2.25.13983650679559142983913935144968795415,hip,lhip,trochanter_major,217.02,71.66,0.1819,True,218.81,70.81,True,True
a6e8a5010e,2.25.13983650679559142983913935144968795415,hip,lhip,trochanter_lateral,244.26,136.79,0.2997,True,243.99,138.07,True,True
a6e8a5010e,2.25.13983650679559142983913935144968795415,hip,lhip,trochanter_minor,163.3,179.41,0.3324,True,159.07,174.51,True,True
a6e8a5010e,2.25.13983650679559142983913935144968795415,hip,lhip,femoral_head_center,126.61,86.4,0.3299,True,129.39,89.22,True,True
a6e8a5010e,2.25.13983650679559142983913935144968795415,hip,lhip,neck_center,155.41,107.61,0.3448,True,158.69,109.13,True,True
a6e8a5010e,2.25.13983650679559142983913935144968795415,hip,lhip,ischium_bottom,78.44,178.94,0.4093,True,77.53,180.15,True,True
a6e8a5010e,2.25.13983650679559142983913935144968795415,hip,lhip,shaft_lateral,232.21,182.82,0.2229,True,233.73,173.66,True,True
a6e8a5010e,2.25.13983650679559142983913935144968795415,hip,lhip,shaft_medial,171.96,179.28,0.345,True,171.13,174.34,True,True
da32dc256d,2.25.168317503020329569414190677927680518621,hip,rhip,th12_top,186.77,81.22,0.0254,False,,,False,False
da32dc256d,2.25.168317503020329569414190677927680518621,hip,rhip,th12_bottom,220.23,138.51,0.0248,False,,,False,False
da32dc256d,2.25.168317503020329569414190677927680518621,hip,rhip,l1_center,133.87,120.56,0.0427,False,,,False,False
da32dc256d,2.25.168317503020329569414190677927680518621,hip,rhip,l2_center,106.27,12.64,0.0252,False,,,False,False
da32dc256d,2.25.168317503020329569414190677927680518621,hip,rhip,l3_center,141.68,181.81,0.0376,False,,,False,False
da32dc256d,2.25.168317503020329569414190677927680518621,hip,rhip,l4_center,147.69,177.31,0.0198,False,,,False,False
da32dc256d,2.25.168317503020329569414190677927680518621,hip,rhip,iliac_right,188.99,81.11,0.0213,False,,,False,False
da32dc256d,2.25.168317503020329569414190677927680518621,hip,rhip,iliac_left,205.91,183.77,0.019,False,,,False,False
da32dc256d,2.25.168317503020329569414190677927680518621,hip,rhip,disc_th12_l1,188.08,81.79,0.0348,False,,,False,False
da32dc256d,2.25.168317503020329569414190677927680518621,hip,rhip,disc_l1_l2,220.95,137.69,0.0298,False,,,False,False
da32dc256d,2.25.168317503020329569414190677927680518621,hip,rhip,disc_l2_l3,157.89,108.85,0.018,False,,,False,False
da32dc256d,2.25.168317503020329569414190677927680518621,hip,rhip,disc_l3_l4,186.86,80.78,0.0548,False,,,False,False
da32dc256d,2.25.168317503020329569414190677927680518621,hip,rhip,disc_l4_l5,151.26,177.25,0.0301,False,,,False,False
da32dc256d,2.25.168317503020329569414190677927680518621,hip,rhip,l1_edge_right,14.15,141.01,0.0172,False,,,False,False
da32dc256d,2.25.168317503020329569414190677927680518621,hip,rhip,l1_edge_left,143.03,23.14,0.0172,False,,,False,False
da32dc256d,2.25.168317503020329569414190677927680518621,hip,rhip,l2_edge_right,68.16,193.01,0.0162,False,,,False,False
da32dc256d,2.25.168317503020329569414190677927680518621,hip,rhip,l2_edge_left,144.59,21.11,0.0201,False,,,False,False
da32dc256d,2.25.168317503020329569414190677927680518621,hip,rhip,l3_edge_right,220.04,116.59,0.0239,False,,,False,False
da32dc256d,2.25.168317503020329569414190677927680518621,hip,rhip,l3_edge_left,140.9,25.65,0.0208,False,,,False,False
da32dc256d,2.25.168317503020329569414190677927680518621,hip,rhip,l4_edge_right,149.4,184.75,0.0283,False,,,False,False
da32dc256d,2.25.168317503020329569414190677927680518621,hip,rhip,l4_edge_left,66.21,14.85,0.0136,False,,,False,False
da32dc256d,2.25.168317503020329569414190677927680518621,hip,rhip,trochanter_major,187.53,81.01,0.3797,True,181.18,80.95,True,True
da32dc256d,2.25.168317503020329569414190677927680518621,hip,rhip,trochanter_lateral,221.13,137.24,0.1496,True,216.12,112.14,True,True
da32dc256d,2.25.168317503020329569414190677927680518621,hip,rhip,trochanter_minor,143.2,182.7,0.3164,True,142.1,180.9,True,True
da32dc256d,2.25.168317503020329569414190677927680518621,hip,rhip,femoral_head_center,106.74,104.89,0.3354,True,112.79,104.25,True,True
da32dc256d,2.25.168317503020329569414190677927680518621,hip,rhip,neck_center,133.92,121.13,0.353,True,134.96,122.28,True,True
da32dc256d,2.25.168317503020329569414190677927680518621,hip,rhip,ischium_bottom,66.82,196.73,0.2013,True,65.83,197.06,True,True
da32dc256d,2.25.168317503020329569414190677927680518621,hip,rhip,shaft_lateral,206.78,182.45,0.219,True,206.56,179.61,True,True
da32dc256d,2.25.168317503020329569414190677927680518621,hip,rhip,shaft_medial,147.89,182.28,0.3499,True,148.31,180.78,True,True
8d53f855ab,2.25.217397325224876728316360420804118329081,hip,lhip,th12_top,156.69,78.91,0.0305,False,,,False,False
8d53f855ab,2.25.217397325224876728316360420804118329081,hip,lhip,th12_bottom,182.69,134.92,0.0322,False,,,False,False
8d53f855ab,2.25.217397325224876728316360420804118329081,hip,lhip,l1_center,96.8,110.78,0.0458,False,,,False,False
8d53f855ab,2.25.217397325224876728316360420804118329081,hip,lhip,l2_center,103.91,110.12,0.0215,False,,,False,False
8d53f855ab,2.25.217397325224876728316360420804118329081,hip,lhip,l3_center,102.53,189.17,0.0387,False,,,False,False
8d53f855ab,2.25.217397325224876728316360420804118329081,hip,lhip,l4_center,114.03,183.87,0.0187,False,,,False,False
8d53f855ab,2.25.217397325224876728316360420804118329081,hip,lhip,iliac_right,166.8,181.7,0.021,False,,,False,False
8d53f855ab,2.25.217397325224876728316360420804118329081,hip,lhip,iliac_left,169.0,186.16,0.0249,False,,,False,False
8d53f855ab,2.25.217397325224876728316360420804118329081,hip,lhip,disc_th12_l1,157.64,79.67,0.0356,False,,,False,False
8d53f855ab,2.25.217397325224876728316360420804118329081,hip,lhip,disc_l1_l2,182.94,134.7,0.0465,False,,,False,False
8d53f855ab,2.25.217397325224876728316360420804118329081,hip,lhip,disc_l2_l3,64.25,15.0,0.0178,False,,,False,False
8d53f855ab,2.25.217397325224876728316360420804118329081,hip,lhip,disc_l3_l4,156.9,78.72,0.0587,False,,,False,False
8d53f855ab,2.25.217397325224876728316360420804118329081,hip,lhip,disc_l4_l5,118.26,182.71,0.027,False,,,False,False
8d53f855ab,2.25.217397325224876728316360420804118329081,hip,lhip,l1_edge_right,157.1,256.81,0.0149,False,,,False,False
8d53f855ab,2.25.217397325224876728316360420804118329081,hip,lhip,l1_edge_left,142.09,82.03,0.0179,False,,,False,False
8d53f855ab,2.25.217397325224876728316360420804118329081,hip,lhip,l2_edge_right,44.97,14.1,0.0158,False,,,False,False
8d53f855ab,2.25.217397325224876728316360420804118329081,hip,lhip,l2_edge_left,102.86,6.22,0.0168,False,,,False,False
8d53f855ab,2.25.217397325224876728316360420804118329081,hip,lhip,l3_edge_right,183.51,131.46,0.0257,False,,,False,False
8d53f855ab,2.25.217397325224876728316360420804118329081,hip,lhip,l3_edge_left,110.08,190.32,0.0198,False,,,False,False
8d53f855ab,2.25.217397325224876728316360420804118329081,hip,lhip,l4_edge_right,115.49,190.51,0.0411,False,,,False,False
8d53f855ab,2.25.217397325224876728316360420804118329081,hip,lhip,l4_edge_left,111.72,193.01,0.0178,False,,,False,False
8d53f855ab,2.25.217397325224876728316360420804118329081,hip,lhip,trochanter_major,157.32,78.73,0.4703,True,158.04,79.14,True,True
8d53f855ab,2.25.217397325224876728316360420804118329081,hip,lhip,trochanter_lateral,183.22,134.52,0.3039,True,183.68,132.14,True,True
8d53f855ab,2.25.217397325224876728316360420804118329081,hip,lhip,trochanter_minor,103.65,189.54,0.3274,True,101.28,189.24,True,True
8d53f855ab,2.25.217397325224876728316360420804118329081,hip,lhip,femoral_head_center,65.3,94.78,0.226,True,67.77,92.13,True,True
8d53f855ab,2.25.217397325224876728316360420804118329081,hip,lhip,neck_center,96.3,111.27,0.2894,True,98.54,111.63,True,True
8d53f855ab,2.25.217397325224876728316360420804118329081,hip,lhip,ischium_bottom,30.59,186.87,0.1882,True,32.21,187.88,True,True
8d53f855ab,2.25.217397325224876728316360420804118329081,hip,lhip,shaft_lateral,169.8,186.06,0.2126,True,169.3,189.73,True,True
8d53f855ab,2.25.217397325224876728316360420804118329081,hip,lhip,shaft_medial,114.98,188.14,0.4127,True,116.21,189.04,True,True
f7dbae1fd6,2.25.168317503020329569414190677927680518621,hip,lhip,th12_top,207.95,63.97,0.021,False,,,False,False
f7dbae1fd6,2.25.168317503020329569414190677927680518621,hip,lhip,th12_bottom,242.94,116.9,0.0249,False,,,False,False
f7dbae1fd6,2.25.168317503020329569414190677927680518621,hip,lhip,l1_center,157.73,102.68,0.0459,False,,,False,False
f7dbae1fd6,2.25.168317503020329569414190677927680518621,hip,lhip,l2_center,141.93,4.55,0.0272,False,,,False,False
f7dbae1fd6,2.25.168317503020329569414190677927680518621,hip,lhip,l3_center,165.58,167.63,0.0373,False,,,False,False
f7dbae1fd6,2.25.168317503020329569414190677927680518621,hip,lhip,l4_center,184.12,257.75,0.0213,False,,,False,False
f7dbae1fd6,2.25.168317503020329569414190677927680518621,hip,lhip,iliac_right,208.94,64.35,0.0168,False,,,False,False
f7dbae1fd6,2.25.168317503020329569414190677927680518621,hip,lhip,iliac_left,226.92,168.97,0.0201,False,,,False,False
f7dbae1fd6,2.25.168317503020329569414190677927680518621,hip,lhip,disc_th12_l1,157.71,102.29,0.0336,False,,,False,False
f7dbae1fd6,2.25.168317503020329569414190677927680518621,hip,lhip,disc_l1_l2,243.66,115.75,0.0409,False,,,False,False
f7dbae1fd6,2.25.168317503020329569414190677927680518621,hip,lhip,disc_l2_l3,173.87,16.89,0.0197,False,,,False,False
f7dbae1fd6,2.25.168317503020329569414190677927680518621,hip,lhip,disc_l3_l4,208.14,63.5,0.0428,False,,,False,False
f7dbae1fd6,2.25.168317503020329569414190677927680518621,hip,lhip,disc_l4_l5,130.85,79.48,0.0287,False,,,False,False
f7dbae1fd6,2.25.168317503020329569414190677927680518621,hip,lhip,l1_edge_right,243.05,174.02,0.0151,False,,,False,False
f7dbae1fd6,2.25.168317503020329569414190677927680518621,hip,lhip,l1_edge_left,183.07,4.91,0.0261,False,,,False,False
f7dbae1fd6,2.25.168317503020329569414190677927680518621,hip,lhip,l2_edge_right,88.06,170.11,0.0168,False,,,False,False
f7dbae1fd6,2.25.168317503020329569414190677927680518621,hip,lhip,l2_edge_left,182.99,4.82,0.0196,False,,,False,False
f7dbae1fd6,2.25.168317503020329569414190677927680518621,hip,lhip,l3_edge_right,244.89,110.0,0.0226,False,,,False,False
f7dbae1fd6,2.25.168317503020329569414190677927680518621,hip,lhip,l3_edge_left,87.1,157.74,0.0168,False,,,False,False
f7dbae1fd6,2.25.168317503020329569414190677927680518621,hip,lhip,l4_edge_right,173.34,169.74,0.0203,False,,,False,False
f7dbae1fd6,2.25.168317503020329569414190677927680518621,hip,lhip,l4_edge_left,183.23,10.3,0.0135,False,,,False,False
f7dbae1fd6,2.25.168317503020329569414190677927680518621,hip,lhip,trochanter_major,208.68,63.17,0.2233,True,203.71,62.25,True,True
f7dbae1fd6,2.25.168317503020329569414190677927680518621,hip,lhip,trochanter_lateral,243.99,115.55,0.2712,True,244.43,112.81,True,True
f7dbae1fd6,2.25.168317503020329569414190677927680518621,hip,lhip,trochanter_minor,167.42,167.21,0.2798,True,167.4,168.8,True,True
f7dbae1fd6,2.25.168317503020329569414190677927680518621,hip,lhip,femoral_head_center,133.37,85.36,0.3603,True,138.22,86.0,True,True
f7dbae1fd6,2.25.168317503020329569414190677927680518621,hip,lhip,neck_center,157.75,103.44,0.3489,True,162.31,105.01,True,True
f7dbae1fd6,2.25.168317503020329569414190677927680518621,hip,lhip,ischium_bottom,82.33,174.47,0.138,True,79.17,174.23,True,True
f7dbae1fd6,2.25.168317503020329569414190677927680518621,hip,lhip,shaft_lateral,228.0,168.12,0.1831,True,229.16,167.73,True,True
f7dbae1fd6,2.25.168317503020329569414190677927680518621,hip,lhip,shaft_medial,171.18,166.92,0.2997,True,174.28,168.58,True,True
d1bd63dca5,2.25.102965897799404973225419898683246248872,hip,rhip,th12_top,182.04,70.84,0.0249,False,,,False,False
d1bd63dca5,2.25.102965897799404973225419898683246248872,hip,rhip,th12_bottom,216.9,123.13,0.0341,False,,,False,False
d1bd63dca5,2.25.102965897799404973225419898683246248872,hip,rhip,l1_center,124.89,114.09,0.0343,False,,,False,False
d1bd63dca5,2.25.102965897799404973225419898683246248872,hip,rhip,l2_center,97.13,7.86,0.0254,False,,,False,False
d1bd63dca5,2.25.102965897799404973225419898683246248872,hip,rhip,l3_center,144.12,186.13,0.0212,False,,,False,False
d1bd63dca5,2.25.102965897799404973225419898683246248872,hip,rhip,l4_center,71.04,132.08,0.02,False,,,False,False
d1bd63dca5,2.25.102965897799404973225419898683246248872,hip,rhip,iliac_right,182.85,70.08,0.0238,False,,,False,False
d1bd63dca5,2.25.102965897799404973225419898683246248872,hip,rhip,iliac_left,82.99,175.16,0.0187,False,,,False,False
d1bd63dca5,2.25.102965897799404973225419898683246248872,hip,rhip,disc_th12_l1,125.0,115.14,0.0372,False,,,False,False
d1bd63dca5,2.25.102965897799404973225419898683246248872,hip,rhip,disc_l1_l2,217.05,123.69,0.0386,False,,,False,False
d1bd63dca5,2.25.102965897799404973225419898683246248872,hip,rhip,disc_l2_l3,89.95,23.52,0.0217,False,,,False,False
d1bd63dca5,2.25.102965897799404973225419898683246248872,hip,rhip,disc_l3_l4,182.96,69.92,0.0554,False,,,False,False
d1bd63dca5,2.25.102965897799404973225419898683246248872,hip,rhip,disc_l4_l5,91.47,103.4,0.0263,False,,,False,False
d1bd63dca5,2.25.102965897799404973225419898683246248872,hip,rhip,l1_edge_right,224.85,187.09,0.0151,False,,,False,False
d1bd63dca5,2.25.102965897799404973225419898683246248872,hip,rhip,l1_edge_left,143.12,2.06,0.0267,False,,,False,False
d1bd63dca5,2.25.102965897799404973225419898683246248872,hip,rhip,l2_edge_right,4.21,138.84,0.0222,False,,,False,False
d1bd63dca5,2.25.102965897799404973225419898683246248872,hip,rhip,l2_edge_left,142.93,2.11,0.0179,False,,,False,False
d1bd63dca5,2.25.102965897799404973225419898683246248872,hip,rhip,l3_edge_right,217.39,120.41,0.0276,False,,,False,False
d1bd63dca5,2.25.102965897799404973225419898683246248872,hip,rhip,l3_edge_left,148.74,1.47,0.0169,False,,,False,False
d1bd63dca5,2.25.102965897799404973225419898683246248872,hip,rhip,l4_edge_right,152.73,190.34,0.0235,False,,,False,False
d1bd63dca5,2.25.102965897799404973225419898683246248872,hip,rhip,l4_edge_left,49.26,188.85,0.0151,False,,,False,False
d1bd63dca5,2.25.102965897799404973225419898683246248872,hip,rhip,trochanter_major,183.11,70.2,0.4291,True,183.19,70.59,True,True
d1bd63dca5,2.25.102965897799404973225419898683246248872,hip,rhip,trochanter_lateral,217.58,123.12,0.2526,True,216.7,128.04,True,True
d1bd63dca5,2.25.102965897799404973225419898683246248872,hip,rhip,trochanter_minor,146.65,189.99,0.1822,False,145.58,191.3,True,True
d1bd63dca5,2.25.102965897799404973225419898683246248872,hip,rhip,femoral_head_center,95.33,99.45,0.2341,True,95.32,97.95,True,True
d1bd63dca5,2.25.102965897799404973225419898683246248872,hip,rhip,neck_center,125.01,115.27,0.3074,True,123.01,114.02,True,True
d1bd63dca5,2.25.102965897799404973225419898683246248872,hip,rhip,ischium_bottom,55.68,190.06,0.3474,True,55.31,190.61,True,True
d1bd63dca5,2.25.102965897799404973225419898683246248872,hip,rhip,shaft_lateral,208.33,182.15,0.1619,True,207.38,189.46,True,True
d1bd63dca5,2.25.102965897799404973225419898683246248872,hip,rhip,shaft_medial,150.03,189.09,0.1815,True,151.94,192.1,True,True
9eb0d6cd99,2.25.217397325224876728316360420804118329081,hip,rhip,th12_top,176.58,76.83,0.026,False,,,False,False
9eb0d6cd99,2.25.217397325224876728316360420804118329081,hip,rhip,th12_bottom,200.8,132.97,0.0263,False,,,False,False
9eb0d6cd99,2.25.217397325224876728316360420804118329081,hip,rhip,l1_center,117.57,105.98,0.0647,False,,,False,False
9eb0d6cd99,2.25.217397325224876728316360420804118329081,hip,rhip,l2_center,125.33,106.41,0.0242,False,,,False,False
9eb0d6cd99,2.25.217397325224876728316360420804118329081,hip,rhip,l3_center,123.13,182.02,0.0297,False,,,False,False
9eb0d6cd99,2.25.217397325224876728316360420804118329081,hip,rhip,l4_center,140.08,231.64,0.0215,False,,,False,False
9eb0d6cd99,2.25.217397325224876728316360420804118329081,hip,rhip,iliac_right,175.8,76.37,0.0209,False,,,False,False
9eb0d6cd99,2.25.217397325224876728316360420804118329081,hip,rhip,iliac_left,183.71,184.98,0.0206,False,,,False,False
9eb0d6cd99,2.25.217397325224876728316360420804118329081,hip,rhip,disc_th12_l1,176.9,77.52,0.0385,False,,,False,False
9eb0d6cd99,2.25.217397325224876728316360420804118329081,hip,rhip,disc_l1_l2,201.01,132.79,0.0405,False,,,False,False
9eb0d6cd99,2.25.217397325224876728316360420804118329081,hip,rhip,disc_l2_l3,196.0,128.52,0.0168,False,,,False,False
9eb0d6cd99,2.25.217397325224876728316360420804118329081,hip,rhip,disc_l3_l4,176.16,76.59,0.0506,False,,,False,False
9eb0d6cd99,2.25.217397325224876728316360420804118329081,hip,rhip,disc_l4_l5,82.04,90.36,0.0258,False,,,False,False
9eb0d6cd99,2.25.217397325224876728316360420804118329081,hip,rhip,l1_edge_right,193.15,188.16,0.0145,False,,,False,False
9eb0d6cd99,2.25.217397325224876728316360420804118329081,hip,rhip,l1_edge_left,51.73,158.54,0.0186,False,,,False,False
9eb0d6cd99,2.25.217397325224876728316360420804118329081,hip,rhip,l2_edge_right,134.87,228.09,0.0145,False,,,False,False
9eb0d6cd99,2.25.217397325224876728316360420804118329081,hip,rhip,l2_edge_left,125.69,3.32,0.0178,False,,,False,False
9eb0d6cd99,2.25.217397325224876728316360420804118329081,hip,rhip,l3_edge_right,201.34,129.52,0.0239,False,,,False,False
9eb0d6cd99,2.25.217397325224876728316360420804118329081,hip,rhip,l3_edge_left,177.88,226.9,0.0168,False,,,False,False
9eb0d6cd99,2.25.217397325224876728316360420804118329081,hip,rhip,l4_edge_right,130.69,185.46,0.0241,False,,,False,False
9eb0d6cd99,2.25.217397325224876728316360420804118329081,hip,rhip,l4_edge_left,33.21,176.09,0.0147,False,,,False,False
9eb0d6cd99,2.25.217397325224876728316360420804118329081,hip,rhip,trochanter_major,176.93,76.44,0.4046,True,175.13,77.13,True,True
9eb0d6cd99,2.25.217397325224876728316360420804118329081,hip,rhip,trochanter_lateral,201.19,132.74,0.2418,True,199.27,135.49,True,True
9eb0d6cd99,2.25.217397325224876728316360420804118329081,hip,rhip,trochanter_minor,125.12,183.46,0.2754,True,124.41,184.37,True,True
9eb0d6cd99,2.25.217397325224876728316360420804118329081,hip,rhip,femoral_head_center,86.04,86.24,0.2492,True,88.97,84.16,True,True
9eb0d6cd99,2.25.217397325224876728316360420804118329081,hip,rhip,neck_center,116.9,106.8,0.3637,True,118.91,107.68,True,True
9eb0d6cd99,2.25.217397325224876728316360420804118329081,hip,rhip,ischium_bottom,46.22,175.9,0.2316,True,48.64,175.82,True,True
9eb0d6cd99,2.25.217397325224876728316360420804118329081,hip,rhip,shaft_lateral,184.05,184.22,0.1956,True,183.87,183.43,True,True
9eb0d6cd99,2.25.217397325224876728316360420804118329081,hip,rhip,shaft_medial,129.48,183.25,0.3146,True,130.7,184.55,True,True
39b2650275,2.25.286999464611662854355201599068538813496,hip,lhip,th12_top,189.71,63.39,0.0284,False,,,False,False
39b2650275,2.25.286999464611662854355201599068538813496,hip,lhip,th12_bottom,216.98,107.06,0.0345,False,,,False,False
39b2650275,2.25.286999464611662854355201599068538813496,hip,lhip,l1_center,131.93,89.93,0.0485,False,,,False,False
39b2650275,2.25.286999464611662854355201599068538813496,hip,lhip,l2_center,138.79,90.15,0.0211,False,,,False,False
39b2650275,2.25.286999464611662854355201599068538813496,hip,lhip,l3_center,138.97,157.73,0.0256,False,,,False,False
39b2650275,2.25.286999464611662854355201599068538813496,hip,lhip,l4_center,145.47,153.24,0.0242,False,,,False,False
39b2650275,2.25.286999464611662854355201599068538813496,hip,lhip,iliac_right,188.94,62.92,0.021,False,,,False,False
39b2650275,2.25.286999464611662854355201599068538813496,hip,lhip,iliac_left,77.15,16.99,0.0192,False,,,False,False
39b2650275,2.25.286999464611662854355201599068538813496,hip,lhip,disc_th12_l1,189.93,63.84,0.0359,False,,,False,False
39b2650275,2.25.286999464611662854355201599068538813496,hip,lhip,disc_l1_l2,217.76,106.82,0.0377,False,,,False,False
39b2650275,2.25.286999464611662854355201599068538813496,hip,lhip,disc_l2_l3,104.11,9.09,0.018,False,,,False,False
39b2650275,2.25.286999464611662854355201599068538813496,hip,lhip,disc_l3_l4,189.9,63.72,0.056,False,,,False,False
39b2650275,2.25.286999464611662854355201599068538813496,hip,lhip,disc_l4_l5,98.51,72.19,0.0332,False,,,False,False
39b2650275,2.25.286999464611662854355201599068538813496,hip,lhip,l1_edge_right,15.28,98.01,0.0154,False,,,False,False
39b2650275,2.25.286999464611662854355201599068538813496,hip,lhip,l1_edge_left,135.8,1.29,0.0195,False,,,False,False
39b2650275,2.25.286999464611662854355201599068538813496,hip,lhip,l2_edge_right,17.07,96.96,0.0165,False,,,False,False
39b2650275,2.25.286999464611662854355201599068538813496,hip,lhip,l2_edge_left,136.77,0.69,0.014,False,,,False,False
39b2650275,2.25.286999464611662854355201599068538813496,hip,lhip,l3_edge_right,217.26,102.54,0.0272,False,,,False,False
39b2650275,2.25.286999464611662854355201599068538813496,hip,lhip,l3_edge_left,198.62,60.75,0.0168,False,,,False,False
39b2650275,2.25.286999464611662854355201599068538813496,hip,lhip,l4_edge_right,149.69,160.38,0.0224,False,,,False,False
39b2650275,2.25.286999464611662854355201599068538813496,hip,lhip,l4_edge_left,75.93,146.11,0.0136,False,,,False,False
39b2650275,2.25.286999464611662854355201599068538813496,hip,lhip,trochanter_major,190.22,63.66,0.4251,True,190.22,63.21,True,True
39b2650275,2.25.286999464611662854355201599068538813496,hip,lhip,trochanter_lateral,217.83,106.52,0.2255,True,217.78,118.33,True,True
39b2650275,2.25.286999464611662854355201599068538813496,hip,lhip,trochanter_minor,141.42,158.66,0.2061,True,142.33,166.57,True,True
39b2650275,2.25.286999464611662854355201599068538813496,hip,lhip,femoral_head_center,103.45,68.25,0.2432,True,105.81,71.13,True,True
39b2650275,2.25.286999464611662854355201599068538813496,hip,lhip,neck_center,131.85,90.8,0.3401,True,131.3,89.73,True,True
39b2650275,2.25.286999464611662854355201599068538813496,hip,lhip,ischium_bottom,55.58,170.16,0.2183,True,54.47,171.73,True,True
39b2650275,2.25.286999464611662854355201599068538813496,hip,lhip,shaft_lateral,206.68,159.71,0.2211,True,206.64,164.64,True,True
39b2650275,2.25.286999464611662854355201599068538813496,hip,lhip,shaft_medial,146.82,158.21,0.2631,True,150.23,165.98,True,True
4edf9cbca8,2.25.173753313169335820519632380691065649420,hip,lhip,th12_top,132.91,69.93,0.0219,False,,,False,False
4edf9cbca8,2.25.173753313169335820519632380691065649420,hip,lhip,th12_bottom,166.98,118.76,0.0378,False,,,False,False
4edf9cbca8,2.25.173753313169335820519632380691065649420,hip,lhip,l1_center,75.67,102.78,0.0554,False,,,False,False
4edf9cbca8,2.25.173753313169335820519632380691065649420,hip,lhip,l2_center,46.12,6.03,0.0186,False,,,False,False
4edf9cbca8,2.25.173753313169335820519632380691065649420,hip,lhip,l3_center,87.11,180.05,0.0394,False,,,False,False
4edf9cbca8,2.25.173753313169335820519632380691065649420,hip,lhip,l4_center,110.08,233.66,0.0207,False,,,False,False
4edf9cbca8,2.25.173753313169335820519632380691065649420,hip,lhip,iliac_right,135.09,69.26,0.0212,False,,,False,False
4edf9cbca8,2.25.173753313169335820519632380691065649420,hip,lhip,iliac_left,38.93,180.04,0.0184,False,,,False,False
4edf9cbca8,2.25.173753313169335820519632380691065649420,hip,lhip,disc_th12_l1,136.98,69.64,0.0327,False,,,False,False
4edf9cbca8,2.25.173753313169335820519632380691065649420,hip,lhip,disc_l1_l2,167.15,117.96,0.0401,False,,,False,False
4edf9cbca8,2.25.173753313169335820519632380691065649420,hip,lhip,disc_l2_l3,43.14,22.8,0.0185,False,,,False,False
4edf9cbca8,2.25.173753313169335820519632380691065649420,hip,lhip,disc_l3_l4,133.9,69.36,0.0439,False,,,False,False
4edf9cbca8,2.25.173753313169335820519632380691065649420,hip,lhip,disc_l4_l5,38.83,86.05,0.0265,False,,,False,False
4edf9cbca8,2.25.173753313169335820519632380691065649420,hip,lhip,l1_edge_right,185.02,171.12,0.0136,False,,,False,False
4edf9cbca8,2.25.173753313169335820519632380691065649420,hip,lhip,l1_edge_left,10.96,173.81,0.017,False,,,False,False
4edf9cbca8,2.25.173753313169335820519632380691065649420,hip,lhip,l2_edge_right,4.89,195.83,0.0145,False,,,False,False
4edf9cbca8,2.25.173753313169335820519632380691065649420,hip,lhip,l2_edge_left,155.9,227.09,0.012,False,,,False,False
4edf9cbca8,2.25.173753313169335820519632380691065649420,hip,lhip,l3_edge_right,168.11,114.51,0.0277,False,,,False,False
4edf9cbca8,2.25.173753313169335820519632380691065649420,hip,lhip,l3_edge_left,8.43,56.78,0.0162,False,,,False,False
4edf9cbca8,2.25.173753313169335820519632380691065649420,hip,lhip,l4_edge_right,96.53,184.47,0.0315,False,,,False,False
4edf9cbca8,2.25.173753313169335820519632380691065649420,hip,lhip,l4_edge_left,95.39,187.12,0.0153,False,,,False,False
4edf9cbca8,2.25.173753313169335820519632380691065649420,hip,lhip,trochanter_major,134.65,69.11,0.2731,True,137.15,70.39,True,True
4edf9cbca8,2.25.173753313169335820519632380691065649420,hip,lhip,trochanter_lateral,167.79,117.76,0.2815,True,167.96,118.77,True,True
4edf9cbca8,2.25.173753313169335820519632380691065649420,hip,lhip,trochanter_minor,88.23,182.48,0.3373,True,90.01,187.17,True,True
4edf9cbca8,2.25.173753313169335820519632380691065649420,hip,lhip,femoral_head_center,44.13,89.39,0.1562,True,45.4,86.27,True,True
4edf9cbca8,2.25.173753313169335820519632380691065649420,hip,lhip,neck_center,74.82,103.19,0.3078,True,69.67,98.74,True,True
4edf9cbca8,2.25.173753313169335820519632380691065649420,hip,lhip,ischium_bottom,2.92,199.96,0.0771,False,0.65,200.46,True,True
4edf9cbca8,2.25.173753313169335820519632380691065649420,hip,lhip,shaft_lateral,155.24,171.17,0.1741,True,155.85,183.26,True,True
4edf9cbca8,2.25.173753313169335820519632380691065649420,hip,lhip,shaft_medial,95.78,181.51,0.3152,True,97.18,186.52,True,True
9ae0c26452,2.25.91981043841368764114007975581101713077,hip,lhip,th12_top,167.89,75.73,0.0257,False,,,False,False
9ae0c26452,2.25.91981043841368764114007975581101713077,hip,lhip,th12_bottom,206.03,130.74,0.0295,False,,,False,False
9ae0c26452,2.25.91981043841368764114007975581101713077,hip,lhip,l1_center,114.92,117.07,0.0411,False,,,False,False
9ae0c26452,2.25.91981043841368764114007975581101713077,hip,lhip,l2_center,112.98,184.68,0.0196,False,,,False,False
9ae0c26452,2.25.91981043841368764114007975581101713077,hip,lhip,l3_center,113.59,189.06,0.038,False,,,False,False
9ae0c26452,2.25.91981043841368764114007975581101713077,hip,lhip,l4_center,123.35,184.71,0.0176,False,,,False,False
9ae0c26452,2.25.91981043841368764114007975581101713077,hip,lhip,iliac_right,168.82,75.39,0.0171,False,,,False,False
9ae0c26452,2.25.91981043841368764114007975581101713077,hip,lhip,iliac_left,189.85,188.22,0.0188,False,,,False,False
9ae0c26452,2.25.91981043841368764114007975581101713077,hip,lhip,disc_th12_l1,168.98,75.6,0.0313,False,,,False,False
9ae0c26452,2.25.91981043841368764114007975581101713077,hip,lhip,disc_l1_l2,206.79,129.87,0.0392,False,,,False,False
9ae0c26452,2.25.91981043841368764114007975581101713077,hip,lhip,disc_l2_l3,87.01,8.99,0.0161,False,,,False,False
9ae0c26452,2.25.91981043841368764114007975581101713077,hip,lhip,disc_l3_l4,168.05,74.79,0.0463,False,,,False,False
9ae0c26452,2.25.91981043841368764114007975581101713077,hip,lhip,disc_l4_l5,128.14,184.6,0.0353,False,,,False,False
9ae0c26452,2.25.91981043841368764114007975581101713077,hip,lhip,l1_edge_right,24.83,192.04,0.0163,False,,,False,False
9ae0c26452,2.25.91981043841368764114007975581101713077,hip,lhip,l1_edge_left,139.07,2.33,0.0217,False,,,False,False
9ae0c26452,2.25.91981043841368764114007975581101713077,hip,lhip,l2_edge_right,35.54,207.82,0.0146,False,,,False,False
9ae0c26452,2.25.91981043841368764114007975581101713077,hip,lhip,l2_edge_left,167.98,2.54,0.0149,False,,,False,False
9ae0c26452,2.25.91981043841368764114007975581101713077,hip,lhip,l3_edge_right,207.25,126.6,0.0245,False,,,False,False
9ae0c26452,2.25.91981043841368764114007975581101713077,hip,lhip,l3_edge_left,8.25,105.17,0.0149,False,,,False,False
9ae0c26452,2.25.91981043841368764114007975581101713077,hip,lhip,l4_edge_right,120.99,192.52,0.0491,False,,,False,False
9ae0c26452,2.25.91981043841368764114007975581101713077,hip,lhip,l4_edge_left,121.87,195.02,0.0182,False,,,False,False
9ae0c26452,2.25.91981043841368764114007975581101713077,hip,lhip,trochanter_major,168.45,74.84,0.3117,True,167.24,74.58,True,True
9ae0c26452,2.25.91981043841368764114007975581101713077,hip,lhip,trochanter_lateral,206.93,129.96,0.2504,True,207.1,131.91,True,True
9ae0c26452,2.25.91981043841368764114007975581101713077,hip,lhip,trochanter_minor,114.66,190.48,0.3092,True,114.09,191.89,True,True
9ae0c26452,2.25.91981043841368764114007975581101713077,hip,lhip,femoral_head_center,85.18,99.61,0.0706,False,87.14,100.78,True,True
9ae0c26452,2.25.91981043841368764114007975581101713077,hip,lhip,neck_center,114.67,118.11,0.2686,True,112.95,118.24,True,True
9ae0c26452,2.25.91981043841368764114007975581101713077,hip,lhip,ischium_bottom,36.84,210.89,0.3517,True,37.78,212.01,True,True
9ae0c26452,2.25.91981043841368764114007975581101713077,hip,lhip,shaft_lateral,189.86,188.43,0.1622,True,189.5,188.19,True,True
9ae0c26452,2.25.91981043841368764114007975581101713077,hip,lhip,shaft_medial,123.58,190.06,0.3759,True,124.88,191.12,True,True
6503ac0bfd,2.25.339027809107632348165171236474821772940,hip,lhip,th12_top,210.94,71.96,0.0266,False,,,False,False
6503ac0bfd,2.25.339027809107632348165171236474821772940,hip,lhip,th12_bottom,235.2,117.16,0.0272,False,,,False,False
6503ac0bfd,2.25.339027809107632348165171236474821772940,hip,lhip,l1_center,160.83,96.03,0.0463,False,,,False,False
6503ac0bfd,2.25.339027809107632348165171236474821772940,hip,lhip,l2_center,168.51,96.96,0.021,False,,,False,False
6503ac0bfd,2.25.339027809107632348165171236474821772940,hip,lhip,l3_center,159.22,164.23,0.0373,False,,,False,False
6503ac0bfd,2.25.339027809107632348165171236474821772940,hip,lhip,l4_center,169.37,161.77,0.0203,False,,,False,False
6503ac0bfd,2.25.339027809107632348165171236474821772940,hip,lhip,iliac_right,210.8,72.28,0.0193,False,,,False,False
6503ac0bfd,2.25.339027809107632348165171236474821772940,hip,lhip,iliac_left,163.17,103.02,0.0189,False,,,False,False
6503ac0bfd,2.25.339027809107632348165171236474821772940,hip,lhip,disc_th12_l1,159.96,97.07,0.0338,False,,,False,False
6503ac0bfd,2.25.339027809107632348165171236474821772940,hip,lhip,disc_l1_l2,235.76,116.78,0.0374,False,,,False,False
6503ac0bfd,2.25.339027809107632348165171236474821772940,hip,lhip,disc_l2_l3,189.89,307.87,0.0212,False,,,False,False
6503ac0bfd,2.25.339027809107632348165171236474821772940,hip,lhip,disc_l3_l4,211.03,71.59,0.0509,False,,,False,False
6503ac0bfd,2.25.339027809107632348165171236474821772940,hip,lhip,disc_l4_l5,174.99,160.74,0.0352,False,,,False,False
6503ac0bfd,2.25.339027809107632348165171236474821772940,hip,lhip,l1_edge_right,85.71,136.86,0.0148,False,,,False,False
6503ac0bfd,2.25.339027809107632348165171236474821772940,hip,lhip,l1_edge_left,177.21,5.38,0.0172,False,,,False,False
6503ac0bfd,2.25.339027809107632348165171236474821772940,hip,lhip,l2_edge_right,86.95,136.7,0.019,False,,,False,False
6503ac0bfd,2.25.339027809107632348165171236474821772940,hip,lhip,l2_edge_left,103.46,168.03,0.0124,False,,,False,False
6503ac0bfd,2.25.339027809107632348165171236474821772940,hip,lhip,l3_edge_right,176.85,306.96,0.0276,False,,,False,False
6503ac0bfd,2.25.339027809107632348165171236474821772940,hip,lhip,l3_edge_left,118.82,6.07,0.0168,False,,,False,False
6503ac0bfd,2.25.339027809107632348165171236474821772940,hip,lhip,l4_edge_right,169.38,168.17,0.0332,False,,,False,False
6503ac0bfd,2.25.339027809107632348165171236474821772940,hip,lhip,l4_edge_left,169.05,170.59,0.0162,False,,,False,False
6503ac0bfd,2.25.339027809107632348165171236474821772940,hip,lhip,trochanter_major,211.53,71.57,0.3287,True,210.79,71.49,True,True
6503ac0bfd,2.25.339027809107632348165171236474821772940,hip,lhip,trochanter_lateral,236.07,116.07,0.221,True,237.16,112.29,True,True
6503ac0bfd,2.25.339027809107632348165171236474821772940,hip,lhip,trochanter_minor,160.08,166.0,0.3499,True,161.33,167.52,True,True
6503ac0bfd,2.25.339027809107632348165171236474821772940,hip,lhip,femoral_head_center,135.97,77.98,0.3149,True,139.07,78.08,True,True
6503ac0bfd,2.25.339027809107632348165171236474821772940,hip,lhip,neck_center,160.48,97.13,0.3636,True,161.33,96.22,True,True
6503ac0bfd,2.25.339027809107632348165171236474821772940,hip,lhip,ischium_bottom,87.61,176.16,0.1649,True,86.73,177.41,True,True
6503ac0bfd,2.25.339027809107632348165171236474821772940,hip,lhip,shaft_lateral,221.63,166.12,0.2253,True,223.21,163.6,True,True
6503ac0bfd,2.25.339027809107632348165171236474821772940,hip,lhip,shaft_medial,171.26,165.81,0.3781,True,169.89,166.45,True,True
1eb6b7ff41,2.25.144941557565802351596730914409170713112,hip,lhip,th12_top,198.51,85.55,0.0345,False,,,False,False
1eb6b7ff41,2.25.144941557565802351596730914409170713112,hip,lhip,th12_bottom,228.72,142.03,0.0348,False,,,False,False
1eb6b7ff41,2.25.144941557565802351596730914409170713112,hip,lhip,l1_center,198.75,84.88,0.0405,False,,,False,False
1eb6b7ff41,2.25.144941557565802351596730914409170713112,hip,lhip,l2_center,152.76,116.76,0.0258,False,,,False,False
1eb6b7ff41,2.25.144941557565802351596730914409170713112,hip,lhip,l3_center,141.93,186.44,0.0468,False,,,False,False
1eb6b7ff41,2.25.144941557565802351596730914409170713112,hip,lhip,l4_center,150.67,184.98,0.0187,False,,,False,False
1eb6b7ff41,2.25.144941557565802351596730914409170713112,hip,lhip,iliac_right,198.73,85.24,0.0201,False,,,False,False
1eb6b7ff41,2.25.144941557565802351596730914409170713112,hip,lhip,iliac_left,71.5,127.14,0.0191,False,,,False,False
1eb6b7ff41,2.25.144941557565802351596730914409170713112,hip,lhip,disc_th12_l1,146.97,120.73,0.0322,False,,,False,False
1eb6b7ff41,2.25.144941557565802351596730914409170713112,hip,lhip,disc_l1_l2,228.87,142.52,0.041,False,,,False,False
1eb6b7ff41,2.25.144941557565802351596730914409170713112,hip,lhip,disc_l2_l3,118.94,18.25,0.021,False,,,False,False
1eb6b7ff41,2.25.144941557565802351596730914409170713112,hip,lhip,disc_l3_l4,198.71,85.35,0.0631,False,,,False,False
1eb6b7ff41,2.25.144941557565802351596730914409170713112,hip,lhip,disc_l4_l5,155.33,182.55,0.0345,False,,,False,False
1eb6b7ff41,2.25.144941557565802351596730914409170713112,hip,lhip,l1_edge_right,232.93,189.26,0.0175,False,,,False,False
1eb6b7ff41,2.25.144941557565802351596730914409170713112,hip,lhip,l1_edge_left,65.84,117.83,0.0163,False,,,False,False
1eb6b7ff41,2.25.144941557565802351596730914409170713112,hip,lhip,l2_edge_right,89.18,26.17,0.019,False,,,False,False
1eb6b7ff41,2.25.144941557565802351596730914409170713112,hip,lhip,l2_edge_left,161.57,1.67,0.0204,False,,,False,False
1eb6b7ff41,2.25.144941557565802351596730914409170713112,hip,lhip,l3_edge_right,229.46,139.31,0.0277,False,,,False,False
1eb6b7ff41,2.25.144941557565802351596730914409170713112,hip,lhip,l3_edge_left,156.0,18.92,0.0169,False,,,False,False
1eb6b7ff41,2.25.144941557565802351596730914409170713112,hip,lhip,l4_edge_right,148.85,190.9,0.034,False,,,False,False
1eb6b7ff41,2.25.144941557565802351596730914409170713112,hip,lhip,l4_edge_left,49.97,86.95,0.0142,False,,,False,False
1eb6b7ff41,2.25.144941557565802351596730914409170713112,hip,lhip,trochanter_major,198.87,84.96,0.4845,True,199.5,85.52,True,True
1eb6b7ff41,2.25.144941557565802351596730914409170713112,hip,lhip,trochanter_lateral,229.27,141.75,0.2804,True,231.55,138.49,True,True
1eb6b7ff41,2.25.144941557565802351596730914409170713112,hip,lhip,trochanter_minor,142.76,188.53,0.336,True,143.4,189.36,True,True
1eb6b7ff41,2.25.144941557565802351596730914409170713112,hip,lhip,femoral_head_center,123.13,90.95,0.3041,True,121.79,95.63,True,True
1eb6b7ff41,2.25.144941557565802351596730914409170713112,hip,lhip,neck_center,146.69,118.25,0.2748,True,148.62,120.37,True,True
1eb6b7ff41,2.25.144941557565802351596730914409170713112,hip,lhip,ischium_bottom,68.2,188.44,0.2056,True,69.18,188.66,True,True
1eb6b7ff41,2.25.144941557565802351596730914409170713112,hip,lhip,shaft_lateral,211.07,186.21,0.1874,True,211.39,187.15,True,True
1eb6b7ff41,2.25.144941557565802351596730914409170713112,hip,lhip,shaft_medial,151.88,188.4,0.3514,True,152.47,188.88,True,True
b38be6ce6a,2.25.37515662379281069436632838996073181551,hip,rhip,th12_top,192.57,66.78,0.0241,False,,,False,False
b38be6ce6a,2.25.37515662379281069436632838996073181551,hip,rhip,th12_bottom,230.07,118.03,0.0371,False,,,False,False
b38be6ce6a,2.25.37515662379281069436632838996073181551,hip,rhip,l1_center,144.03,104.84,0.0438,False,,,False,False
b38be6ce6a,2.25.37515662379281069436632838996073181551,hip,rhip,l2_center,196.88,66.52,0.0215,False,,,False,False
b38be6ce6a,2.25.37515662379281069436632838996073181551,hip,rhip,l3_center,155.18,170.54,0.0384,False,,,False,False
b38be6ce6a,2.25.37515662379281069436632838996073181551,hip,rhip,l4_center,190.35,259.66,0.0209,False,,,False,False
b38be6ce6a,2.25.37515662379281069436632838996073181551,hip,rhip,iliac_right,192.73,65.31,0.0232,False,,,False,False
b38be6ce6a,2.25.37515662379281069436632838996073181551,hip,rhip,iliac_left,218.71,165.99,0.0183,False,,,False,False
b38be6ce6a,2.25.37515662379281069436632838996073181551,hip,rhip,disc_th12_l1,193.93,66.53,0.0353,False,,,False,False
b38be6ce6a,2.25.37515662379281069436632838996073181551,hip,rhip,disc_l1_l2,230.86,117.96,0.0387,False,,,False,False
b38be6ce6a,2.25.37515662379281069436632838996073181551,hip,rhip,disc_l2_l3,125.79,7.21,0.0198,False,,,False,False
b38be6ce6a,2.25.37515662379281069436632838996073181551,hip,rhip,disc_l3_l4,192.85,65.9,0.0486,False,,,False,False
b38be6ce6a,2.25.37515662379281069436632838996073181551,hip,rhip,disc_l4_l5,167.95,164.39,0.0349,False,,,False,False
b38be6ce6a,2.25.37515662379281069436632838996073181551,hip,rhip,l1_edge_right,126.16,220.93,0.0155,False,,,False,False
b38be6ce6a,2.25.37515662379281069436632838996073181551,hip,rhip,l1_edge_left,159.77,20.11,0.0182,False,,,False,False
b38be6ce6a,2.25.37515662379281069436632838996073181551,hip,rhip,l2_edge_right,74.78,150.79,0.0186,False,,,False,False
b38be6ce6a,2.25.37515662379281069436632838996073181551,hip,rhip,l2_edge_left,165.89,2.96,0.0207,False,,,False,False
b38be6ce6a,2.25.37515662379281069436632838996073181551,hip,rhip,l3_edge_right,230.78,114.81,0.0288,False,,,False,False
b38be6ce6a,2.25.37515662379281069436632838996073181551,hip,rhip,l3_edge_left,160.69,19.95,0.0316,False,,,False,False
b38be6ce6a,2.25.37515662379281069436632838996073181551,hip,rhip,l4_edge_right,162.39,172.39,0.0493,False,,,False,False
b38be6ce6a,2.25.37515662379281069436632838996073181551,hip,rhip,l4_edge_left,163.15,174.94,0.0181,False,,,False,False
b38be6ce6a,2.25.37515662379281069436632838996073181551,hip,rhip,trochanter_major,193.38,65.89,0.3462,True,193.45,64.78,True,True
b38be6ce6a,2.25.37515662379281069436632838996073181551,hip,rhip,trochanter_lateral,231.1,117.68,0.2513,True,233.12,120.52,True,True
b38be6ce6a,2.25.37515662379281069436632838996073181551,hip,rhip,trochanter_minor,156.42,170.6,0.2792,True,153.1,170.44,True,True
b38be6ce6a,2.25.37515662379281069436632838996073181551,hip,rhip,femoral_head_center,115.1,91.87,0.2742,True,118.57,92.48,True,True
b38be6ce6a,2.25.37515662379281069436632838996073181551,hip,rhip,neck_center,144.04,105.64,0.3374,True,144.21,107.18,True,True
b38be6ce6a,2.25.37515662379281069436632838996073181551,hip,rhip,ischium_bottom,74.59,182.3,0.1924,True,72.54,183.08,True,True
b38be6ce6a,2.25.37515662379281069436632838996073181551,hip,rhip,shaft_lateral,219.82,165.84,0.1969,True,221.25,162.54,True,True
b38be6ce6a,2.25.37515662379281069436632838996073181551,hip,rhip,shaft_medial,164.17,169.64,0.3842,True,163.43,169.33,True,True
40d8c41153,2.25.234651502352368356456298825489565282446,hip,lhip,th12_top,190.98,56.97,0.0169,False,,,False,False
40d8c41153,2.25.234651502352368356456298825489565282446,hip,lhip,th12_bottom,220.0,130.01,0.0275,False,,,False,False
40d8c41153,2.25.234651502352368356456298825489565282446,hip,lhip,l1_center,142.95,103.67,0.0361,False,,,False,False
40d8c41153,2.25.234651502352368356456298825489565282446,hip,lhip,l2_center,152.13,104.1,0.0234,False,,,False,False
40d8c41153,2.25.234651502352368356456298825489565282446,hip,lhip,l3_center,140.88,168.23,0.0399,False,,,False,False
40d8c41153,2.25.234651502352368356456298825489565282446,hip,lhip,l4_center,200.33,203.84,0.0294,False,,,False,False
40d8c41153,2.25.234651502352368356456298825489565282446,hip,lhip,iliac_right,189.1,56.12,0.021,False,,,False,False
40d8c41153,2.25.234651502352368356456298825489565282446,hip,lhip,iliac_left,65.29,115.03,0.0188,False,,,False,False
40d8c41153,2.25.234651502352368356456298825489565282446,hip,lhip,disc_th12_l1,118.17,88.78,0.0319,False,,,False,False
40d8c41153,2.25.234651502352368356456298825489565282446,hip,lhip,disc_l1_l2,220.25,129.98,0.0292,False,,,False,False
40d8c41153,2.25.234651502352368356456298825489565282446,hip,lhip,disc_l2_l3,114.28,29.09,0.0249,False,,,False,False
40d8c41153,2.25.234651502352368356456298825489565282446,hip,lhip,disc_l3_l4,114.37,17.9,0.0326,False,,,False,False
40d8c41153,2.25.234651502352368356456298825489565282446,hip,lhip,disc_l4_l5,159.05,164.54,0.0351,False,,,False,False
40d8c41153,2.25.234651502352368356456298825489565282446,hip,lhip,l1_edge_right,198.97,200.91,0.0185,False,,,False,False
40d8c41153,2.25.234651502352368356456298825489565282446,hip,lhip,l1_edge_left,146.18,26.87,0.0229,False,,,False,False
40d8c41153,2.25.234651502352368356456298825489565282446,hip,lhip,l2_edge_right,70.62,113.82,0.0204,False,,,False,False
40d8c41153,2.25.234651502352368356456298825489565282446,hip,lhip,l2_edge_left,146.59,24.71,0.0187,False,,,False,False
40d8c41153,2.25.234651502352368356456298825489565282446,hip,lhip,l3_edge_right,224.22,130.41,0.0238,False,,,False,False
40d8c41153,2.25.234651502352368356456298825489565282446,hip,lhip,l3_edge_left,146.03,26.98,0.0261,False,,,False,False
40d8c41153,2.25.234651502352368356456298825489565282446,hip,lhip,l4_edge_right,153.25,173.06,0.0242,False,,,False,False
40d8c41153,2.25.234651502352368356456298825489565282446,hip,lhip,l4_edge_left,65.45,113.29,0.015,False,,,False,False
40d8c41153,2.25.234651502352368356456298825489565282446,hip,lhip,trochanter_major,191.84,55.78,0.0874,True,191.34,78.44,True,True
40d8c41153,2.25.234651502352368356456298825489565282446,hip,lhip,trochanter_lateral,220.62,129.39,0.1314,True,218.25,131.72,True,True
40d8c41153,2.25.234651502352368356456298825489565282446,hip,lhip,trochanter_minor,141.94,170.53,0.3144,True,142.89,170.75,True,True
40d8c41153,2.25.234651502352368356456298825489565282446,hip,lhip,femoral_head_center,119.58,88.0,0.272,True,122.98,85.17,True,True
40d8c41153,2.25.234651502352368356456298825489565282446,hip,lhip,neck_center,142.74,104.04,0.2366,True,143.43,102.39,True,True
40d8c41153,2.25.234651502352368356456298825489565282446,hip,lhip,ischium_bottom,64.16,176.09,0.1022,True,65.92,175.59,True,True
40d8c41153,2.25.234651502352368356456298825489565282446,hip,lhip,shaft_lateral,206.63,170.1,0.1737,True,208.36,168.07,True,True
40d8c41153,2.25.234651502352368356456298825489565282446,hip,lhip,shaft_medial,155.01,169.69,0.3181,True,155.04,169.06,True,True
e456b30d7d,2.25.116822802042655971810859435524105064465,hip,rhip,th12_top,146.6,47.22,0.026,False,,,False,False
e456b30d7d,2.25.116822802042655971810859435524105064465,hip,rhip,th12_bottom,174.77,86.8,0.0266,False,,,False,False
e456b30d7d,2.25.116822802042655971810859435524105064465,hip,rhip,l1_center,92.73,83.83,0.0569,False,,,False,False
e456b30d7d,2.25.116822802042655971810859435524105064465,hip,rhip,l2_center,100.37,83.32,0.0234,False,,,False,False
e456b30d7d,2.25.116822802042655971810859435524105064465,hip,rhip,l3_center,95.27,146.2,0.0375,False,,,False,False
e456b30d7d,2.25.116822802042655971810859435524105064465,hip,rhip,l4_center,104.46,144.11,0.0253,False,,,False,False
e456b30d7d,2.25.116822802042655971810859435524105064465,hip,rhip,iliac_right,145.86,47.58,0.0219,False,,,False,False
e456b30d7d,2.25.116822802042655971810859435524105064465,hip,rhip,iliac_left,162.95,152.05,0.0192,False,,,False,False
e456b30d7d,2.25.116822802042655971810859435524105064465,hip,rhip,disc_th12_l1,64.27,68.97,0.0348,False,,,False,False
e456b30d7d,2.25.116822802042655971810859435524105064465,hip,rhip,disc_l1_l2,174.99,86.72,0.0305,False,,,False,False
e456b30d7d,2.25.116822802042655971810859435524105064465,hip,rhip,disc_l2_l3,69.92,11.6,0.0187,False,,,False,False
e456b30d7d,2.25.116822802042655971810859435524105064465,hip,rhip,disc_l3_l4,146.14,47.79,0.0513,False,,,False,False
e456b30d7d,2.25.116822802042655971810859435524105064465,hip,rhip,disc_l4_l5,110.15,143.14,0.0334,False,,,False,False
e456b30d7d,2.25.116822802042655971810859435524105064465,hip,rhip,l1_edge_right,70.82,12.29,0.0162,False,,,False,False
e456b30d7d,2.25.116822802042655971810859435524105064465,hip,rhip,l1_edge_left,85.15,60.01,0.0187,False,,,False,False
e456b30d7d,2.25.116822802042655971810859435524105064465,hip,rhip,l2_edge_right,23.7,96.62,0.0182,False,,,False,False
e456b30d7d,2.25.116822802042655971810859435524105064465,hip,rhip,l2_edge_left,102.71,2.99,0.0125,False,,,False,False
e456b30d7d,2.25.116822802042655971810859435524105064465,hip,rhip,l3_edge_right,178.09,101.76,0.0249,False,,,False,False
e456b30d7d,2.25.116822802042655971810859435524105064465,hip,rhip,l3_edge_left,160.85,221.05,0.0159,False,,,False,False
e456b30d7d,2.25.116822802042655971810859435524105064465,hip,rhip,l4_edge_right,103.65,149.81,0.0398,False,,,False,False
e456b30d7d,2.25.116822802042655971810859435524105064465,hip,rhip,l4_edge_left,104.09,151.96,0.0157,False,,,False,False
e456b30d7d,2.25.116822802042655971810859435524105064465,hip,rhip,trochanter_major,146.97,47.89,0.361,True,145.8,49.63,True,True
e456b30d7d,2.25.116822802042655971810859435524105064465,hip,rhip,trochanter_lateral,175.04,85.92,0.1468,True,175.74,108.91,True,True
e456b30d7d,2.25.116822802042655971810859435524105064465,hip,rhip,trochanter_minor,96.64,148.17,0.3999,True,96.91,148.63,True,True
e456b30d7d,2.25.116822802042655971810859435524105064465,hip,rhip,femoral_head_center,64.86,68.5,0.2634,True,70.33,69.19,True,True
e456b30d7d,2.25.116822802042655971810859435524105064465,hip,rhip,neck_center,92.53,84.64,0.3164,True,90.5,83.55,True,True
e456b30d7d,2.25.116822802042655971810859435524105064465,hip,rhip,ischium_bottom,13.51,164.99,0.2762,True,10.75,166.04,True,True
e456b30d7d,2.25.116822802042655971810859435524105064465,hip,rhip,shaft_lateral,163.29,151.77,0.1861,True,162.22,146.57,True,True
e456b30d7d,2.25.116822802042655971810859435524105064465,hip,rhip,shaft_medial,106.12,147.71,0.4077,True,106.53,147.31,True,True
4853435e1d,2.25.135241889065705954191821710363605596815,hip,lhip,th12_top,188.95,59.19,0.0219,False,,,False,False
4853435e1d,2.25.135241889065705954191821710363605596815,hip,lhip,th12_bottom,224.17,123.85,0.0219,False,,,False,False
4853435e1d,2.25.135241889065705954191821710363605596815,hip,lhip,l1_center,189.27,58.79,0.0412,False,,,False,False
4853435e1d,2.25.135241889065705954191821710363605596815,hip,lhip,l2_center,125.81,171.63,0.0193,False,,,False,False
4853435e1d,2.25.135241889065705954191821710363605596815,hip,lhip,l3_center,124.39,176.12,0.0311,False,,,False,False
4853435e1d,2.25.135241889065705954191821710363605596815,hip,lhip,l4_center,81.72,77.29,0.0199,False,,,False,False
4853435e1d,2.25.135241889065705954191821710363605596815,hip,lhip,iliac_right,188.94,59.05,0.0226,False,,,False,False
4853435e1d,2.25.135241889065705954191821710363605596815,hip,lhip,iliac_left,218.1,186.13,0.0198,False,,,False,False
4853435e1d,2.25.135241889065705954191821710363605596815,hip,lhip,disc_th12_l1,120.04,96.55,0.0415,False,,,False,False
4853435e1d,2.25.135241889065705954191821710363605596815,hip,lhip,disc_l1_l2,224.85,123.82,0.0286,False,,,False,False
4853435e1d,2.25.135241889065705954191821710363605596815,hip,lhip,disc_l2_l3,33.1,118.85,0.017,False,,,False,False
4853435e1d,2.25.135241889065705954191821710363605596815,hip,lhip,disc_l3_l4,189.12,59.82,0.0419,False,,,False,False
4853435e1d,2.25.135241889065705954191821710363605596815,hip,lhip,disc_l4_l5,142.13,171.46,0.0346,False,,,False,False
4853435e1d,2.25.135241889065705954191821710363605596815,hip,lhip,l1_edge_right,51.94,10.5,0.0197,False,,,False,False
4853435e1d,2.25.135241889065705954191821710363605596815,hip,lhip,l1_edge_left,87.98,69.61,0.0181,False,,,False,False
4853435e1d,2.25.135241889065705954191821710363605596815,hip,lhip,l2_edge_right,45.82,182.76,0.0205,False,,,False,False
4853435e1d,2.25.135241889065705954191821710363605596815,hip,lhip,l2_edge_left,132.92,18.09,0.0155,False,,,False,False
4853435e1d,2.25.135241889065705954191821710363605596815,hip,lhip,l3_edge_right,225.2,121.55,0.0226,False,,,False,False
4853435e1d,2.25.135241889065705954191821710363605596815,hip,lhip,l3_edge_left,197.92,250.1,0.0154,False,,,False,False
4853435e1d,2.25.135241889065705954191821710363605596815,hip,lhip,l4_edge_right,138.22,179.74,0.0403,False,,,False,False
4853435e1d,2.25.135241889065705954191821710363605596815,hip,lhip,l4_edge_left,134.88,182.67,0.0204,False,,,False,False
4853435e1d,2.25.135241889065705954191821710363605596815,hip,lhip,trochanter_major,189.65,59.43,0.2936,True,187.44,59.65,True,True
4853435e1d,2.25.135241889065705954191821710363605596815,hip,lhip,trochanter_lateral,224.89,123.49,0.1508,True,225.4,121.54,True,True
4853435e1d,2.25.135241889065705954191821710363605596815,hip,lhip,trochanter_minor,125.31,178.01,0.3894,True,125.21,178.64,True,True
4853435e1d,2.25.135241889065705954191821710363605596815,hip,lhip,femoral_head_center,89.72,74.2,0.2697,True,88.62,76.06,True,True
4853435e1d,2.25.135241889065705954191821710363605596815,hip,lhip,neck_center,120.01,97.11,0.234,True,123.5,96.58,True,True
4853435e1d,2.25.135241889065705954191821710363605596815,hip,lhip,ischium_bottom,45.74,187.69,0.3303,True,44.86,188.9,True,True
4853435e1d,2.25.135241889065705954191821710363605596815,hip,lhip,shaft_lateral,204.73,178.49,0.1707,True,205.14,175.68,True,True
4853435e1d,2.25.135241889065705954191821710363605596815,hip,lhip,shaft_medial,137.91,177.58,0.3844,True,137.39,176.79,True,True
9ac543c8ce,2.25.102965897799404973225419898683246248872,hip,lhip,th12_top,191.67,57.99,0.0283,False,,,False,False
9ac543c8ce,2.25.102965897799404973225419898683246248872,hip,lhip,th12_bottom,227.78,112.88,0.023,False,,,False,False
9ac543c8ce,2.25.102965897799404973225419898683246248872,hip,lhip,l1_center,191.61,57.04,0.0419,False,,,False,False
9ac543c8ce,2.25.102965897799404973225419898683246248872,hip,lhip,l2_center,141.61,95.94,0.0234,False,,,False,False
9ac543c8ce,2.25.102965897799404973225419898683246248872,hip,lhip,l3_center,146.09,177.75,0.0292,False,,,False,False
9ac543c8ce,2.25.102965897799404973225419898683246248872,hip,lhip,l4_center,130.23,42.19,0.0198,False,,,False,False
9ac543c8ce,2.25.102965897799404973225419898683246248872,hip,lhip,iliac_right,192.04,57.28,0.0211,False,,,False,False
9ac543c8ce,2.25.102965897799404973225419898683246248872,hip,lhip,iliac_left,210.98,172.19,0.023,False,,,False,False
9ac543c8ce,2.25.102965897799404973225419898683246248872,hip,lhip,disc_th12_l1,134.91,96.26,0.0324,False,,,False,False
9ac543c8ce,2.25.102965897799404973225419898683246248872,hip,lhip,disc_l1_l2,228.0,113.67,0.0291,False,,,False,False
9ac543c8ce,2.25.102965897799404973225419898683246248872,hip,lhip,disc_l2_l3,144.4,95.28,0.017,False,,,False,False
9ac543c8ce,2.25.102965897799404973225419898683246248872,hip,lhip,disc_l3_l4,191.81,57.57,0.0587,False,,,False,False
9ac543c8ce,2.25.102965897799404973225419898683246248872,hip,lhip,disc_l4_l5,157.98,173.22,0.0355,False,,,False,False
9ac543c8ce,2.25.102965897799404973225419898683246248872,hip,lhip,l1_edge_right,242.0,172.07,0.0149,False,,,False,False
9ac543c8ce,2.25.102965897799404973225419898683246248872,hip,lhip,l1_edge_left,16.35,115.86,0.0193,False,,,False,False
9ac543c8ce,2.25.102965897799404973225419898683246248872,hip,lhip,l2_edge_right,62.69,164.76,0.0331,False,,,False,False
9ac543c8ce,2.25.102965897799404973225419898683246248872,hip,lhip,l2_edge_left,66.32,163.59,0.0126,False,,,False,False
9ac543c8ce,2.25.102965897799404973225419898683246248872,hip,lhip,l3_edge_right,227.16,100.9,0.024,False,,,False,False
9ac543c8ce,2.25.102965897799404973225419898683246248872,hip,lhip,l3_edge_left,134.62,18.97,0.0179,False,,,False,False
9ac543c8ce,2.25.102965897799404973225419898683246248872,hip,lhip,l4_edge_right,152.2,182.11,0.0297,False,,,False,False
9ac543c8ce,2.25.102965897799404973225419898683246248872,hip,lhip,l4_edge_left,55.19,169.98,0.0137,False,,,False,False
9ac543c8ce,2.25.102965897799404973225419898683246248872,hip,lhip,trochanter_major,191.83,57.26,0.3769,True,190.03,58.49,True,True
9ac543c8ce,2.25.102965897799404973225419898683246248872,hip,lhip,trochanter_lateral,228.12,112.53,0.1547,True,225.17,97.6,True,True
9ac543c8ce,2.25.102965897799404973225419898683246248872,hip,lhip,trochanter_minor,147.43,178.98,0.3431,True,148.17,179.79,True,True
9ac543c8ce,2.25.102965897799404973225419898683246248872,hip,lhip,femoral_head_center,106.69,79.47,0.2487,True,112.43,78.05,True,True
9ac543c8ce,2.25.102965897799404973225419898683246248872,hip,lhip,neck_center,134.61,96.54,0.2811,True,139.62,97.3,True,True
9ac543c8ce,2.25.102965897799404973225419898683246248872,hip,lhip,ischium_bottom,62.01,169.49,0.386,True,63.85,170.62,True,True
9ac543c8ce,2.25.102965897799404973225419898683246248872,hip,lhip,shaft_lateral,211.63,172.13,0.1825,True,211.47,175.88,True,True
9ac543c8ce,2.25.102965897799404973225419898683246248872,hip,lhip,shaft_medial,153.98,178.61,0.3122,True,154.41,178.62,True,True
a899aa9d1d,2.25.307021710202910067378603383388989711646,hip,lhip,th12_top,166.76,66.01,0.0273,False,,,False,False
a899aa9d1d,2.25.307021710202910067378603383388989711646,hip,lhip,th12_bottom,192.72,116.96,0.0313,False,,,False,False
a899aa9d1d,2.25.307021710202910067378603383388989711646,hip,lhip,l1_center,166.88,65.08,0.0389,False,,,False,False
a899aa9d1d,2.25.307021710202910067378603383388989711646,hip,lhip,l2_center,119.45,85.94,0.0242,False,,,False,False
a899aa9d1d,2.25.307021710202910067378603383388989711646,hip,lhip,l3_center,107.01,153.13,0.0389,False,,,False,False
a899aa9d1d,2.25.307021710202910067378603383388989711646,hip,lhip,l4_center,134.73,261.64,0.0185,False,,,False,False
a899aa9d1d,2.25.307021710202910067378603383388989711646,hip,lhip,iliac_right,167.03,66.02,0.0207,False,,,False,False
a899aa9d1d,2.25.307021710202910067378603383388989711646,hip,lhip,iliac_left,176.52,157.72,0.0233,False,,,False,False
a899aa9d1d,2.25.307021710202910067378603383388989711646,hip,lhip,disc_th12_l1,86.92,68.59,0.0337,False,,,False,False
a899aa9d1d,2.25.307021710202910067378603383388989711646,hip,lhip,disc_l1_l2,192.98,115.95,0.0421,False,,,False,False
a899aa9d1d,2.25.307021710202910067378603383388989711646,hip,lhip,disc_l2_l3,92.87,13.1,0.0212,False,,,False,False
a899aa9d1d,2.25.307021710202910067378603383388989711646,hip,lhip,disc_l3_l4,166.99,65.72,0.0579,False,,,False,False
a899aa9d1d,2.25.307021710202910067378603383388989711646,hip,lhip,disc_l4_l5,121.91,148.46,0.0361,False,,,False,False
a899aa9d1d,2.25.307021710202910067378603383388989711646,hip,lhip,l1_edge_right,55.97,22.3,0.0208,False,,,False,False
a899aa9d1d,2.25.307021710202910067378603383388989711646,hip,lhip,l1_edge_left,127.65,3.31,0.0171,False,,,False,False
a899aa9d1d,2.25.307021710202910067378603383388989711646,hip,lhip,l2_edge_right,42.46,129.11,0.0186,False,,,False,False
a899aa9d1d,2.25.307021710202910067378603383388989711646,hip,lhip,l2_edge_left,30.15,155.14,0.0124,False,,,False,False
a899aa9d1d,2.25.307021710202910067378603383388989711646,hip,lhip,l3_edge_right,194.2,113.29,0.0268,False,,,False,False
a899aa9d1d,2.25.307021710202910067378603383388989711646,hip,lhip,l3_edge_left,118.17,18.05,0.0197,False,,,False,False
a899aa9d1d,2.25.307021710202910067378603383388989711646,hip,lhip,l4_edge_right,114.17,156.58,0.0415,False,,,False,False
a899aa9d1d,2.25.307021710202910067378603383388989711646,hip,lhip,l4_edge_left,115.09,159.06,0.0152,False,,,False,False
a899aa9d1d,2.25.307021710202910067378603383388989711646,hip,lhip,trochanter_major,167.37,65.59,0.3626,True,164.72,64.93,True,True
a899aa9d1d,2.25.307021710202910067378603383388989711646,hip,lhip,trochanter_lateral,193.64,115.99,0.2794,True,193.66,103.52,True,True
a899aa9d1d,2.25.307021710202910067378603383388989711646,hip,lhip,trochanter_minor,108.34,154.43,0.3373,True,109.25,153.47,True,True
a899aa9d1d,2.25.307021710202910067378603383388989711646,hip,lhip,femoral_head_center,87.72,67.82,0.2842,True,89.27,67.68,True,True
a899aa9d1d,2.25.307021710202910067378603383388989711646,hip,lhip,neck_center,112.53,85.91,0.3015,True,113.38,84.57,True,True
a899aa9d1d,2.25.307021710202910067378603383388989711646,hip,lhip,ischium_bottom,39.92,159.16,0.2413,True,31.39,160.36,True,True
a899aa9d1d,2.25.307021710202910067378603383388989711646,hip,lhip,shaft_lateral,177.64,157.22,0.2168,True,179.7,154.14,True,True
a899aa9d1d,2.25.307021710202910067378603383388989711646,hip,lhip,shaft_medial,116.89,153.97,0.3962,True,117.38,153.52,True,True
55bb173ad7,2.25.307021710202910067378603383388989711646,hip,rhip,th12_top,162.75,61.19,0.0314,False,,,False,False
55bb173ad7,2.25.307021710202910067378603383388989711646,hip,rhip,th12_bottom,188.87,107.23,0.0423,False,,,False,False
55bb173ad7,2.25.307021710202910067378603383388989711646,hip,rhip,l1_center,162.97,60.94,0.0487,False,,,False,False
55bb173ad7,2.25.307021710202910067378603383388989711646,hip,rhip,l2_center,113.76,88.83,0.0202,False,,,False,False
55bb173ad7,2.25.307021710202910067378603383388989711646,hip,rhip,l3_center,109.11,154.7,0.0317,False,,,False,False
55bb173ad7,2.25.307021710202910067378603383388989711646,hip,rhip,l4_center,38.16,98.65,0.0201,False,,,False,False
55bb173ad7,2.25.307021710202910067378603383388989711646,hip,rhip,iliac_right,162.86,60.92,0.0227,False,,,False,False
55bb173ad7,2.25.307021710202910067378603383388989711646,hip,rhip,iliac_left,177.75,154.47,0.0241,False,,,False,False
55bb173ad7,2.25.307021710202910067378603383388989711646,hip,rhip,disc_th12_l1,162.97,61.63,0.0399,False,,,False,False
55bb173ad7,2.25.307021710202910067378603383388989711646,hip,rhip,disc_l1_l2,189.61,106.82,0.0513,False,,,False,False
55bb173ad7,2.25.307021710202910067378603383388989711646,hip,rhip,disc_l2_l3,87.81,17.09,0.0214,False,,,False,False
55bb173ad7,2.25.307021710202910067378603383388989711646,hip,rhip,disc_l3_l4,162.91,61.53,0.0579,False,,,False,False
55bb173ad7,2.25.307021710202910067378603383388989711646,hip,rhip,disc_l4_l5,123.89,150.41,0.0286,False,,,False,False
55bb173ad7,2.25.307021710202910067378603383388989711646,hip,rhip,l1_edge_right,192.93,159.8,0.0161,False,,,False,False
55bb173ad7,2.25.307021710202910067378603383388989711646,hip,rhip,l1_edge_left,112.12,25.68,0.0193,False,,,False,False
55bb173ad7,2.25.307021710202910067378603383388989711646,hip,rhip,l2_edge_right,35.78,158.99,0.0299,False,,,False,False
55bb173ad7,2.25.307021710202910067378603383388989711646,hip,rhip,l2_edge_left,38.34,146.67,0.0138,False,,,False,False
55bb173ad7,2.25.307021710202910067378603383388989711646,hip,rhip,l3_edge_right,189.53,104.28,0.0289,False,,,False,False
55bb173ad7,2.25.307021710202910067378603383388989711646,hip,rhip,l3_edge_left,112.73,24.68,0.0192,False,,,False,False
55bb173ad7,2.25.307021710202910067378603383388989711646,hip,rhip,l4_edge_right,117.01,158.09,0.036,False,,,False,False
55bb173ad7,2.25.307021710202910067378603383388989711646,hip,rhip,l4_edge_left,119.03,160.74,0.0156,False,,,False,False
55bb173ad7,2.25.307021710202910067378603383388989711646,hip,rhip,trochanter_major,163.24,61.11,0.4787,True,161.48,60.79,True,True
55bb173ad7,2.25.307021710202910067378603383388989711646,hip,rhip,trochanter_lateral,189.87,106.78,0.39,True,189.04,109.72,True,True
55bb173ad7,2.25.307021710202910067378603383388989711646,hip,rhip,trochanter_minor,110.39,155.82,0.3393,True,111.87,160.02,True,True
55bb173ad7,2.25.307021710202910067378603383388989711646,hip,rhip,femoral_head_center,81.14,73.82,0.2526,True,82.24,72.85,True,True
55bb173ad7,2.25.307021710202910067378603383388989711646,hip,rhip,neck_center,107.47,90.12,0.3345,True,106.01,88.36,True,True
55bb173ad7,2.25.307021710202910067378603383388989711646,hip,rhip,ischium_bottom,35.45,163.28,0.4637,True,35.04,163.46,True,True
55bb173ad7,2.25.307021710202910067378603383388989711646,hip,rhip,shaft_lateral,178.81,153.83,0.2602,True,178.06,154.6,True,True
55bb173ad7,2.25.307021710202910067378603383388989711646,hip,rhip,shaft_medial,119.8,155.08,0.3205,True,122.6,158.86,True,True
c51737f67b,2.25.234651502352368356456298825489565282446,hip,rhip,th12_top,193.68,76.78,0.0236,False,,,False,False
c51737f67b,2.25.234651502352368356456298825489565282446,hip,rhip,th12_bottom,233.62,137.48,0.0244,False,,,False,False
c51737f67b,2.25.234651502352368356456298825489565282446,hip,rhip,l1_center,148.93,119.6,0.0358,False,,,False,False
c51737f67b,2.25.234651502352368356456298825489565282446,hip,rhip,l2_center,156.62,119.07,0.0222,False,,,False,False
c51737f67b,2.25.234651502352368356456298825489565282446,hip,rhip,l3_center,153.2,183.51,0.0326,False,,,False,False
c51737f67b,2.25.234651502352368356456298825489565282446,hip,rhip,l4_center,113.39,109.46,0.0202,False,,,False,False
c51737f67b,2.25.234651502352368356456298825489565282446,hip,rhip,iliac_right,196.22,74.88,0.0198,False,,,False,False
c51737f67b,2.25.234651502352368356456298825489565282446,hip,rhip,iliac_left,207.29,76.19,0.023,False,,,False,False
c51737f67b,2.25.234651502352368356456298825489565282446,hip,rhip,disc_th12_l1,120.31,108.18,0.0346,False,,,False,False
c51737f67b,2.25.234651502352368356456298825489565282446,hip,rhip,disc_l1_l2,233.82,137.47,0.0274,False,,,False,False
c51737f67b,2.25.234651502352368356456298825489565282446,hip,rhip,disc_l2_l3,122.89,6.35,0.0209,False,,,False,False
c51737f67b,2.25.234651502352368356456298825489565282446,hip,rhip,disc_l3_l4,194.03,75.85,0.0484,False,,,False,False
c51737f67b,2.25.234651502352368356456298825489565282446,hip,rhip,disc_l4_l5,116.43,110.54,0.0309,False,,,False,False
c51737f67b,2.25.234651502352368356456298825489565282446,hip,rhip,l1_edge_right,83.28,227.0,0.0172,False,,,False,False
c51737f67b,2.25.234651502352368356456298825489565282446,hip,rhip,l1_edge_left,160.94,136.08,0.0164,False,,,False,False
c51737f67b,2.25.234651502352368356456298825489565282446,hip,rhip,l2_edge_right,69.47,130.94,0.021,False,,,False,False
c51737f67b,2.25.234651502352368356456298825489565282446,hip,rhip,l2_edge_left,183.34,12.07,0.0188,False,,,False,False
c51737f67b,2.25.234651502352368356456298825489565282446,hip,rhip,l3_edge_right,236.37,137.02,0.0283,False,,,False,False
c51737f67b,2.25.234651502352368356456298825489565282446,hip,rhip,l3_edge_left,119.71,26.9,0.0164,False,,,False,False
c51737f67b,2.25.234651502352368356456298825489565282446,hip,rhip,l4_edge_right,170.26,186.97,0.0263,False,,,False,False
c51737f67b,2.25.234651502352368356456298825489565282446,hip,rhip,l4_edge_left,167.75,191.63,0.0159,False,,,False,False
c51737f67b,2.25.234651502352368356456298825489565282446,hip,rhip,trochanter_major,194.55,75.82,0.2634,True,192.69,78.9,True,True
c51737f67b,2.25.234651502352368356456298825489565282446,hip,rhip,trochanter_lateral,234.43,137.18,0.1302,True,227.53,130.09,True,True
c51737f67b,2.25.234651502352368356456298825489565282446,hip,rhip,trochanter_minor,154.75,186.47,0.3469,True,154.83,186.44,True,True
c51737f67b,2.25.234651502352368356456298825489565282446,hip,rhip,femoral_head_center,121.16,106.95,0.3043,True,126.35,100.1,True,True
c51737f67b,2.25.234651502352368356456298825489565282446,hip,rhip,neck_center,148.7,120.0,0.281,True,148.47,118.89,True,True
c51737f67b,2.25.234651502352368356456298825489565282446,hip,rhip,ischium_bottom,53.13,196.45,0.3109,True,63.04,193.71,True,True
c51737f67b,2.25.234651502352368356456298825489565282446,hip,rhip,shaft_lateral,221.35,180.08,0.1908,True,220.31,173.7,True,True
c51737f67b,2.25.234651502352368356456298825489565282446,hip,rhip,shaft_medial,168.94,185.08,0.2972,True,168.51,184.55,True,True
23cd42c66f,2.25.91981043841368764114007975581101713077,hip,rhip,th12_top,168.73,68.86,0.0224,False,,,False,False
23cd42c66f,2.25.91981043841368764114007975581101713077,hip,rhip,th12_bottom,207.68,126.85,0.0326,False,,,False,False
23cd42c66f,2.25.91981043841368764114007975581101713077,hip,rhip,l1_center,113.02,110.85,0.0375,False,,,False,False
23cd42c66f,2.25.91981043841368764114007975581101713077,hip,rhip,l2_center,121.12,111.18,0.0223,False,,,False,False
23cd42c66f,2.25.91981043841368764114007975581101713077,hip,rhip,l3_center,120.16,186.05,0.0258,False,,,False,False
23cd42c66f,2.25.91981043841368764114007975581101713077,hip,rhip,l4_center,146.71,290.65,0.0169,False,,,False,False
23cd42c66f,2.25.91981043841368764114007975581101713077,hip,rhip,iliac_right,171.87,69.02,0.0181,False,,,False,False
23cd42c66f,2.25.91981043841368764114007975581101713077,hip,rhip,iliac_left,191.49,183.77,0.0184,False,,,False,False
23cd42c66f,2.25.91981043841368764114007975581101713077,hip,rhip,disc_th12_l1,112.85,112.09,0.0348,False,,,False,False
23cd42c66f,2.25.91981043841368764114007975581101713077,hip,rhip,disc_l1_l2,207.84,126.75,0.0441,False,,,False,False
23cd42c66f,2.25.91981043841368764114007975581101713077,hip,rhip,disc_l2_l3,117.67,30.58,0.018,False,,,False,False
23cd42c66f,2.25.91981043841368764114007975581101713077,hip,rhip,disc_l3_l4,169.68,69.2,0.0392,False,,,False,False
23cd42c66f,2.25.91981043841368764114007975581101713077,hip,rhip,disc_l4_l5,130.18,181.2,0.0288,False,,,False,False
23cd42c66f,2.25.91981043841368764114007975581101713077,hip,rhip,l1_edge_right,35.54,186.0,0.0194,False,,,False,False
23cd42c66f,2.25.91981043841368764114007975581101713077,hip,rhip,l1_edge_left,140.97,2.61,0.0196,False,,,False,False
23cd42c66f,2.25.91981043841368764114007975581101713077,hip,rhip,l2_edge_right,2.56,174.91,0.0152,False,,,False,False
23cd42c66f,2.25.91981043841368764114007975581101713077,hip,rhip,l2_edge_left,140.86,2.07,0.0154,False,,,False,False
23cd42c66f,2.25.91981043841368764114007975581101713077,hip,rhip,l3_edge_right,208.2,122.61,0.029,False,,,False,False
23cd42c66f,2.25.91981043841368764114007975581101713077,hip,rhip,l3_edge_left,141.09,4.9,0.0165,False,,,False,False
23cd42c66f,2.25.91981043841368764114007975581101713077,hip,rhip,l4_edge_right,38.35,200.44,0.0203,False,,,False,False
23cd42c66f,2.25.91981043841368764114007975581101713077,hip,rhip,l4_edge_left,184.73,290.68,0.0132,False,,,False,False
23cd42c66f,2.25.91981043841368764114007975581101713077,hip,rhip,trochanter_major,169.24,68.15,0.2376,True,168.91,68.98,True,True
23cd42c66f,2.25.91981043841368764114007975581101713077,hip,rhip,trochanter_lateral,208.16,126.53,0.2808,True,207.13,129.37,True,True
23cd42c66f,2.25.91981043841368764114007975581101713077,hip,rhip,trochanter_minor,122.27,186.99,0.2532,True,121.89,190.91,True,True
23cd42c66f,2.25.91981043841368764114007975581101713077,hip,rhip,femoral_head_center,83.9,90.71,0.2062,True,88.64,90.0,True,True
23cd42c66f,2.25.91981043841368764114007975581101713077,hip,rhip,neck_center,113.2,111.91,0.3056,True,116.93,112.93,True,True
23cd42c66f,2.25.91981043841368764114007975581101713077,hip,rhip,ischium_bottom,36.37,204.73,0.3579,True,38.18,204.29,True,True
23cd42c66f,2.25.91981043841368764114007975581101713077,hip,rhip,shaft_lateral,192.51,182.99,0.1878,True,192.31,187.32,True,True
23cd42c66f,2.25.91981043841368764114007975581101713077,hip,rhip,shaft_medial,125.71,186.24,0.2477,True,127.55,190.08,True,True
665be33341,2.25.173753313169335820519632380691065649420,hip,rhip,th12_top,144.94,0.81,0.0174,False,,,False,False
665be33341,2.25.173753313169335820519632380691065649420,hip,rhip,th12_bottom,220.11,110.84,0.0237,False,,,False,False
665be33341,2.25.173753313169335820519632380691065649420,hip,rhip,l1_center,132.72,94.77,0.0489,False,,,False,False
665be33341,2.25.173753313169335820519632380691065649420,hip,rhip,l2_center,139.8,173.07,0.0197,False,,,False,False
665be33341,2.25.173753313169335820519632380691065649420,hip,rhip,l3_center,141.93,175.74,0.0387,False,,,False,False
665be33341,2.25.173753313169335820519632380691065649420,hip,rhip,l4_center,166.14,203.8,0.0282,False,,,False,False
665be33341,2.25.173753313169335820519632380691065649420,hip,rhip,iliac_right,55.38,163.19,0.0174,False,,,False,False
665be33341,2.25.173753313169335820519632380691065649420,hip,rhip,iliac_left,78.98,161.24,0.0206,False,,,False,False
665be33341,2.25.173753313169335820519632380691065649420,hip,rhip,disc_th12_l1,131.85,94.41,0.0361,False,,,False,False
665be33341,2.25.173753313169335820519632380691065649420,hip,rhip,disc_l1_l2,220.85,110.73,0.0258,False,,,False,False
665be33341,2.25.173753313169335820519632380691065649420,hip,rhip,disc_l2_l3,109.27,6.03,0.0201,False,,,False,False
665be33341,2.25.173753313169335820519632380691065649420,hip,rhip,disc_l3_l4,193.79,59.78,0.0364,False,,,False,False
665be33341,2.25.173753313169335820519632380691065649420,hip,rhip,disc_l4_l5,157.08,171.42,0.0337,False,,,False,False
665be33341,2.25.173753313169335820519632380691065649420,hip,rhip,l1_edge_right,158.17,199.07,0.0158,False,,,False,False
665be33341,2.25.173753313169335820519632380691065649420,hip,rhip,l1_edge_left,109.85,173.07,0.0169,False,,,False,False
665be33341,2.25.173753313169335820519632380691065649420,hip,rhip,l2_edge_right,51.29,172.85,0.0191,False,,,False,False
665be33341,2.25.173753313169335820519632380691065649420,hip,rhip,l2_edge_left,54.24,171.61,0.0191,False,,,False,False
665be33341,2.25.173753313169335820519632380691065649420,hip,rhip,l3_edge_right,220.21,100.87,0.0232,False,,,False,False
665be33341,2.25.173753313169335820519632380691065649420,hip,rhip,l3_edge_left,57.9,152.92,0.016,False,,,False,False
665be33341,2.25.173753313169335820519632380691065649420,hip,rhip,l4_edge_right,149.09,179.56,0.0375,False,,,False,False
665be33341,2.25.173753313169335820519632380691065649420,hip,rhip,l4_edge_left,151.94,182.57,0.0181,False,,,False,False
665be33341,2.25.173753313169335820519632380691065649420,hip,rhip,trochanter_major,194.3,59.9,0.1902,True,190.2,63.37,True,True
665be33341,2.25.173753313169335820519632380691065649420,hip,rhip,trochanter_lateral,220.94,110.34,0.1406,True,218.46,105.62,True,True
665be33341,2.25.173753313169335820519632380691065649420,hip,rhip,trochanter_minor,142.99,177.62,0.363,True,143.1,178.28,True,True
665be33341,2.25.173753313169335820519632380691065649420,hip,rhip,femoral_head_center,100.56,76.82,0.2488,True,103.81,76.55,True,True
665be33341,2.25.173753313169335820519632380691065649420,hip,rhip,neck_center,132.03,95.22,0.3485,True,130.19,92.7,True,True
665be33341,2.25.173753313169335820519632380691065649420,hip,rhip,ischium_bottom,51.3,178.03,0.4838,True,51.87,178.28,True,True
665be33341,2.25.173753313169335820519632380691065649420,hip,rhip,shaft_lateral,211.26,164.31,0.1501,True,211.33,173.1,True,True
665be33341,2.25.173753313169335820519632380691065649420,hip,rhip,shaft_medial,153.56,176.75,0.3391,True,153.41,178.35,True,True
d99cc957ee,2.25.144941557565802351596730914409170713112,hip,rhip,th12_top,197.49,83.91,0.0316,False,,,False,False
d99cc957ee,2.25.144941557565802351596730914409170713112,hip,rhip,th12_bottom,232.54,136.81,0.0369,False,,,False,False
d99cc957ee,2.25.144941557565802351596730914409170713112,hip,rhip,l1_center,148.78,117.74,0.0442,False,,,False,False
d99cc957ee,2.25.144941557565802351596730914409170713112,hip,rhip,l2_center,155.43,117.88,0.021,False,,,False,False
d99cc957ee,2.25.144941557565802351596730914409170713112,hip,rhip,l3_center,148.48,184.22,0.0246,False,,,False,False
d99cc957ee,2.25.144941557565802351596730914409170713112,hip,rhip,l4_center,154.49,178.59,0.0212,False,,,False,False
d99cc957ee,2.25.144941557565802351596730914409170713112,hip,rhip,iliac_right,197.86,84.13,0.0187,False,,,False,False
d99cc957ee,2.25.144941557565802351596730914409170713112,hip,rhip,iliac_left,216.8,186.2,0.019,False,,,False,False
d99cc957ee,2.25.144941557565802351596730914409170713112,hip,rhip,disc_th12_l1,148.78,119.85,0.0326,False,,,False,False
d99cc957ee,2.25.144941557565802351596730914409170713112,hip,rhip,disc_l1_l2,232.78,136.53,0.0454,False,,,False,False
d99cc957ee,2.25.144941557565802351596730914409170713112,hip,rhip,disc_l2_l3,229.4,130.58,0.0186,False,,,False,False
d99cc957ee,2.25.144941557565802351596730914409170713112,hip,rhip,disc_l3_l4,197.64,83.77,0.0644,False,,,False,False
d99cc957ee,2.25.144941557565802351596730914409170713112,hip,rhip,disc_l4_l5,120.22,97.06,0.0318,False,,,False,False
d99cc957ee,2.25.144941557565802351596730914409170713112,hip,rhip,l1_edge_right,90.57,28.68,0.0196,False,,,False,False
d99cc957ee,2.25.144941557565802351596730914409170713112,hip,rhip,l1_edge_left,28.17,144.7,0.0164,False,,,False,False
d99cc957ee,2.25.144941557565802351596730914409170713112,hip,rhip,l2_edge_right,90.83,26.46,0.0188,False,,,False,False
d99cc957ee,2.25.144941557565802351596730914409170713112,hip,rhip,l2_edge_left,161.73,1.78,0.0197,False,,,False,False
d99cc957ee,2.25.144941557565802351596730914409170713112,hip,rhip,l3_edge_right,233.13,133.38,0.0332,False,,,False,False
d99cc957ee,2.25.144941557565802351596730914409170713112,hip,rhip,l3_edge_left,187.98,133.21,0.0179,False,,,False,False
d99cc957ee,2.25.144941557565802351596730914409170713112,hip,rhip,l4_edge_right,73.24,182.92,0.021,False,,,False,False
d99cc957ee,2.25.144941557565802351596730914409170713112,hip,rhip,l4_edge_left,157.81,15.91,0.0147,False,,,False,False
d99cc957ee,2.25.144941557565802351596730914409170713112,hip,rhip,trochanter_major,197.76,83.72,0.4523,True,198.67,86.22,True,True
d99cc957ee,2.25.144941557565802351596730914409170713112,hip,rhip,trochanter_lateral,233.09,135.98,0.3049,True,231.77,136.05,True,True
d99cc957ee,2.25.144941557565802351596730914409170713112,hip,rhip,trochanter_minor,151.06,184.3,0.1559,False,,,False,True
d99cc957ee,2.25.144941557565802351596730914409170713112,hip,rhip,femoral_head_center,125.03,92.0,0.2528,True,125.5,100.51,True,True
d99cc957ee,2.25.144941557565802351596730914409170713112,hip,rhip,neck_center,148.57,118.72,0.3195,True,147.8,119.32,True,True
d99cc957ee,2.25.144941557565802351596730914409170713112,hip,rhip,ischium_bottom,71.67,186.29,0.2079,True,75.67,187.27,True,True
d99cc957ee,2.25.144941557565802351596730914409170713112,hip,rhip,shaft_lateral,217.01,186.83,0.1886,True,215.78,201.61,True,True
d99cc957ee,2.25.144941557565802351596730914409170713112,hip,rhip,shaft_medial,154.85,184.45,0.2178,True,157.66,206.01,True,True
63c60cb374,2.25.165355673991587715046346525964554729786,hip,lhip,th12_top,208.77,85.32,0.0236,False,,,False,False
63c60cb374,2.25.165355673991587715046346525964554729786,hip,lhip,th12_bottom,228.96,141.75,0.027,False,,,False,False
63c60cb374,2.25.165355673991587715046346525964554729786,hip,lhip,l1_center,153.51,106.66,0.0424,False,,,False,False
63c60cb374,2.25.165355673991587715046346525964554729786,hip,lhip,l2_center,161.19,107.96,0.0264,False,,,False,False
63c60cb374,2.25.165355673991587715046346525964554729786,hip,lhip,l3_center,137.76,175.44,0.0298,False,,,False,False
63c60cb374,2.25.165355673991587715046346525964554729786,hip,lhip,l4_center,158.78,257.68,0.0228,False,,,False,False
63c60cb374,2.25.165355673991587715046346525964554729786,hip,lhip,iliac_right,148.42,2.25,0.0217,False,,,False,False
63c60cb374,2.25.165355673991587715046346525964554729786,hip,lhip,iliac_left,209.7,183.93,0.0217,False,,,False,False
63c60cb374,2.25.165355673991587715046346525964554729786,hip,lhip,disc_th12_l1,209.98,85.61,0.0292,False,,,False,False
63c60cb374,2.25.165355673991587715046346525964554729786,hip,lhip,disc_l1_l2,229.14,141.72,0.0286,False,,,False,False
63c60cb374,2.25.165355673991587715046346525964554729786,hip,lhip,disc_l2_l3,229.1,93.08,0.0169,False,,,False,False
63c60cb374,2.25.165355673991587715046346525964554729786,hip,lhip,disc_l3_l4,209.0,84.88,0.0471,False,,,False,False
63c60cb374,2.25.165355673991587715046346525964554729786,hip,lhip,disc_l4_l5,155.19,170.86,0.0344,False,,,False,False
63c60cb374,2.25.165355673991587715046346525964554729786,hip,lhip,l1_edge_right,146.77,230.86,0.0153,False,,,False,False
63c60cb374,2.25.165355673991587715046346525964554729786,hip,lhip,l1_edge_left,149.7,1.27,0.0197,False,,,False,False
63c60cb374,2.25.165355673991587715046346525964554729786,hip,lhip,l2_edge_right,53.39,176.88,0.019,False,,,False,False
63c60cb374,2.25.165355673991587715046346525964554729786,hip,lhip,l2_edge_left,197.05,251.0,0.0156,False,,,False,False
63c60cb374,2.25.165355673991587715046346525964554729786,hip,lhip,l3_edge_right,229.22,139.56,0.0248,False,,,False,False
63c60cb374,2.25.165355673991587715046346525964554729786,hip,lhip,l3_edge_left,196.91,251.93,0.019,False,,,False,False
63c60cb374,2.25.165355673991587715046346525964554729786,hip,lhip,l4_edge_right,148.18,177.45,0.0315,False,,,False,False
63c60cb374,2.25.165355673991587715046346525964554729786,hip,lhip,l4_edge_left,148.71,180.4,0.0171,False,,,False,False
63c60cb374,2.25.165355673991587715046346525964554729786,hip,lhip,trochanter_major,209.92,84.81,0.2763,True,207.78,86.68,True,True
63c60cb374,2.25.165355673991587715046346525964554729786,hip,lhip,trochanter_lateral,229.33,141.31,0.1629,True,230.18,135.21,True,True
63c60cb374,2.25.165355673991587715046346525964554729786,hip,lhip,trochanter_minor,139.16,174.76,0.3389,True,139.58,174.57,True,True
63c60cb374,2.25.165355673991587715046346525964554729786,hip,lhip,femoral_head_center,124.91,82.86,0.2518,True,131.43,86.0,True,True
63c60cb374,2.25.165355673991587715046346525964554729786,hip,lhip,neck_center,152.86,107.0,0.2702,True,151.79,108.4,True,True
63c60cb374,2.25.165355673991587715046346525964554729786,hip,lhip,ischium_bottom,54.41,179.5,0.3765,True,54.4,180.0,True,True
63c60cb374,2.25.165355673991587715046346525964554729786,hip,lhip,shaft_lateral,209.99,183.58,0.2136,True,211.09,179.54,True,True
63c60cb374,2.25.165355673991587715046346525964554729786,hip,lhip,shaft_medial,151.61,176.15,0.3678,True,153.1,175.14,True,True
ddcccf36e1,2.25.37515662379281069436632838996073181551,hip,lhip,th12_top,204.7,61.53,0.0283,False,,,False,False
ddcccf36e1,2.25.37515662379281069436632838996073181551,hip,lhip,th12_bottom,239.68,116.78,0.0387,False,,,False,False
ddcccf36e1,2.25.37515662379281069436632838996073181551,hip,lhip,l1_center,156.77,96.67,0.0579,False,,,False,False
ddcccf36e1,2.25.37515662379281069436632838996073181551,hip,lhip,l2_center,163.86,96.2,0.0228,False,,,False,False
ddcccf36e1,2.25.37515662379281069436632838996073181551,hip,lhip,l3_center,164.7,159.69,0.0395,False,,,False,False
ddcccf36e1,2.25.37515662379281069436632838996073181551,hip,lhip,l4_center,121.93,85.4,0.0209,False,,,False,False
ddcccf36e1,2.25.37515662379281069436632838996073181551,hip,lhip,iliac_right,204.86,60.07,0.0203,False,,,False,False
ddcccf36e1,2.25.37515662379281069436632838996073181551,hip,lhip,iliac_left,227.35,158.85,0.02,False,,,False,False
ddcccf36e1,2.25.37515662379281069436632838996073181551,hip,lhip,disc_th12_l1,205.74,61.53,0.0355,False,,,False,False
ddcccf36e1,2.25.37515662379281069436632838996073181551,hip,lhip,disc_l1_l2,239.96,116.07,0.0445,False,,,False,False
ddcccf36e1,2.25.37515662379281069436632838996073181551,hip,lhip,disc_l2_l3,134.11,10.96,0.0208,False,,,False,False
ddcccf36e1,2.25.37515662379281069436632838996073181551,hip,lhip,disc_l3_l4,204.9,60.75,0.0555,False,,,False,False
ddcccf36e1,2.25.37515662379281069436632838996073181551,hip,lhip,disc_l4_l5,175.92,154.27,0.0275,False,,,False,False
ddcccf36e1,2.25.37515662379281069436632838996073181551,hip,lhip,l1_edge_right,247.09,162.85,0.0155,False,,,False,False
ddcccf36e1,2.25.37515662379281069436632838996073181551,hip,lhip,l1_edge_left,192.81,61.29,0.0174,False,,,False,False
ddcccf36e1,2.25.37515662379281069436632838996073181551,hip,lhip,l2_edge_right,96.28,5.98,0.0168,False,,,False,False
ddcccf36e1,2.25.37515662379281069436632838996073181551,hip,lhip,l2_edge_left,172.6,2.25,0.0151,False,,,False,False
ddcccf36e1,2.25.37515662379281069436632838996073181551,hip,lhip,l3_edge_right,240.66,114.17,0.0302,False,,,False,False
ddcccf36e1,2.25.37515662379281069436632838996073181551,hip,lhip,l3_edge_left,172.87,4.23,0.0183,False,,,False,False
ddcccf36e1,2.25.37515662379281069436632838996073181551,hip,lhip,l4_edge_right,170.42,162.6,0.0331,False,,,False,False
ddcccf36e1,2.25.37515662379281069436632838996073181551,hip,lhip,l4_edge_left,81.01,176.94,0.0153,False,,,False,False
ddcccf36e1,2.25.37515662379281069436632838996073181551,hip,lhip,trochanter_major,205.17,60.69,0.4507,True,204.54,60.34,True,True
ddcccf36e1,2.25.37515662379281069436632838996073181551,hip,lhip,trochanter_lateral,240.46,116.09,0.2859,True,239.42,97.61,True,True
ddcccf36e1,2.25.37515662379281069436632838996073181551,hip,lhip,trochanter_minor,166.28,160.4,0.3112,True,165.56,160.52,True,True
ddcccf36e1,2.25.37515662379281069436632838996073181551,hip,lhip,femoral_head_center,129.88,83.28,0.3077,True,130.68,84.27,True,True
ddcccf36e1,2.25.37515662379281069436632838996073181551,hip,lhip,neck_center,156.67,97.27,0.3953,True,154.96,95.9,True,True
ddcccf36e1,2.25.37515662379281069436632838996073181551,hip,lhip,ischium_bottom,95.84,177.93,0.1784,True,91.36,179.33,True,True
ddcccf36e1,2.25.37515662379281069436632838996073181551,hip,lhip,shaft_lateral,228.25,158.08,0.2349,True,229.35,157.13,True,True
ddcccf36e1,2.25.37515662379281069436632838996073181551,hip,lhip,shaft_medial,171.82,159.62,0.3534,True,171.75,159.76,True,True
74d2a53cf7,2.25.220866240977467582196609708837940253840,spine,spine,th12_top,93.59,6.88,0.0876,True,92.65,7.77,True,True
74d2a53cf7,2.25.220866240977467582196609708837940253840,spine,spine,th12_bottom,97.09,48.83,0.2404,True,97.68,51.53,True,True
74d2a53cf7,2.25.220866240977467582196609708837940253840,spine,spine,l1_center,100.63,80.61,0.3488,True,100.23,82.12,True,True
74d2a53cf7,2.25.220866240977467582196609708837940253840,spine,spine,l2_center,109.85,137.29,0.3604,True,111.2,137.71,True,True
74d2a53cf7,2.25.220866240977467582196609708837940253840,spine,spine,l3_center,121.01,197.52,0.3209,True,122.77,196.4,True,True
74d2a53cf7,2.25.220866240977467582196609708837940253840,spine,spine,l4_center,131.36,256.34,0.2714,True,129.88,261.22,True,True
74d2a53cf7,2.25.220866240977467582196609708837940253840,spine,spine,iliac_right,1.53,298.93,0.0258,False,0.37,298.73,True,True
74d2a53cf7,2.25.220866240977467582196609708837940253840,spine,spine,iliac_left,266.35,280.07,0.1816,True,262.5,279.36,True,True
74d2a53cf7,2.25.220866240977467582196609708837940253840,spine,spine,disc_th12_l1,97.31,53.33,0.3735,True,97.94,54.36,True,True
74d2a53cf7,2.25.220866240977467582196609708837940253840,spine,spine,disc_l1_l2,104.61,109.32,0.3107,True,103.79,108.79,True,True
74d2a53cf7,2.25.220866240977467582196609708837940253840,spine,spine,disc_l2_l3,114.82,165.85,0.4063,True,117.23,166.94,True,True
74d2a53cf7,2.25.220866240977467582196609708837940253840,spine,spine,disc_l3_l4,126.83,226.7,0.4252,True,126.71,230.25,True,True
74d2a53cf7,2.25.220866240977467582196609708837940253840,spine,spine,disc_l4_l5,133.89,289.51,0.1942,True,133.15,291.67,True,True
74d2a53cf7,2.25.220866240977467582196609708837940253840,spine,spine,l1_edge_right,67.21,87.49,0.2948,True,66.76,88.11,True,True
74d2a53cf7,2.25.220866240977467582196609708837940253840,spine,spine,l1_edge_left,133.92,77.13,0.2458,True,132.99,80.12,True,True
74d2a53cf7,2.25.220866240977467582196609708837940253840,spine,spine,l2_edge_right,78.57,144.71,0.4183,True,79.34,144.06,True,True
74d2a53cf7,2.25.220866240977467582196609708837940253840,spine,spine,l2_edge_left,142.0,132.23,0.4722,True,142.73,134.27,True,True
74d2a53cf7,2.25.220866240977467582196609708837940253840,spine,spine,l3_edge_right,88.79,202.51,0.5114,True,89.47,201.92,True,True
74d2a53cf7,2.25.220866240977467582196609708837940253840,spine,spine,l3_edge_left,155.45,192.79,0.4279,True,155.9,191.79,True,True
74d2a53cf7,2.25.220866240977467582196609708837940253840,spine,spine,l4_edge_right,94.17,262.0,0.4082,True,95.12,265.42,True,True
74d2a53cf7,2.25.220866240977467582196609708837940253840,spine,spine,l4_edge_left,166.48,253.75,0.3665,True,167.0,255.68,True,True
74d2a53cf7,2.25.220866240977467582196609708837940253840,spine,spine,trochanter_major,100.54,78.88,0.0356,False,,,False,False
74d2a53cf7,2.25.220866240977467582196609708837940253840,spine,spine,trochanter_lateral,88.59,202.94,0.0546,False,,,False,False
74d2a53cf7,2.25.220866240977467582196609708837940253840,spine,spine,trochanter_minor,121.47,198.32,0.0648,False,,,False,False
74d2a53cf7,2.25.220866240977467582196609708837940253840,spine,spine,femoral_head_center,97.54,53.05,0.0651,False,,,False,False
74d2a53cf7,2.25.220866240977467582196609708837940253840,spine,spine,neck_center,97.61,53.54,0.0914,False,,,False,False
74d2a53cf7,2.25.220866240977467582196609708837940253840,spine,spine,ischium_bottom,103.45,81.33,0.0518,False,,,False,False
74d2a53cf7,2.25.220866240977467582196609708837940253840,spine,spine,shaft_lateral,262.98,280.98,0.0188,False,,,False,False
74d2a53cf7,2.25.220866240977467582196609708837940253840,spine,spine,shaft_medial,132.59,257.29,0.0352,False,,,False,False
e63c26426b,2.25.234651502352368356456298825489565282446,spine,spine,th12_top,147.98,3.6,0.0796,True,,,False,True
e63c26426b,2.25.234651502352368356456298825489565282446,spine,spine,th12_bottom,150.9,39.28,0.1942,True,152.16,35.03,True,True
e63c26426b,2.25.234651502352368356456298825489565282446,spine,spine,l1_center,152.2,62.22,0.2583,True,153.19,62.24,True,True
e63c26426b,2.25.234651502352368356456298825489565282446,spine,spine,l2_center,158.29,114.76,0.3292,True,157.75,114.18,True,True
e63c26426b,2.25.234651502352368356456298825489565282446,spine,spine,l3_center,162.94,166.67,0.4371,True,166.22,165.31,True,True
e63c26426b,2.25.234651502352368356456298825489565282446,spine,spine,l4_center,161.41,221.53,0.3956,True,159.73,223.19,True,True
e63c26426b,2.25.234651502352368356456298825489565282446,spine,spine,iliac_right,57.92,260.86,0.1648,True,62.14,261.93,True,True
e63c26426b,2.25.234651502352368356456298825489565282446,spine,spine,iliac_left,249.85,258.85,0.1588,True,247.12,258.68,True,True
e63c26426b,2.25.234651502352368356456298825489565282446,spine,spine,disc_th12_l1,150.8,44.79,0.1519,True,151.54,39.06,True,True
e63c26426b,2.25.234651502352368356456298825489565282446,spine,spine,disc_l1_l2,155.7,89.82,0.3679,True,156.33,88.41,True,True
e63c26426b,2.25.234651502352368356456298825489565282446,spine,spine,disc_l2_l3,161.4,139.7,0.3141,True,162.72,138.99,True,True
e63c26426b,2.25.234651502352368356456298825489565282446,spine,spine,disc_l3_l4,161.79,194.11,0.4991,True,164.39,194.66,True,True
e63c26426b,2.25.234651502352368356456298825489565282446,spine,spine,disc_l4_l5,157.14,250.3,0.3105,True,156.84,247.75,True,True
e63c26426b,2.25.234651502352368356456298825489565282446,spine,spine,l1_edge_right,120.82,67.71,0.3404,True,120.77,66.0,True,True
e63c26426b,2.25.234651502352368356456298825489565282446,spine,spine,l1_edge_left,183.92,63.51,0.3692,True,184.33,61.46,True,True
e63c26426b,2.25.234651502352368356456298825489565282446,spine,spine,l2_edge_right,125.87,120.38,0.4636,True,124.56,115.94,True,True
e63c26426b,2.25.234651502352368356456298825489565282446,spine,spine,l2_edge_left,190.21,111.98,0.415,True,191.52,111.78,True,True
e63c26426b,2.25.234651502352368356456298825489565282446,spine,spine,l3_edge_right,127.73,168.56,0.5316,True,128.72,168.15,True,True
e63c26426b,2.25.234651502352368356456298825489565282446,spine,spine,l3_edge_left,199.68,167.01,0.3957,True,200.22,165.88,True,True
e63c26426b,2.25.234651502352368356456298825489565282446,spine,spine,l4_edge_right,121.58,220.98,0.4628,True,122.67,221.88,True,True
e63c26426b,2.25.234651502352368356456298825489565282446,spine,spine,l4_edge_left,199.71,225.83,0.4122,True,201.36,226.8,True,True
e63c26426b,2.25.234651502352368356456298825489565282446,spine,spine,trochanter_major,153.95,86.64,0.0191,False,,,False,False
e63c26426b,2.25.234651502352368356456298825489565282446,spine,spine,trochanter_lateral,151.87,39.09,0.0444,False,,,False,False
e63c26426b,2.25.234651502352368356456298825489565282446,spine,spine,trochanter_minor,165.1,167.7,0.0297,False,,,False,False
e63c26426b,2.25.234651502352368356456298825489565282446,spine,spine,femoral_head_center,151.66,44.54,0.0329,False,,,False,False
e63c26426b,2.25.234651502352368356456298825489565282446,spine,spine,neck_center,151.75,62.36,0.0472,False,,,False,False
e63c26426b,2.25.234651502352368356456298825489565282446,spine,spine,ischium_bottom,124.22,123.78,0.0332,False,,,False,False
e63c26426b,2.25.234651502352368356456298825489565282446,spine,spine,shaft_lateral,246.54,260.8,0.022,False,,,False,False
e63c26426b,2.25.234651502352368356456298825489565282446,spine,spine,shaft_medial,161.68,223.19,0.0395,False,,,False,False
68c9b7310c,2.25.135241889065705954191821710363605596815,spine,spine,th12_top,143.8,4.88,0.0352,False,148.49,25.16,True,True
68c9b7310c,2.25.135241889065705954191821710363605596815,spine,spine,th12_bottom,144.69,15.38,0.206,True,150.14,71.1,True,True
68c9b7310c,2.25.135241889065705954191821710363605596815,spine,spine,l1_center,146.35,48.67,0.2969,True,151.23,99.94,True,True
68c9b7310c,2.25.135241889065705954191821710363605596815,spine,spine,l2_center,153.19,150.69,0.2695,True,153.47,151.68,True,True
68c9b7310c,2.25.135241889065705954191821710363605596815,spine,spine,l3_center,153.97,210.89,0.3065,True,155.27,210.61,True,True
68c9b7310c,2.25.135241889065705954191821710363605596815,spine,spine,l4_center,154.25,274.41,0.3556,True,154.37,273.13,True,True
68c9b7310c,2.25.135241889065705954191821710363605596815,spine,spine,iliac_right,10.2,286.96,0.06,True,15.82,288.43,True,True
68c9b7310c,2.25.135241889065705954191821710363605596815,spine,spine,iliac_left,290.22,272.14,0.2405,True,291.13,273.13,True,True
68c9b7310c,2.25.135241889065705954191821710363605596815,spine,spine,disc_th12_l1,144.66,21.51,0.2898,True,150.01,76.39,True,True
68c9b7310c,2.25.135241889065705954191821710363605596815,spine,spine,disc_l1_l2,148.8,75.47,0.2008,False,152.15,120.35,True,True
68c9b7310c,2.25.135241889065705954191821710363605596815,spine,spine,disc_l2_l3,154.36,177.95,0.3603,True,155.61,180.13,True,True
68c9b7310c,2.25.135241889065705954191821710363605596815,spine,spine,disc_l3_l4,155.71,240.42,0.3227,True,155.81,240.02,True,True
68c9b7310c,2.25.135241889065705954191821710363605596815,spine,spine,disc_l4_l5,152.84,305.39,0.4677,True,154.29,301.58,True,True
68c9b7310c,2.25.135241889065705954191821710363605596815,spine,spine,l1_edge_right,106.11,50.05,0.2494,True,107.6,103.22,True,True
68c9b7310c,2.25.135241889065705954191821710363605596815,spine,spine,l1_edge_left,186.46,46.98,0.2944,True,193.07,94.67,True,True
68c9b7310c,2.25.135241889065705954191821710363605596815,spine,spine,l2_edge_right,112.35,152.88,0.2455,True,111.65,155.85,True,True
68c9b7310c,2.25.135241889065705954191821710363605596815,spine,spine,l2_edge_left,197.02,152.45,0.3251,True,198.92,150.0,True,True
68c9b7310c,2.25.135241889065705954191821710363605596815,spine,spine,l3_edge_right,111.64,213.16,0.408,True,112.55,213.43,True,True
68c9b7310c,2.25.135241889065705954191821710363605596815,spine,spine,l3_edge_left,199.85,209.64,0.3922,True,199.82,210.28,True,True
68c9b7310c,2.25.135241889065705954191821710363605596815,spine,spine,l4_edge_right,107.13,274.65,0.3968,True,110.3,274.16,True,True
68c9b7310c,2.25.135241889065705954191821710363605596815,spine,spine,l4_edge_left,199.76,275.42,0.3277,True,201.17,272.36,True,True
68c9b7310c,2.25.135241889065705954191821710363605596815,spine,spine,trochanter_major,146.68,46.84,0.0273,False,,,False,False
68c9b7310c,2.25.135241889065705954191821710363605596815,spine,spine,trochanter_lateral,144.93,15.12,0.0475,False,,,False,False
68c9b7310c,2.25.135241889065705954191821710363605596815,spine,spine,trochanter_minor,154.95,212.01,0.0426,False,,,False,False
68c9b7310c,2.25.135241889065705954191821710363605596815,spine,spine,femoral_head_center,182.56,47.23,0.0285,False,,,False,False
68c9b7310c,2.25.135241889065705954191821710363605596815,spine,spine,neck_center,145.54,49.71,0.0304,False,,,False,False
68c9b7310c,2.25.135241889065705954191821710363605596815,spine,spine,ischium_bottom,106.66,107.17,0.0364,False,,,False,False
68c9b7310c,2.25.135241889065705954191821710363605596815,spine,spine,shaft_lateral,151.52,312.93,0.0222,False,,,False,False
68c9b7310c,2.25.135241889065705954191821710363605596815,spine,spine,shaft_medial,154.75,276.06,0.034,False,,,False,False
c1a30f41c9,2.25.91981043841368764114007975581101713077,spine,spine,th12_top,138.38,63.55,0.0345,False,,,False,True
c1a30f41c9,2.25.91981043841368764114007975581101713077,spine,spine,th12_bottom,135.98,0.95,0.0786,False,,,False,True
c1a30f41c9,2.25.91981043841368764114007975581101713077,spine,spine,l1_center,136.52,32.23,0.254,True,136.77,32.2,True,True
c1a30f41c9,2.25.91981043841368764114007975581101713077,spine,spine,l2_center,139.21,94.37,0.3577,True,141.93,93.37,True,True
c1a30f41c9,2.25.91981043841368764114007975581101713077,spine,spine,l3_center,143.98,157.6,0.2767,True,147.86,156.09,True,True
c1a30f41c9,2.25.91981043841368764114007975581101713077,spine,spine,l4_center,144.89,226.51,0.1905,True,145.51,221.4,True,True
c1a30f41c9,2.25.91981043841368764114007975581101713077,spine,spine,iliac_right,20.51,265.82,0.1532,True,21.73,266.44,True,True
c1a30f41c9,2.25.91981043841368764114007975581101713077,spine,spine,iliac_left,287.83,263.46,0.1081,True,271.86,265.2,True,True
c1a30f41c9,2.25.91981043841368764114007975581101713077,spine,spine,disc_th12_l1,136.33,2.94,0.2296,True,135.96,5.29,True,True
c1a30f41c9,2.25.91981043841368764114007975581101713077,spine,spine,disc_l1_l2,138.04,64.49,0.3348,True,139.78,64.23,True,True
c1a30f41c9,2.25.91981043841368764114007975581101713077,spine,spine,disc_l2_l3,142.4,124.33,0.2104,True,143.81,123.95,True,True
c1a30f41c9,2.25.91981043841368764114007975581101713077,spine,spine,disc_l3_l4,145.98,189.7,0.3288,True,145.72,188.82,True,True
c1a30f41c9,2.25.91981043841368764114007975581101713077,spine,spine,disc_l4_l5,143.06,253.85,0.2804,True,144.42,252.44,True,True
c1a30f41c9,2.25.91981043841368764114007975581101713077,spine,spine,l1_edge_right,99.34,33.06,0.3806,True,98.63,34.92,True,True
c1a30f41c9,2.25.91981043841368764114007975581101713077,spine,spine,l1_edge_left,173.47,30.91,0.3832,True,174.7,31.2,True,True
c1a30f41c9,2.25.91981043841368764114007975581101713077,spine,spine,l2_edge_right,103.27,96.73,0.4688,True,103.59,97.35,True,True
c1a30f41c9,2.25.91981043841368764114007975581101713077,spine,spine,l2_edge_left,177.27,91.56,0.3675,True,177.18,94.87,True,True
c1a30f41c9,2.25.91981043841368764114007975581101713077,spine,spine,l3_edge_right,106.87,159.91,0.487,True,107.31,158.12,True,True
c1a30f41c9,2.25.91981043841368764114007975581101713077,spine,spine,l3_edge_left,184.14,154.87,0.2986,True,183.8,154.81,True,True
c1a30f41c9,2.25.91981043841368764114007975581101713077,spine,spine,l4_edge_right,106.37,225.84,0.459,True,104.83,218.07,True,True
c1a30f41c9,2.25.91981043841368764114007975581101713077,spine,spine,l4_edge_left,186.7,227.12,0.3546,True,187.93,218.48,True,True
c1a30f41c9,2.25.91981043841368764114007975581101713077,spine,spine,trochanter_major,136.5,30.2,0.0266,False,,,False,False
c1a30f41c9,2.25.91981043841368764114007975581101713077,spine,spine,trochanter_lateral,106.66,160.46,0.0245,False,,,False,False
c1a30f41c9,2.25.91981043841368764114007975581101713077,spine,spine,trochanter_minor,143.68,158.22,0.0262,False,,,False,False
c1a30f41c9,2.25.91981043841368764114007975581101713077,spine,spine,femoral_head_center,136.91,2.4,0.0542,False,,,False,False
c1a30f41c9,2.25.91981043841368764114007975581101713077,spine,spine,neck_center,136.23,3.08,0.0442,False,,,False,False
c1a30f41c9,2.25.91981043841368764114007975581101713077,spine,spine,ischium_bottom,98.41,37.95,0.0385,False,,,False,False
c1a30f41c9,2.25.91981043841368764114007975581101713077,spine,spine,shaft_lateral,138.27,259.47,0.0183,False,,,False,False
c1a30f41c9,2.25.91981043841368764114007975581101713077,spine,spine,shaft_medial,107.32,103.09,0.0311,False,,,False,False
960a3fff0b,2.25.165355673991587715046346525964554729786,spine,spine,th12_top,143.75,70.92,0.05,True,147.52,32.47,True,True
960a3fff0b,2.25.165355673991587715046346525964554729786,spine,spine,th12_bottom,146.2,23.82,0.2406,True,145.64,71.01,True,True
960a3fff0b,2.25.165355673991587715046346525964554729786,spine,spine,l1_center,145.01,49.01,0.3511,True,145.32,100.34,True,True
960a3fff0b,2.25.165355673991587715046346525964554729786,spine,spine,l2_center,143.5,96.42,0.3469,True,145.81,149.67,True,True
960a3fff0b,2.25.165355673991587715046346525964554729786,spine,spine,l3_center,143.61,146.84,0.1979,True,148.29,202.88,True,True
960a3fff0b,2.25.165355673991587715046346525964554729786,spine,spine,l4_center,147.2,201.01,0.1853,True,149.75,255.99,True,True
960a3fff0b,2.25.165355673991587715046346525964554729786,spine,spine,iliac_right,19.8,276.85,0.1612,True,19.28,276.64,True,True
960a3fff0b,2.25.165355673991587715046346525964554729786,spine,spine,iliac_left,266.44,272.64,0.1211,True,274.28,272.36,True,True
960a3fff0b,2.25.165355673991587715046346525964554729786,spine,spine,disc_th12_l1,146.23,28.79,0.2954,True,145.52,74.35,True,True
960a3fff0b,2.25.165355673991587715046346525964554729786,spine,spine,disc_l1_l2,143.89,72.02,0.3598,True,144.66,123.83,True,True
960a3fff0b,2.25.165355673991587715046346525964554729786,spine,spine,disc_l2_l3,143.17,123.09,0.2011,True,147.79,175.06,True,True
960a3fff0b,2.25.165355673991587715046346525964554729786,spine,spine,disc_l3_l4,145.87,174.1,0.4232,True,148.45,231.14,True,True
960a3fff0b,2.25.165355673991587715046346525964554729786,spine,spine,disc_l4_l5,147.45,231.27,0.3372,True,151.33,278.86,True,True
960a3fff0b,2.25.165355673991587715046346525964554729786,spine,spine,l1_edge_right,116.18,48.1,0.2514,True,113.22,99.1,True,True
960a3fff0b,2.25.165355673991587715046346525964554729786,spine,spine,l1_edge_left,175.57,49.85,0.3171,True,173.39,99.1,True,True
960a3fff0b,2.25.165355673991587715046346525964554729786,spine,spine,l2_edge_right,112.62,97.28,0.2072,True,111.98,149.79,True,True
960a3fff0b,2.25.165355673991587715046346525964554729786,spine,spine,l2_edge_left,174.48,97.0,0.2906,True,176.27,150.21,True,True
960a3fff0b,2.25.165355673991587715046346525964554729786,spine,spine,l3_edge_right,110.83,149.53,0.2358,True,113.63,205.43,True,True
960a3fff0b,2.25.165355673991587715046346525964554729786,spine,spine,l3_edge_left,176.88,148.73,0.2881,True,179.98,203.78,True,True
960a3fff0b,2.25.165355673991587715046346525964554729786,spine,spine,l4_edge_right,112.53,203.7,0.2318,True,111.16,256.54,True,True
960a3fff0b,2.25.165355673991587715046346525964554729786,spine,spine,l4_edge_left,180.97,201.91,0.0841,True,185.75,254.07,True,True
960a3fff0b,2.25.165355673991587715046346525964554729786,spine,spine,trochanter_major,144.73,46.85,0.0314,False,,,False,False
960a3fff0b,2.25.165355673991587715046346525964554729786,spine,spine,trochanter_lateral,148.62,23.3,0.0287,False,,,False,False
960a3fff0b,2.25.165355673991587715046346525964554729786,spine,spine,trochanter_minor,147.06,200.16,0.0229,False,,,False,False
960a3fff0b,2.25.165355673991587715046346525964554729786,spine,spine,femoral_head_center,147.25,28.25,0.0417,False,,,False,False
960a3fff0b,2.25.165355673991587715046346525964554729786,spine,spine,neck_center,146.02,29.22,0.0719,False,,,False,False
960a3fff0b,2.25.165355673991587715046346525964554729786,spine,spine,ischium_bottom,110.61,100.26,0.0529,False,,,False,False
960a3fff0b,2.25.165355673991587715046346525964554729786,spine,spine,shaft_lateral,146.02,239.2,0.0246,False,,,False,False
960a3fff0b,2.25.165355673991587715046346525964554729786,spine,spine,shaft_medial,147.3,205.61,0.024,False,,,False,False
fbbee4d989,2.25.169242707068684757906797344800977707240,spine,spine,th12_top,155.47,35.61,0.0368,False,,,False,True
fbbee4d989,2.25.169242707068684757906797344800977707240,spine,spine,th12_bottom,155.88,32.96,0.1261,True,156.56,36.87,True,True
fbbee4d989,2.25.169242707068684757906797344800977707240,spine,spine,l1_center,157.9,59.3,0.3002,True,157.92,62.8,True,True
fbbee4d989,2.25.169242707068684757906797344800977707240,spine,spine,l2_center,159.96,105.7,0.2747,True,160.43,107.47,True,True
fbbee4d989,2.25.169242707068684757906797344800977707240,spine,spine,l3_center,156.54,154.94,0.3122,True,155.52,154.08,True,True
fbbee4d989,2.25.169242707068684757906797344800977707240,spine,spine,l4_center,151.32,208.72,0.281,True,151.6,204.9,True,True
fbbee4d989,2.25.169242707068684757906797344800977707240,spine,spine,iliac_right,19.2,212.06,0.2252,True,23.68,212.06,True,True
fbbee4d989,2.25.169242707068684757906797344800977707240,spine,spine,iliac_left,283.49,210.4,0.1807,True,288.41,209.48,True,True
fbbee4d989,2.25.169242707068684757906797344800977707240,spine,spine,disc_th12_l1,155.93,37.25,0.1849,True,156.21,39.8,True,True
fbbee4d989,2.25.169242707068684757906797344800977707240,spine,spine,disc_l1_l2,159.7,83.88,0.2861,True,159.22,84.04,True,True
fbbee4d989,2.25.169242707068684757906797344800977707240,spine,spine,disc_l2_l3,158.54,130.64,0.2726,True,159.21,130.83,True,True
fbbee4d989,2.25.169242707068684757906797344800977707240,spine,spine,disc_l3_l4,153.98,181.37,0.4423,True,154.74,180.53,True,True
fbbee4d989,2.25.169242707068684757906797344800977707240,spine,spine,disc_l4_l5,149.05,240.28,0.1268,True,150.37,231.02,True,True
fbbee4d989,2.25.169242707068684757906797344800977707240,spine,spine,l1_edge_right,128.44,63.1,0.2649,True,128.42,63.16,True,True
fbbee4d989,2.25.169242707068684757906797344800977707240,spine,spine,l1_edge_left,186.37,58.71,0.2543,True,188.44,63.9,True,True
fbbee4d989,2.25.169242707068684757906797344800977707240,spine,spine,l2_edge_right,131.02,107.6,0.332,True,131.75,110.96,True,True
fbbee4d989,2.25.169242707068684757906797344800977707240,spine,spine,l2_edge_left,189.85,109.06,0.2804,True,190.67,108.36,True,True
fbbee4d989,2.25.169242707068684757906797344800977707240,spine,spine,l3_edge_right,125.1,155.2,0.5742,True,125.82,154.31,True,True
fbbee4d989,2.25.169242707068684757906797344800977707240,spine,spine,l3_edge_left,187.45,157.9,0.4228,True,186.96,155.42,True,True
fbbee4d989,2.25.169242707068684757906797344800977707240,spine,spine,l4_edge_right,116.92,207.12,0.3292,True,119.15,205.82,True,True
fbbee4d989,2.25.169242707068684757906797344800977707240,spine,spine,l4_edge_left,185.55,208.67,0.2798,True,186.59,204.7,True,True
fbbee4d989,2.25.169242707068684757906797344800977707240,spine,spine,trochanter_major,158.48,57.52,0.0306,False,,,False,False
fbbee4d989,2.25.169242707068684757906797344800977707240,spine,spine,trochanter_lateral,124.95,155.27,0.0443,False,,,False,False
fbbee4d989,2.25.169242707068684757906797344800977707240,spine,spine,trochanter_minor,156.24,155.79,0.0757,False,,,False,False
fbbee4d989,2.25.169242707068684757906797344800977707240,spine,spine,femoral_head_center,157.6,37.81,0.0334,False,,,False,False
fbbee4d989,2.25.169242707068684757906797344800977707240,spine,spine,neck_center,148.95,261.65,0.0248,False,,,False,False
fbbee4d989,2.25.169242707068684757906797344800977707240,spine,spine,ischium_bottom,126.49,67.93,0.0438,False,,,False,False
fbbee4d989,2.25.169242707068684757906797344800977707240,spine,spine,shaft_lateral,147.94,185.57,0.0149,False,,,False,False
fbbee4d989,2.25.169242707068684757906797344800977707240,spine,spine,shaft_medial,151.22,210.8,0.028,False,,,False,False
6180aac1db,2.25.173753313169335820519632380691065649420,spine,spine,th12_top,121.79,18.0,0.0295,False,,,False,True
6180aac1db,2.25.173753313169335820519632380691065649420,spine,spine,th12_bottom,122.2,14.73,0.2333,True,125.76,12.62,True,True
6180aac1db,2.25.173753313169335820519632380691065649420,spine,spine,l1_center,124.13,43.01,0.4489,True,125.79,43.97,True,True
6180aac1db,2.25.173753313169335820519632380691065649420,spine,spine,l2_center,127.23,97.77,0.4951,True,127.01,97.77,True,True
6180aac1db,2.25.173753313169335820519632380691065649420,spine,spine,l3_center,134.39,155.41,0.4544,True,136.42,155.75,True,True
6180aac1db,2.25.173753313169335820519632380691065649420,spine,spine,l4_center,141.3,216.07,0.3128,True,141.45,213.11,True,True
6180aac1db,2.25.173753313169335820519632380691065649420,spine,spine,iliac_right,24.8,225.86,0.2073,True,23.76,225.94,True,True
6180aac1db,2.25.173753313169335820519632380691065649420,spine,spine,iliac_left,270.2,215.01,0.1102,True,281.67,211.05,True,True
6180aac1db,2.25.173753313169335820519632380691065649420,spine,spine,disc_th12_l1,122.34,18.69,0.3869,True,125.65,17.23,True,True
6180aac1db,2.25.173753313169335820519632380691065649420,spine,spine,disc_l1_l2,125.88,69.32,0.3364,True,126.84,68.66,True,True
6180aac1db,2.25.173753313169335820519632380691065649420,spine,spine,disc_l2_l3,131.62,125.68,0.4181,True,132.36,124.33,True,True
6180aac1db,2.25.173753313169335820519632380691065649420,spine,spine,disc_l3_l4,138.05,184.1,0.5092,True,140.24,182.73,True,True
6180aac1db,2.25.173753313169335820519632380691065649420,spine,spine,disc_l4_l5,145.92,246.39,0.2191,True,145.04,244.22,True,True
6180aac1db,2.25.173753313169335820519632380691065649420,spine,spine,l1_edge_right,89.75,47.82,0.4747,True,91.19,47.73,True,True
6180aac1db,2.25.173753313169335820519632380691065649420,spine,spine,l1_edge_left,159.65,40.09,0.2277,True,162.3,41.12,True,True
6180aac1db,2.25.173753313169335820519632380691065649420,spine,spine,l2_edge_right,95.45,103.87,0.3989,True,96.98,103.55,True,True
6180aac1db,2.25.173753313169335820519632380691065649420,spine,spine,l2_edge_left,159.46,95.81,0.4429,True,161.06,96.11,True,True
6180aac1db,2.25.173753313169335820519632380691065649420,spine,spine,l3_edge_right,98.4,161.57,0.4714,True,99.46,161.84,True,True
6180aac1db,2.25.173753313169335820519632380691065649420,spine,spine,l3_edge_left,171.1,151.11,0.3661,True,172.22,151.51,True,True
6180aac1db,2.25.173753313169335820519632380691065649420,spine,spine,l4_edge_right,105.68,220.39,0.4664,True,106.07,217.66,True,True
6180aac1db,2.25.173753313169335820519632380691065649420,spine,spine,l4_edge_left,180.94,213.17,0.5155,True,179.25,210.21,True,True
6180aac1db,2.25.173753313169335820519632380691065649420,spine,spine,trochanter_major,123.93,41.41,0.0452,False,,,False,False
6180aac1db,2.25.173753313169335820519632380691065649420,spine,spine,trochanter_lateral,122.87,13.88,0.0387,False,,,False,False
6180aac1db,2.25.173753313169335820519632380691065649420,spine,spine,trochanter_minor,134.5,156.09,0.0398,False,,,False,False
6180aac1db,2.25.173753313169335820519632380691065649420,spine,spine,femoral_head_center,122.86,18.25,0.0568,False,,,False,False
6180aac1db,2.25.173753313169335820519632380691065649420,spine,spine,neck_center,122.55,18.9,0.0395,False,,,False,False
6180aac1db,2.25.173753313169335820519632380691065649420,spine,spine,ischium_bottom,124.01,44.19,0.0433,False,,,False,False
6180aac1db,2.25.173753313169335820519632380691065649420,spine,spine,shaft_lateral,90.08,54.09,0.0136,False,,,False,False
6180aac1db,2.25.173753313169335820519632380691065649420,spine,spine,shaft_medial,141.81,217.18,0.0387,False,,,False,False
9c75ed8e82,2.25.102965897799404973225419898683246248872,spine,spine,th12_top,142.32,3.66,0.1369,True,140.49,3.92,True,True
9c75ed8e82,2.25.102965897799404973225419898683246248872,spine,spine,th12_bottom,143.97,46.33,0.3196,True,143.83,43.41,True,True
9c75ed8e82,2.25.102965897799404973225419898683246248872,spine,spine,l1_center,145.64,74.89,0.484,True,144.26,74.15,True,True
9c75ed8e82,2.25.102965897799404973225419898683246248872,spine,spine,l2_center,148.27,129.56,0.568,True,147.57,131.17,True,True
9c75ed8e82,2.25.102965897799404973225419898683246248872,spine,spine,l3_center,148.78,185.94,0.3656,True,149.68,187.59,True,True
9c75ed8e82,2.25.102965897799404973225419898683246248872,spine,spine,l4_center,157.99,241.36,0.4162,True,158.82,237.36,True,True
9c75ed8e82,2.25.102965897799404973225419898683246248872,spine,spine,iliac_right,56.38,274.67,0.1639,True,58.9,276.46,True,True
9c75ed8e82,2.25.102965897799404973225419898683246248872,spine,spine,iliac_left,267.34,285.7,0.1052,True,266.54,286.29,True,True
9c75ed8e82,2.25.102965897799404973225419898683246248872,spine,spine,disc_th12_l1,143.99,50.21,0.4384,True,143.77,46.85,True,True
9c75ed8e82,2.25.102965897799404973225419898683246248872,spine,spine,disc_l1_l2,147.62,102.97,0.402,True,147.35,101.64,True,True
9c75ed8e82,2.25.102965897799404973225419898683246248872,spine,spine,disc_l2_l3,147.43,158.21,0.3684,True,148.02,158.33,True,True
9c75ed8e82,2.25.102965897799404973225419898683246248872,spine,spine,disc_l3_l4,152.72,213.3,0.4018,True,153.75,212.12,True,True
9c75ed8e82,2.25.102965897799404973225419898683246248872,spine,spine,disc_l4_l5,159.7,266.7,0.3925,True,157.99,263.97,True,True
9c75ed8e82,2.25.102965897799404973225419898683246248872,spine,spine,l1_edge_right,115.94,77.7,0.3413,True,117.13,76.36,True,True
9c75ed8e82,2.25.102965897799404973225419898683246248872,spine,spine,l1_edge_left,175.83,74.21,0.4323,True,175.29,73.08,True,True
9c75ed8e82,2.25.102965897799404973225419898683246248872,spine,spine,l2_edge_right,118.44,131.38,0.4737,True,120.82,135.74,True,True
9c75ed8e82,2.25.102965897799404973225419898683246248872,spine,spine,l2_edge_left,179.89,128.86,0.4097,True,181.02,132.88,True,True
9c75ed8e82,2.25.102965897799404973225419898683246248872,spine,spine,l3_edge_right,114.72,189.5,0.4185,True,115.09,189.39,True,True
9c75ed8e82,2.25.102965897799404973225419898683246248872,spine,spine,l3_edge_left,180.0,185.12,0.4775,True,180.61,186.53,True,True
9c75ed8e82,2.25.102965897799404973225419898683246248872,spine,spine,l4_edge_right,123.58,245.55,0.4726,True,124.1,240.59,True,True
9c75ed8e82,2.25.102965897799404973225419898683246248872,spine,spine,l4_edge_left,193.76,237.32,0.2835,True,194.95,234.44,True,True
9c75ed8e82,2.25.102965897799404973225419898683246248872,spine,spine,trochanter_major,144.89,72.84,0.0325,False,,,False,False
9c75ed8e82,2.25.102965897799404973225419898683246248872,spine,spine,trochanter_lateral,144.31,45.2,0.0384,False,,,False,False
9c75ed8e82,2.25.102965897799404973225419898683246248872,spine,spine,trochanter_minor,147.51,186.58,0.0228,False,,,False,False
9c75ed8e82,2.25.102965897799404973225419898683246248872,spine,spine,femoral_head_center,144.25,50.11,0.0592,False,,,False,False
9c75ed8e82,2.25.102965897799404973225419898683246248872,spine,spine,neck_center,144.77,76.47,0.0455,False,,,False,False
9c75ed8e82,2.25.102965897799404973225419898683246248872,spine,spine,ischium_bottom,116.44,133.98,0.0563,False,,,False,False
9c75ed8e82,2.25.102965897799404973225419898683246248872,spine,spine,shaft_lateral,158.64,273.63,0.0288,False,,,False,False
9c75ed8e82,2.25.102965897799404973225419898683246248872,spine,spine,shaft_medial,158.72,242.48,0.0414,False,,,False,False
b46f8856ce,2.25.167344201679287285499405412654740659745,spine,spine,th12_top,154.37,11.99,0.0535,True,,,False,True
b46f8856ce,2.25.167344201679287285499405412654740659745,spine,spine,th12_bottom,156.51,53.07,0.2487,True,154.52,54.34,True,True
b46f8856ce,2.25.167344201679287285499405412654740659745,spine,spine,l1_center,157.71,79.94,0.265,True,157.45,79.83,True,True
b46f8856ce,2.25.167344201679287285499405412654740659745,spine,spine,l2_center,158.16,129.03,0.4149,True,158.66,130.32,True,True
b46f8856ce,2.25.167344201679287285499405412654740659745,spine,spine,l3_center,154.2,180.88,0.487,True,155.14,180.84,True,True
b46f8856ce,2.25.167344201679287285499405412654740659745,spine,spine,l4_center,150.65,236.23,0.3874,True,150.6,237.09,True,True
b46f8856ce,2.25.167344201679287285499405412654740659745,spine,spine,iliac_right,24.41,263.17,0.2564,True,23.39,262.28,True,True
b46f8856ce,2.25.167344201679287285499405412654740659745,spine,spine,iliac_left,262.44,261.39,0.1451,True,261.98,260.52,True,True
b46f8856ce,2.25.167344201679287285499405412654740659745,spine,spine,disc_th12_l1,156.4,58.44,0.2461,True,155.49,59.9,True,True
b46f8856ce,2.25.167344201679287285499405412654740659745,spine,spine,disc_l1_l2,157.95,105.16,0.4475,True,159.07,104.29,True,True
b46f8856ce,2.25.167344201679287285499405412654740659745,spine,spine,disc_l2_l3,156.92,154.0,0.3718,True,159.03,153.61,True,True
b46f8856ce,2.25.167344201679287285499405412654740659745,spine,spine,disc_l3_l4,152.22,207.68,0.3662,True,154.1,207.78,True,True
b46f8856ce,2.25.167344201679287285499405412654740659745,spine,spine,disc_l4_l5,148.88,260.59,0.3696,True,148.07,260.89,True,True
b46f8856ce,2.25.167344201679287285499405412654740659745,spine,spine,l1_edge_right,127.19,81.94,0.2329,True,127.13,80.28,True,True
b46f8856ce,2.25.167344201679287285499405412654740659745,spine,spine,l1_edge_left,187.83,80.32,0.2223,True,187.87,78.0,True,True
b46f8856ce,2.25.167344201679287285499405412654740659745,spine,spine,l2_edge_right,127.78,129.11,0.3823,True,130.54,131.15,True,True
b46f8856ce,2.25.167344201679287285499405412654740659745,spine,spine,l2_edge_left,189.07,131.21,0.4402,True,188.63,130.01,True,True
b46f8856ce,2.25.167344201679287285499405412654740659745,spine,spine,l3_edge_right,121.75,180.02,0.4925,True,121.81,180.5,True,True
b46f8856ce,2.25.167344201679287285499405412654740659745,spine,spine,l3_edge_left,187.9,184.01,0.4207,True,188.25,181.26,True,True
b46f8856ce,2.25.167344201679287285499405412654740659745,spine,spine,l4_edge_right,114.94,235.72,0.3493,True,116.88,235.17,True,True
b46f8856ce,2.25.167344201679287285499405412654740659745,spine,spine,l4_edge_left,186.16,238.66,0.379,True,185.97,238.96,True,True
b46f8856ce,2.25.167344201679287285499405412654740659745,spine,spine,trochanter_major,157.25,77.77,0.0311,False,,,False,False
b46f8856ce,2.25.167344201679287285499405412654740659745,spine,spine,trochanter_lateral,121.71,180.31,0.0345,False,,,False,False
b46f8856ce,2.25.167344201679287285499405412654740659745,spine,spine,trochanter_minor,155.31,181.77,0.0423,False,,,False,False
b46f8856ce,2.25.167344201679287285499405412654740659745,spine,spine,femoral_head_center,156.87,58.32,0.0393,False,,,False,False
b46f8856ce,2.25.167344201679287285499405412654740659745,spine,spine,neck_center,156.05,80.67,0.023,False,,,False,False
b46f8856ce,2.25.167344201679287285499405412654740659745,spine,spine,ischium_bottom,126.16,131.74,0.0515,False,,,False,False
b46f8856ce,2.25.167344201679287285499405412654740659745,spine,spine,shaft_lateral,124.5,86.55,0.0201,False,,,False,False
b46f8856ce,2.25.167344201679287285499405412654740659745,spine,spine,shaft_medial,151.47,237.18,0.0403,False,,,False,False
5373dc97e6,2.25.286999464611662854355201599068538813496,spine,spine,th12_top,147.25,10.25,0.0519,True,146.92,21.77,True,True
5373dc97e6,2.25.286999464611662854355201599068538813496,spine,spine,th12_bottom,148.15,12.74,0.1041,False,149.78,63.97,True,True
5373dc97e6,2.25.286999464611662854355201599068538813496,spine,spine,l1_center,147.07,36.83,0.1945,True,151.51,92.49,True,True
5373dc97e6,2.25.286999464611662854355201599068538813496,spine,spine,l2_center,156.01,124.62,0.3647,True,154.73,129.43,True,True
5373dc97e6,2.25.286999464611662854355201599068538813496,spine,spine,l3_center,156.66,178.94,0.3633,True,154.85,179.77,True,True
5373dc97e6,2.25.286999464611662854355201599068538813496,spine,spine,l4_center,151.51,237.31,0.2901,True,150.94,234.81,True,True
5373dc97e6,2.25.286999464611662854355201599068538813496,spine,spine,iliac_right,25.83,253.16,0.1912,True,26.88,252.54,True,True
5373dc97e6,2.25.286999464611662854355201599068538813496,spine,spine,iliac_left,258.67,259.3,0.1859,True,261.45,258.59,True,True
5373dc97e6,2.25.286999464611662854355201599068538813496,spine,spine,disc_th12_l1,148.12,16.79,0.1322,True,150.2,67.21,True,True
5373dc97e6,2.25.286999464611662854355201599068538813496,spine,spine,disc_l1_l2,153.43,103.64,0.2176,False,,,False,True
5373dc97e6,2.25.286999464611662854355201599068538813496,spine,spine,disc_l2_l3,156.79,150.61,0.3799,True,156.48,152.33,True,True
5373dc97e6,2.25.286999464611662854355201599068538813496,spine,spine,disc_l3_l4,154.65,207.21,0.3381,True,154.97,208.03,True,True
5373dc97e6,2.25.286999464611662854355201599068538813496,spine,spine,disc_l4_l5,147.72,267.17,0.1075,True,152.13,263.95,True,True
5373dc97e6,2.25.286999464611662854355201599068538813496,spine,spine,l1_edge_right,116.86,35.85,0.2098,True,112.45,92.49,True,True
5373dc97e6,2.25.286999464611662854355201599068538813496,spine,spine,l1_edge_left,178.02,37.56,0.2594,True,189.25,87.19,True,True
5373dc97e6,2.25.286999464611662854355201599068538813496,spine,spine,l2_edge_right,119.72,128.91,0.3554,True,122.29,129.18,True,True
5373dc97e6,2.25.286999464611662854355201599068538813496,spine,spine,l2_edge_left,188.86,127.79,0.3039,True,187.74,127.29,True,True
5373dc97e6,2.25.286999464611662854355201599068538813496,spine,spine,l3_edge_right,119.97,179.88,0.4307,True,122.29,179.88,True,True
5373dc97e6,2.25.286999464611662854355201599068538813496,spine,spine,l3_edge_left,192.67,181.54,0.5244,True,192.66,180.26,True,True
5373dc97e6,2.25.286999464611662854355201599068538813496,spine,spine,l4_edge_right,114.95,235.86,0.2916,True,117.37,237.01,True,True
5373dc97e6,2.25.286999464611662854355201599068538813496,spine,spine,l4_edge_left,189.12,241.05,0.4117,True,190.77,238.9,True,True
5373dc97e6,2.25.286999464611662854355201599068538813496,spine,spine,trochanter_major,146.14,36.67,0.0146,False,,,False,False
5373dc97e6,2.25.286999464611662854355201599068538813496,spine,spine,trochanter_lateral,119.6,179.41,0.0352,False,,,False,False
5373dc97e6,2.25.286999464611662854355201599068538813496,spine,spine,trochanter_minor,157.21,180.03,0.0578,False,,,False,False
5373dc97e6,2.25.286999464611662854355201599068538813496,spine,spine,femoral_head_center,150.03,66.4,0.0328,False,,,False,False
5373dc97e6,2.25.286999464611662854355201599068538813496,spine,spine,neck_center,146.93,38.1,0.0337,False,,,False,False
5373dc97e6,2.25.286999464611662854355201599068538813496,spine,spine,ischium_bottom,117.84,131.48,0.0485,False,,,False,False
5373dc97e6,2.25.286999464611662854355201599068538813496,spine,spine,shaft_lateral,243.2,263.3,0.0166,False,,,False,False
5373dc97e6,2.25.286999464611662854355201599068538813496,spine,spine,shaft_medial,152.55,238.24,0.0317,False,,,False,False
46023511b4,2.25.13983650679559142983913935144968795415,spine,spine,th12_top,148.52,3.02,0.1039,True,,,False,True
46023511b4,2.25.13983650679559142983913935144968795415,spine,spine,th12_bottom,146.71,45.93,0.3695,True,147.96,47.49,True,True
46023511b4,2.25.13983650679559142983913935144968795415,spine,spine,l1_center,146.83,72.34,0.3724,True,148.72,72.25,True,True
46023511b4,2.25.13983650679559142983913935144968795415,spine,spine,l2_center,145.74,123.0,0.3907,True,147.21,122.88,True,True
46023511b4,2.25.13983650679559142983913935144968795415,spine,spine,l3_center,146.99,176.88,0.461,True,147.5,178.6,True,True
46023511b4,2.25.13983650679559142983913935144968795415,spine,spine,l4_center,149.41,233.26,0.3195,True,148.21,234.22,True,True
46023511b4,2.25.13983650679559142983913935144968795415,spine,spine,iliac_right,22.36,234.88,0.206,True,7.91,232.63,True,True
46023511b4,2.25.13983650679559142983913935144968795415,spine,spine,iliac_left,277.02,233.87,0.1432,True,278.19,233.77,True,True
46023511b4,2.25.13983650679559142983913935144968795415,spine,spine,disc_th12_l1,146.86,50.62,0.4322,True,147.93,51.73,True,True
46023511b4,2.25.13983650679559142983913935144968795415,spine,spine,disc_l1_l2,147.33,98.14,0.3376,True,147.52,99.18,True,True
46023511b4,2.25.13983650679559142983913935144968795415,spine,spine,disc_l2_l3,146.51,147.85,0.3785,True,147.52,147.87,True,True
46023511b4,2.25.13983650679559142983913935144968795415,spine,spine,disc_l3_l4,149.31,205.06,0.3812,True,148.23,204.83,True,True
46023511b4,2.25.13983650679559142983913935144968795415,spine,spine,disc_l4_l5,147.69,268.35,0.0861,True,149.39,258.13,True,True
46023511b4,2.25.13983650679559142983913935144968795415,spine,spine,l1_edge_right,116.15,73.7,0.4399,True,116.84,71.56,True,True
46023511b4,2.25.13983650679559142983913935144968795415,spine,spine,l1_edge_left,177.14,74.66,0.4816,True,177.71,71.94,True,True
46023511b4,2.25.13983650679559142983913935144968795415,spine,spine,l2_edge_right,114.95,124.28,0.4705,True,115.71,126.79,True,True
46023511b4,2.25.13983650679559142983913935144968795415,spine,spine,l2_edge_left,176.54,124.52,0.419,True,176.96,124.91,True,True
46023511b4,2.25.13983650679559142983913935144968795415,spine,spine,l3_edge_right,114.52,176.59,0.4828,True,114.59,176.77,True,True
46023511b4,2.25.13983650679559142983913935144968795415,spine,spine,l3_edge_left,178.89,178.06,0.3652,True,179.21,179.02,True,True
46023511b4,2.25.13983650679559142983913935144968795415,spine,spine,l4_edge_right,111.63,230.81,0.3594,True,113.84,234.25,True,True
46023511b4,2.25.13983650679559142983913935144968795415,spine,spine,l4_edge_left,185.14,233.57,0.2828,True,184.1,233.88,True,True
46023511b4,2.25.13983650679559142983913935144968795415,spine,spine,trochanter_major,146.59,70.43,0.0481,False,,,False,False
46023511b4,2.25.13983650679559142983913935144968795415,spine,spine,trochanter_lateral,146.98,45.58,0.065,False,,,False,False
46023511b4,2.25.13983650679559142983913935144968795415,spine,spine,trochanter_minor,148.55,177.81,0.0446,False,,,False,False
46023511b4,2.25.13983650679559142983913935144968795415,spine,spine,femoral_head_center,147.11,49.79,0.0473,False,,,False,False
46023511b4,2.25.13983650679559142983913935144968795415,spine,spine,neck_center,146.77,50.33,0.0557,False,,,False,False
46023511b4,2.25.13983650679559142983913935144968795415,spine,spine,ischium_bottom,113.49,127.89,0.0452,False,,,False,False
46023511b4,2.25.13983650679559142983913935144968795415,spine,spine,shaft_lateral,115.0,78.65,0.0191,False,,,False,False
46023511b4,2.25.13983650679559142983913935144968795415,spine,spine,shaft_medial,150.57,234.1,0.0317,False,,,False,False
a09bca8c4b,2.25.144941557565802351596730914409170713112,spine,spine,th12_top,131.93,2.62,0.0525,True,,,False,True
a09bca8c4b,2.25.144941557565802351596730914409170713112,spine,spine,th12_bottom,142.12,39.8,0.2909,True,142.68,39.13,True,True
a09bca8c4b,2.25.144941557565802351596730914409170713112,spine,spine,l1_center,144.17,68.98,0.2312,True,144.57,71.34,True,True
a09bca8c4b,2.25.144941557565802351596730914409170713112,spine,spine,l2_center,145.81,119.79,0.2152,True,145.36,120.93,True,True
a09bca8c4b,2.25.144941557565802351596730914409170713112,spine,spine,l3_center,145.06,171.87,0.481,True,145.08,171.82,True,True
a09bca8c4b,2.25.144941557565802351596730914409170713112,spine,spine,l4_center,145.8,229.7,0.1046,True,146.8,233.11,True,True
a09bca8c4b,2.25.144941557565802351596730914409170713112,spine,spine,iliac_right,28.22,268.92,0.0827,True,30.74,267.39,True,True
a09bca8c4b,2.25.144941557565802351596730914409170713112,spine,spine,iliac_left,292.82,262.2,0.1874,True,290.63,262.31,True,True
a09bca8c4b,2.25.144941557565802351596730914409170713112,spine,spine,disc_th12_l1,142.21,45.15,0.3055,True,142.97,48.63,True,True
a09bca8c4b,2.25.144941557565802351596730914409170713112,spine,spine,disc_l1_l2,146.0,95.43,0.092,False,145.53,90.36,True,True
a09bca8c4b,2.25.144941557565802351596730914409170713112,spine,spine,disc_l2_l3,145.55,145.49,0.2492,True,145.45,146.55,True,True
a09bca8c4b,2.25.144941557565802351596730914409170713112,spine,spine,disc_l3_l4,144.64,199.39,0.4193,True,145.79,199.69,True,True
a09bca8c4b,2.25.144941557565802351596730914409170713112,spine,spine,disc_l4_l5,148.32,279.68,0.1414,True,148.03,266.64,True,True
a09bca8c4b,2.25.144941557565802351596730914409170713112,spine,spine,l1_edge_right,108.07,74.98,0.4119,True,107.61,70.52,True,True
a09bca8c4b,2.25.144941557565802351596730914409170713112,spine,spine,l1_edge_left,179.21,67.26,0.3814,True,180.46,68.01,True,True
a09bca8c4b,2.25.144941557565802351596730914409170713112,spine,spine,l2_edge_right,109.26,122.41,0.3499,True,111.38,122.43,True,True
a09bca8c4b,2.25.144941557565802351596730914409170713112,spine,spine,l2_edge_left,183.32,116.79,0.211,True,182.97,122.43,True,True
a09bca8c4b,2.25.144941557565802351596730914409170713112,spine,spine,l3_edge_right,105.07,173.94,0.4291,True,104.26,176.44,True,True
a09bca8c4b,2.25.144941557565802351596730914409170713112,spine,spine,l3_edge_left,184.21,171.99,0.3667,True,185.06,172.67,True,True
a09bca8c4b,2.25.144941557565802351596730914409170713112,spine,spine,l4_edge_right,103.19,242.92,0.21,True,101.33,231.28,True,True
a09bca8c4b,2.25.144941557565802351596730914409170713112,spine,spine,l4_edge_left,188.37,226.82,0.0989,True,187.15,232.12,True,True
a09bca8c4b,2.25.144941557565802351596730914409170713112,spine,spine,trochanter_major,146.34,86.86,0.0171,False,,,False,False
a09bca8c4b,2.25.144941557565802351596730914409170713112,spine,spine,trochanter_lateral,143.53,39.55,0.0374,False,,,False,False
a09bca8c4b,2.25.144941557565802351596730914409170713112,spine,spine,trochanter_minor,145.52,172.39,0.0583,False,,,False,False
a09bca8c4b,2.25.144941557565802351596730914409170713112,spine,spine,femoral_head_center,143.26,45.8,0.0381,False,,,False,False
a09bca8c4b,2.25.144941557565802351596730914409170713112,spine,spine,neck_center,142.25,46.08,0.0439,False,,,False,False
a09bca8c4b,2.25.144941557565802351596730914409170713112,spine,spine,ischium_bottom,108.38,126.7,0.0342,False,,,False,False
a09bca8c4b,2.25.144941557565802351596730914409170713112,spine,spine,shaft_lateral,105.02,81.23,0.0214,False,,,False,False
a09bca8c4b,2.25.144941557565802351596730914409170713112,spine,spine,shaft_medial,146.55,232.99,0.0263,False,,,False,False
3d7450313b,2.25.307021710202910067378603383388989711646,spine,spine,th12_top,153.13,15.78,0.0938,True,154.43,16.54,True,True
3d7450313b,2.25.307021710202910067378603383388989711646,spine,spine,th12_bottom,154.55,53.43,0.2718,True,154.28,53.75,True,True
3d7450313b,2.25.307021710202910067378603383388989711646,spine,spine,l1_center,153.8,79.41,0.3704,True,153.64,80.72,True,True
3d7450313b,2.25.307021710202910067378603383388989711646,spine,spine,l2_center,153.93,129.81,0.4175,True,155.35,131.53,True,True
3d7450313b,2.25.307021710202910067378603383388989711646,spine,spine,l3_center,156.09,182.99,0.4802,True,156.73,185.25,True,True
3d7450313b,2.25.307021710202910067378603383388989711646,spine,spine,l4_center,156.66,241.31,0.2804,True,155.87,239.97,True,True
3d7450313b,2.25.307021710202910067378603383388989711646,spine,spine,iliac_right,30.09,265.19,0.1423,True,31.45,267.05,True,True
3d7450313b,2.25.307021710202910067378603383388989711646,spine,spine,iliac_left,277.04,255.02,0.1119,True,272.56,255.52,True,True
3d7450313b,2.25.307021710202910067378603383388989711646,spine,spine,disc_th12_l1,154.38,57.25,0.3776,True,154.05,57.53,True,True
3d7450313b,2.25.307021710202910067378603383388989711646,spine,spine,disc_l1_l2,153.8,104.27,0.3979,True,156.4,104.46,True,True
3d7450313b,2.25.307021710202910067378603383388989711646,spine,spine,disc_l2_l3,155.97,154.19,0.4596,True,157.17,154.49,True,True
3d7450313b,2.25.307021710202910067378603383388989711646,spine,spine,disc_l3_l4,156.06,210.26,0.4857,True,156.66,210.38,True,True
3d7450313b,2.25.307021710202910067378603383388989711646,spine,spine,disc_l4_l5,155.6,268.06,0.3298,True,156.27,267.47,True,True
3d7450313b,2.25.307021710202910067378603383388989711646,spine,spine,l1_edge_right,121.9,80.01,0.1888,True,120.96,79.15,True,True
3d7450313b,2.25.307021710202910067378603383388989711646,spine,spine,l1_edge_left,185.48,81.34,0.258,True,185.45,79.15,True,True
3d7450313b,2.25.307021710202910067378603383388989711646,spine,spine,l2_edge_right,121.23,130.95,0.4161,True,119.3,131.66,True,True
3d7450313b,2.25.307021710202910067378603383388989711646,spine,spine,l2_edge_left,186.62,129.24,0.4261,True,187.11,130.42,True,True
3d7450313b,2.25.307021710202910067378603383388989711646,spine,spine,l3_edge_right,120.42,184.18,0.4559,True,120.96,185.0,True,True
3d7450313b,2.25.307021710202910067378603383388989711646,spine,spine,l3_edge_left,190.4,183.29,0.4432,True,190.83,184.17,True,True
3d7450313b,2.25.307021710202910067378603383388989711646,spine,spine,l4_edge_right,120.1,240.21,0.3717,True,117.65,240.4,True,True
3d7450313b,2.25.307021710202910067378603383388989711646,spine,spine,l4_edge_left,194.2,242.72,0.3212,True,194.96,240.4,True,True
3d7450313b,2.25.307021710202910067378603383388989711646,spine,spine,trochanter_major,153.7,77.31,0.044,False,,,False,False
3d7450313b,2.25.307021710202910067378603383388989711646,spine,spine,trochanter_lateral,155.03,52.73,0.0443,False,,,False,False
3d7450313b,2.25.307021710202910067378603383388989711646,spine,spine,trochanter_minor,157.24,183.65,0.0466,False,,,False,False
3d7450313b,2.25.307021710202910067378603383388989711646,spine,spine,femoral_head_center,154.81,57.14,0.0605,False,,,False,False
3d7450313b,2.25.307021710202910067378603383388989711646,spine,spine,neck_center,153.68,57.61,0.0312,False,,,False,False
3d7450313b,2.25.307021710202910067378603383388989711646,spine,spine,ischium_bottom,120.56,83.38,0.0437,False,,,False,False
3d7450313b,2.25.307021710202910067378603383388989711646,spine,spine,shaft_lateral,120.06,86.46,0.0173,False,,,False,False
3d7450313b,2.25.307021710202910067378603383388989711646,spine,spine,shaft_medial,157.54,242.32,0.0296,False,,,False,False
66accf1f2b,2.25.217397325224876728316360420804118329081,spine,spine,th12_top,148.82,20.54,0.0748,True,,,False,True
66accf1f2b,2.25.217397325224876728316360420804118329081,spine,spine,th12_bottom,148.9,12.17,0.2424,True,148.86,9.59,True,True
66accf1f2b,2.25.217397325224876728316360420804118329081,spine,spine,l1_center,150.06,42.62,0.2949,True,151.47,40.43,True,True
66accf1f2b,2.25.217397325224876728316360420804118329081,spine,spine,l2_center,151.51,87.88,0.2658,True,152.36,88.14,True,True
66accf1f2b,2.25.217397325224876728316360420804118329081,spine,spine,l3_center,155.29,141.92,0.4244,True,155.14,140.9,True,True
66accf1f2b,2.25.217397325224876728316360420804118329081,spine,spine,l4_center,160.43,199.03,0.4405,True,160.69,198.49,True,True
66accf1f2b,2.25.217397325224876728316360420804118329081,spine,spine,iliac_right,36.75,254.3,0.1867,True,39.94,253.72,True,True
66accf1f2b,2.25.217397325224876728316360420804118329081,spine,spine,iliac_left,293.15,235.53,0.1972,True,286.56,236.99,True,True
66accf1f2b,2.25.217397325224876728316360420804118329081,spine,spine,disc_th12_l1,149.12,17.45,0.3387,True,148.39,17.99,True,True
66accf1f2b,2.25.217397325224876728316360420804118329081,spine,spine,disc_l1_l2,150.2,69.72,0.1408,False,150.13,66.43,True,True
66accf1f2b,2.25.217397325224876728316360420804118329081,spine,spine,disc_l2_l3,152.72,113.37,0.2252,True,153.71,112.23,True,True
66accf1f2b,2.25.217397325224876728316360420804118329081,spine,spine,disc_l3_l4,157.75,169.23,0.519,True,157.3,168.44,True,True
66accf1f2b,2.25.217397325224876728316360420804118329081,spine,spine,disc_l4_l5,164.42,227.9,0.3646,True,163.97,226.36,True,True
66accf1f2b,2.25.217397325224876728316360420804118329081,spine,spine,l1_edge_right,117.77,44.87,0.231,True,115.99,44.01,True,True
66accf1f2b,2.25.217397325224876728316360420804118329081,spine,spine,l1_edge_left,181.49,40.91,0.2387,True,187.11,38.64,True,True
66accf1f2b,2.25.217397325224876728316360420804118329081,spine,spine,l2_edge_right,119.3,92.05,0.2871,True,119.3,90.32,True,True
66accf1f2b,2.25.217397325224876728316360420804118329081,spine,spine,l2_edge_left,182.27,86.83,0.4197,True,184.63,84.12,True,True
66accf1f2b,2.25.217397325224876728316360420804118329081,spine,spine,l3_edge_right,120.55,145.55,0.4427,True,120.54,144.06,True,True
66accf1f2b,2.25.217397325224876728316360420804118329081,spine,spine,l3_edge_left,188.34,140.24,0.4683,True,187.93,138.69,True,True
66accf1f2b,2.25.217397325224876728316360420804118329081,spine,spine,l4_edge_right,125.84,202.76,0.4229,True,125.92,199.05,True,True
66accf1f2b,2.25.217397325224876728316360420804118329081,spine,spine,l4_edge_left,197.05,195.18,0.4889,True,197.03,194.09,True,True
66accf1f2b,2.25.217397325224876728316360420804118329081,spine,spine,trochanter_major,151.12,84.74,0.0303,False,,,False,False
66accf1f2b,2.25.217397325224876728316360420804118329081,spine,spine,trochanter_lateral,149.71,11.22,0.0371,False,,,False,False
66accf1f2b,2.25.217397325224876728316360420804118329081,spine,spine,trochanter_minor,155.46,142.27,0.0242,False,,,False,False
66accf1f2b,2.25.217397325224876728316360420804118329081,spine,spine,femoral_head_center,149.37,16.3,0.0508,False,,,False,False
66accf1f2b,2.25.217397325224876728316360420804118329081,spine,spine,neck_center,149.1,17.92,0.0584,False,,,False,False
66accf1f2b,2.25.217397325224876728316360420804118329081,spine,spine,ischium_bottom,118.23,95.64,0.052,False,,,False,False
66accf1f2b,2.25.217397325224876728316360420804118329081,spine,spine,shaft_lateral,292.02,236.06,0.0175,False,,,False,False
66accf1f2b,2.25.217397325224876728316360420804118329081,spine,spine,shaft_medial,160.85,199.82,0.0401,False,,,False,False
